# Blender 5.0.0
# www.blender.org
mtllib player.mtl
o Raven_sketchfab
v 0.028012 -0.712628 0.679083
v -0.030618 -0.712628 0.679083
v 0.028012 -0.633892 0.861801
v -0.030618 -0.633892 0.861801
v 0.028012 -0.875770 0.894362
v -0.030618 -0.875770 0.894362
v 0.028012 -0.954472 0.802064
v -0.030618 -0.954472 0.802064
v 0.261483 -0.186757 0.852697
v 0.261483 -0.331428 0.481533
v 0.261483 -0.358368 0.852438
v 0.261483 -0.615755 0.630962
v 0.261483 0.146998 0.724404
v 0.261483 0.129401 0.474002
v 0.261483 -0.149970 0.831582
v 0.261483 -0.279392 0.487160
v -0.000000 0.146076 0.726057
v -0.253009 0.146076 0.726057
v 0.000000 -0.144930 0.845615
v -0.253009 -0.144930 0.845615
v -0.000000 0.146076 0.726057
v 0.253009 0.146076 0.726057
v 0.253009 -0.144930 0.845615
v -0.261734 0.146998 0.724404
v -0.261734 0.129401 0.474002
v -0.261734 -0.149970 0.831582
v -0.261734 -0.279392 0.487160
v -0.261734 -0.186757 0.852697
v -0.261734 -0.331428 0.481533
v -0.261734 -0.358368 0.852438
v -0.261734 -0.615755 0.630962
v 0.255335 0.146998 0.724404
v 0.255335 0.129401 0.474002
v 0.255335 -0.149970 0.831582
v 0.255335 -0.279392 0.487160
v 0.255335 -0.186757 0.852697
v 0.255335 -0.331428 0.481533
v 0.255335 -0.358368 0.852438
v 0.255335 -0.615755 0.630962
v -0.252710 -0.186757 0.852697
v -0.252710 -0.331428 0.481533
v -0.252710 -0.358368 0.852438
v -0.252710 -0.615755 0.630962
v -0.252710 0.146998 0.724404
v -0.252710 0.129401 0.474002
v -0.252710 -0.149970 0.831582
v -0.252710 -0.279392 0.487160
v -0.000000 0.146076 0.716049
v -0.253009 0.146076 0.716049
v 0.000000 -0.144930 0.835607
v -0.253009 -0.144930 0.835607
v -0.000000 0.146076 0.716049
v 0.253009 0.146076 0.716049
v 0.253009 -0.144930 0.835607
v -0.271690 0.131735 0.462687
v 0.000000 0.159348 0.738242
v -0.271690 0.159348 0.738242
v 0.000000 -0.615391 0.886057
v -0.271690 -0.615391 0.886057
v 0.000000 -0.730244 0.671622
v -0.271690 -0.730244 0.671622
v 0.000000 -0.196649 0.890117
v -0.271690 -0.196649 0.890117
v -0.271690 -0.346575 0.467612
v 0.000000 0.158173 0.707260
v -0.271690 -0.203162 0.842199
v -0.271690 -0.655836 0.842199
v 0.000000 -0.655836 0.842199
v 0.000000 -0.135119 0.857299
v -0.271690 -0.135119 0.857299
v -0.271690 -0.140709 0.812308
v 0.000000 0.136311 0.750528
v -0.271690 0.134791 0.718451
v -0.244130 0.131870 0.462158
v -0.244126 -0.135119 0.857299
v -0.244126 0.136311 0.750528
v -0.244126 0.158173 0.707260
v 0.000000 -0.140709 0.812308
v -0.243352 -0.140709 0.812308
v 0.000000 0.134791 0.713224
v -0.244076 0.134791 0.718451
v -0.271690 -0.625638 0.607868
v -0.271690 -0.356777 0.842199
v 0.000000 -0.203162 0.842199
v 0.000000 -0.356777 0.842199
v -0.221766 -0.203162 0.842199
v -0.249635 -0.346575 0.467612
v -0.271690 0.106399 0.488601
v -0.244076 0.106399 0.488601
v -0.271690 -0.333799 0.500982
v -0.271690 -0.262765 0.498319
v -0.243352 -0.262765 0.498319
v -0.249635 -0.333799 0.500982
v -0.248117 -0.625638 0.607868
v 0.000000 -0.625638 0.607868
v -0.271690 -0.599644 0.630524
v -0.248117 -0.599644 0.630524
v 0.271690 0.131735 0.462687
v 0.271690 0.159348 0.738242
v 0.271690 -0.615391 0.886057
v 0.271690 -0.730244 0.671622
v 0.271690 -0.196649 0.890117
v 0.271690 -0.346575 0.467612
v 0.271690 -0.203162 0.842199
v 0.271690 -0.655836 0.842199
v 0.271690 -0.135119 0.857299
v 0.271690 -0.140709 0.812308
v 0.271690 0.134791 0.718451
v 0.244130 0.131870 0.462158
v 0.244126 -0.135119 0.857299
v 0.244126 0.136311 0.750528
v 0.244126 0.158173 0.707260
v 0.243352 -0.140709 0.812308
v 0.244076 0.134791 0.718451
v 0.271690 -0.625638 0.607868
v 0.271690 -0.356777 0.842199
v 0.221766 -0.203162 0.842199
v 0.249635 -0.346575 0.467612
v 0.271690 0.106399 0.488601
v 0.244076 0.106399 0.488601
v 0.271690 -0.333799 0.500982
v 0.271690 -0.262765 0.498319
v 0.243352 -0.262765 0.498319
v 0.249635 -0.333799 0.500982
v 0.248117 -0.625638 0.607868
v 0.271690 -0.599644 0.630524
v 0.248117 -0.599644 0.630524
v -0.284009 0.226539 0.645935
v -0.284009 0.285031 0.478940
v -0.284009 0.168174 0.711559
v -0.284009 0.149557 0.484048
v 0.297499 -0.981913 0.173980
v 0.297499 -0.601587 0.173980
v 0.297499 0.409262 0.662389
v 0.297499 0.409262 0.173980
v 0.245646 2.664855 0.215987
v 0.297499 1.860456 0.280323
v 0.297499 1.860456 0.435696
v 0.297499 -0.753946 0.674838
v 0.297499 -0.279628 0.504766
v 0.297499 0.608999 0.500558
v 0.297499 0.276965 0.491206
v 0.297499 0.220848 0.640897
v 0.297499 0.156306 0.726896
v 0.000000 0.156306 0.726896
v 0.000000 1.860456 0.502302
v 0.000000 2.681900 0.266934
v 0.000000 -0.981913 0.173980
v 0.000000 -0.753946 0.674838
v 0.297499 -0.618178 0.674838
v 0.263628 0.409262 0.684357
v 0.000000 0.177873 0.743058
v 0.263628 0.177873 0.743058
v 0.263628 0.608998 0.522526
v 0.000000 0.608999 0.567164
v 0.000000 0.182863 0.702632
v 0.263628 0.182863 0.702632
v 0.263628 0.401649 0.646504
v 0.000000 0.156306 0.721310
v 0.000000 0.172714 0.697346
v 0.270962 -0.730244 0.674838
v 0.270962 -0.618178 0.674838
v 0.270962 -0.279628 0.504766
v 0.270962 0.276965 0.491206
v 0.270962 0.220848 0.640897
v 0.000000 -0.730244 0.674838
v 0.270962 0.172714 0.697346
v 0.000000 -0.878584 0.277658
v 0.279085 -0.878584 0.277658
v 0.263628 0.515360 0.277658
v 0.000000 0.515360 0.322296
v 0.270894 0.156306 0.721310
v 0.297499 0.174699 0.698394
v 0.297499 0.238218 0.173980
v 0.297499 0.158536 0.492921
v 0.270962 0.158536 0.492921
v 0.266244 0.279492 0.277658
v 0.297499 0.134740 0.493500
v 0.270962 0.134740 0.493500
v -0.297499 -0.981913 0.173980
v -0.297499 -0.601587 0.173980
v -0.297499 0.409262 0.662389
v -0.297499 0.409262 0.173980
v -0.245646 2.664855 0.215987
v -0.297499 1.860456 0.280323
v -0.297499 1.860456 0.435696
v -0.297499 -0.753946 0.674838
v -0.297499 -0.279628 0.504766
v -0.297499 0.608999 0.500558
v -0.297499 0.276965 0.491206
v -0.297499 0.220848 0.640897
v -0.297499 0.156306 0.726896
v -0.297499 -0.618178 0.674838
v -0.263628 0.409262 0.684357
v -0.263628 0.177873 0.743058
v -0.263628 0.608998 0.522526
v -0.263628 0.182863 0.702632
v -0.263628 0.401649 0.646504
v -0.270962 -0.730244 0.674838
v -0.270962 -0.618178 0.674838
v -0.270962 -0.279628 0.504766
v -0.270962 0.276965 0.491206
v -0.270962 0.220848 0.640897
v -0.270962 0.172714 0.697346
v -0.279085 -0.878584 0.277658
v -0.263628 0.515360 0.277658
v -0.270894 0.156306 0.721310
v -0.297499 0.174699 0.698394
v -0.297499 0.238218 0.173980
v -0.297499 0.158536 0.492921
v -0.270962 0.158536 0.492921
v -0.266244 0.279492 0.277658
v -0.297499 0.134740 0.493500
v -0.270962 0.134740 0.493500
v -0.221082 2.664855 0.237955
v -0.267749 1.860456 0.457665
v -0.237265 0.515360 0.277658
v 0.221082 2.664855 0.237955
v 0.267749 1.860456 0.457665
v 0.237265 0.515360 0.277658
v -0.459719 0.333064 -0.290079
v -0.408910 0.333064 -0.535105
v -0.873866 -1.596397 -0.535105
v -1.106411 -1.596397 -0.535105
v -0.888233 -1.596397 -0.290079
v -1.161089 -1.596397 -0.290079
v -0.420149 -0.102995 -0.535105
v -0.531149 -0.106093 -0.535105
v -0.581958 -0.106093 -0.290079
v -0.416614 -0.791604 -0.535105
v -0.759892 -0.788826 -0.535105
v -0.826607 -0.788826 -0.290079
v -0.576281 -1.174958 -0.535105
v -0.988361 -1.160333 -0.535105
v -1.067529 -1.160333 -0.290079
v -0.573036 -1.174958 -0.290079
v -0.769948 -1.364476 -0.535105
v -1.054763 -1.362545 -0.535105
v -1.135952 -1.362545 -0.290079
v -0.805739 -1.364476 -0.290079
v -0.878297 -2.071424 -0.535105
v -1.106411 -2.071424 -0.535105
v -1.161089 -2.071424 -0.290079
v -0.893149 -2.071424 -0.290079
v 0.000000 4.024219 -0.132364
v 0.210686 3.424008 -0.130465
v 0.000000 3.941148 0.122513
v 0.191962 3.424008 0.150681
v 0.000000 -1.230191 0.286233
v 0.000000 -1.230191 -0.534962
v 0.000000 1.176258 0.286233
v 0.420149 1.176258 0.286233
v 0.420149 1.176258 -0.310544
v 0.604067 -1.194593 -0.534962
v 0.580113 -1.194593 0.286233
v 0.000000 -1.021479 0.286233
v 0.000000 2.282634 0.232310
v 0.373401 2.282634 0.232310
v 0.416880 2.083375 -0.123971
v 0.000000 2.083375 -0.130466
v 0.372759 1.176258 -0.655836
v 0.000000 1.176258 -0.655836
v 0.318929 1.770617 -0.655836
v 0.000000 1.770617 -0.655836
v 0.000000 -0.389387 0.286233
v 0.420149 -0.188724 0.286233
v 0.470549 -0.188724 -0.310544
v 0.423160 -0.188724 -0.655836
v 0.000000 -0.188724 -0.655836
v 0.000000 3.424008 -0.130465
v 0.000000 3.424008 0.153814
v 0.470710 1.176258 -0.012155
v 0.470710 -0.188724 -0.012155
v 0.082051 3.749403 0.127022
v 0.047934 3.898775 0.122513
v 0.110170 3.776344 0.126790
v 0.047934 3.981846 -0.132364
v 0.110170 3.824620 -0.132364
v 0.000000 3.772725 -0.132364
v 0.000000 3.888022 0.123765
v 0.150628 3.424008 0.151141
v 0.327199 2.282634 0.232310
v 0.372842 1.176258 0.286233
v 0.035273 3.850198 0.124167
v 0.420149 0.329402 0.286233
v 0.470710 0.329403 -0.012155
v 0.447515 0.329403 -0.310544
v 0.400126 0.329403 -0.655836
v 0.000000 0.329403 -0.655836
v 0.000000 0.299800 0.286233
v 0.000000 2.285053 0.300184
v 0.000000 1.184316 0.318323
v 0.305743 2.284987 0.299246
v 0.350113 1.184316 0.318323
v 0.081079 3.737084 0.196527
v 0.145319 3.400279 0.221664
v 0.000000 3.405985 0.222627
v 0.000000 3.864647 0.193420
v 0.038282 3.831393 0.193372
v -0.210686 3.424008 -0.130465
v -0.191962 3.424008 0.150681
v -0.420149 1.176258 0.286233
v -0.420149 1.176258 -0.310544
v -0.604067 -1.194593 -0.534962
v -0.580113 -1.194593 0.286233
v -0.373401 2.282634 0.232310
v -0.416880 2.083375 -0.123971
v -0.372759 1.176258 -0.655836
v -0.318929 1.770617 -0.655836
v -0.420149 -0.188724 0.286233
v -0.470549 -0.188724 -0.310544
v -0.423160 -0.188724 -0.655836
v -0.470710 1.176258 -0.012155
v -0.470710 -0.188724 -0.012155
v -0.082051 3.749403 0.127022
v -0.047934 3.898775 0.122513
v -0.110170 3.776344 0.126790
v -0.047934 3.981846 -0.132364
v -0.110170 3.824620 -0.132364
v -0.150628 3.424008 0.151141
v -0.327199 2.282634 0.232310
v -0.372842 1.176258 0.286233
v -0.035273 3.850198 0.124167
v -0.420149 0.329402 0.286233
v -0.470710 0.329403 -0.012155
v -0.447515 0.329403 -0.310544
v -0.400126 0.329403 -0.655836
v -0.305743 2.284987 0.299246
v -0.350113 1.184316 0.318323
v -0.081079 3.737084 0.196527
v -0.145319 3.400279 0.221664
v -0.038282 3.831393 0.193372
v 0.091576 3.739834 -0.302094
v 0.086133 3.835503 -0.130465
v 0.282227 1.816781 -0.130466
v 0.282227 1.816781 -0.480433
v -0.000000 3.880622 -0.302094
v -0.000000 1.816781 -0.515102
v -0.000000 3.976291 -0.130465
v 0.034205 3.843630 -0.302094
v 0.032377 3.939299 -0.130465
v 0.206583 1.816781 -0.488781
v 0.111501 3.656035 -0.130465
v 0.110016 3.631528 -0.304246
v -0.000000 3.631530 -0.306729
v 0.000000 3.395795 -0.378095
v 0.165898 3.395794 -0.358655
v 0.194737 3.145252 -0.131257
v -0.000000 2.499270 -0.548154
v 0.264402 2.499269 -0.514710
v 0.264402 2.499270 -0.130466
v -0.000000 2.929211 -0.509145
v 0.220954 2.929211 -0.480677
v -0.000000 2.382941 -0.473858
v 0.267440 2.382940 -0.440169
v 0.270412 2.269166 -0.130466
v -0.000000 2.155392 -0.473858
v 0.273383 2.155391 -0.439732
v -0.000000 2.090376 -0.515102
v 0.275081 2.090375 -0.480861
v 0.275081 2.090375 -0.130466
v -0.091576 3.739834 -0.302094
v -0.086133 3.835503 -0.130465
v -0.282227 1.816781 -0.130466
v -0.282227 1.816781 -0.480433
v -0.034205 3.843630 -0.302094
v -0.032377 3.939299 -0.130465
v -0.206583 1.816781 -0.488781
v -0.111501 3.656035 -0.130465
v -0.110016 3.631528 -0.304246
v -0.165898 3.395794 -0.358655
v -0.194737 3.145252 -0.131257
v -0.264402 2.499269 -0.514710
v -0.264402 2.499270 -0.130466
v -0.220954 2.929211 -0.480677
v -0.267440 2.382940 -0.440169
v -0.270412 2.269166 -0.130466
v -0.273383 2.155391 -0.439732
v -0.275081 2.090375 -0.480861
v -0.275081 2.090375 -0.130466
v -0.122513 1.599791 -0.858190
v -0.122513 2.015999 -0.451786
v -0.122513 1.582088 -0.536732
v -0.122513 1.345087 -0.751454
v -0.122513 1.971789 -0.591266
v -0.122513 0.694802 -0.648897
v -0.122513 1.097595 -1.047606
v -0.122513 1.460322 -1.047606
v -0.122513 1.301041 -0.858190
v -0.122513 1.073316 -0.858190
v -0.122513 1.034229 -0.952908
v 0.000000 1.599791 -0.858190
v 0.000000 1.460322 -1.047606
v 0.000000 1.097595 -1.047606
v 0.000000 1.034229 -0.952908
v 0.000000 1.073316 -0.858190
v 0.000000 1.301041 -0.858190
v 0.000000 1.345087 -0.751454
v 0.000000 0.694802 -0.648897
v 0.000000 2.015999 -0.451786
v 0.000000 1.971789 -0.591266
v 0.122513 1.599791 -0.858190
v 0.122513 2.015999 -0.451786
v 0.122513 1.582088 -0.536732
v 0.122513 1.345087 -0.751454
v 0.122513 1.971789 -0.591266
v 0.122513 0.694802 -0.648897
v 0.122513 1.097595 -1.047606
v 0.122513 1.460322 -1.047606
v 0.122513 1.301041 -0.858190
v 0.122513 1.073316 -0.858190
v 0.122513 1.034229 -0.952908
v -1.944750 -1.995300 -0.124436
v -3.879911 -2.431774 -0.124436
v -4.155489 -2.016277 -0.124436
v -0.372099 0.582094 0.104526
v -0.389396 0.757316 -0.015872
v -0.372819 0.717324 0.078534
v -2.233591 -1.112231 0.077850
v -2.178328 -1.195603 0.104526
v -2.256482 -1.077697 -0.015872
v -0.543487 -1.005561 -0.017066
v -0.795570 -1.014692 0.104526
v -1.023233 -1.296715 0.078110
v -1.962387 -1.957241 0.078042
v -1.944750 -1.995300 -0.015872
v -2.004968 -1.865358 0.104526
v -3.962576 -2.307137 0.104526
v -3.879911 -2.431774 -0.015872
v -3.904124 -2.395269 0.078717
v -4.155489 -2.016277 -0.015872
v -4.077300 -2.134165 0.104526
v -4.132588 -2.050805 0.077850
v -0.433911 1.399534 -0.124436
v -2.535575 -0.711009 -0.124436
v -2.535575 -0.711009 -0.057501
v -0.433911 1.399534 -0.057501
v -4.163778 -1.659303 -0.124436
v -4.163778 -1.659303 -0.057501
v -3.408994 -1.693171 0.077850
v -3.431892 -1.658640 -0.015872
v -3.543368 -1.297965 -0.057501
v -3.543368 -1.297965 -0.124436
v -3.984354 -1.554803 -0.124436
v -3.984354 -1.554803 -0.057501
v -3.946224 -1.912848 -0.015872
v -3.923323 -1.947376 0.077850
v -0.372099 0.582094 -0.353398
v -0.389396 0.757316 -0.233000
v -0.372819 0.717324 -0.327405
v -2.233591 -1.112231 -0.326722
v -2.178328 -1.195603 -0.353398
v -2.256482 -1.077697 -0.233000
v -0.543487 -1.005561 -0.231805
v -0.795570 -1.014692 -0.353398
v -1.023233 -1.296715 -0.326982
v -1.962387 -1.957241 -0.326914
v -1.944750 -1.995300 -0.233000
v -2.004968 -1.865358 -0.353398
v -3.962576 -2.307137 -0.353398
v -3.879911 -2.431774 -0.233000
v -3.904124 -2.395269 -0.327589
v -4.155489 -2.016277 -0.233000
v -4.077300 -2.134165 -0.353398
v -4.132588 -2.050805 -0.326722
v -2.535575 -0.711009 -0.191371
v -0.433911 1.399534 -0.191371
v -4.163778 -1.659303 -0.191371
v -3.408994 -1.693171 -0.326722
v -3.431892 -1.658640 -0.233000
v -3.543368 -1.297965 -0.191371
v -3.984354 -1.554803 -0.191371
v -3.946224 -1.912848 -0.233000
v -3.923323 -1.947376 -0.326722
v -1.084638 -3.588589 0.290653
v -1.643000 -3.574425 -0.011280
v -1.008796 -2.261993 0.380193
v -0.936104 -2.261993 0.390833
v -1.944750 -1.995300 -0.015872
v -1.134067 -3.201330 0.379499
v -1.062468 -3.220113 0.380363
v -1.130146 -3.372357 1.464277
v -1.057756 -3.378735 1.470013
v -1.041626 -2.563032 0.673480
v -1.137246 -3.251722 0.646062
v -1.065546 -3.266425 0.648537
v -0.969042 -2.563032 0.682375
v -1.098182 -3.599509 1.339706
v -1.170048 -3.591578 1.334557
v -1.113167 -3.222487 1.312599
v -1.165757 -3.613148 1.276961
v -1.093890 -3.621618 1.281735
v -1.040736 -3.222487 1.319022
v -1.147372 -3.382694 0.707234
v -1.075637 -3.396731 0.709739
v -1.171454 -3.606827 1.371875
v -1.159406 -3.549565 1.460763
v -1.099604 -3.614616 1.377905
v -1.087474 -3.556860 1.466463
v -1.641967 -3.574072 -0.124436
v -1.094805 -3.575289 -0.124436
v -1.463436 -3.569690 0.088862
v -1.386355 -3.076733 0.200120
v -1.317757 -3.569690 0.296883
v -0.989614 -2.985288 -0.124436
v -0.818508 -2.066610 -0.124436
v -1.161010 -1.357486 0.059474
v -0.527579 -0.841473 0.214569
v -0.489355 -0.851498 0.214435
v -0.509478 -0.867145 0.026973
v -1.944750 -1.995300 -0.124436
v -1.167825 -1.368242 0.039205
v -0.530635 -0.841473 0.193766
v -1.084638 -3.588589 -0.539526
v -1.643000 -3.574425 -0.237593
v -1.008796 -2.261993 -0.629065
v -0.936104 -2.261993 -0.639705
v -1.944750 -1.995300 -0.233000
v -1.134067 -3.201330 -0.628371
v -1.062468 -3.220113 -0.629235
v -1.130146 -3.372357 -1.713149
v -1.057756 -3.378734 -1.718885
v -1.041626 -2.563032 -0.922352
v -1.137246 -3.251722 -0.894934
v -1.065546 -3.266425 -0.897409
v -0.969042 -2.563032 -0.931247
v -1.098182 -3.599509 -1.588578
v -1.170048 -3.591578 -1.583429
v -1.113167 -3.222487 -1.561471
v -1.165757 -3.613148 -1.525833
v -1.093890 -3.621618 -1.530607
v -1.040736 -3.222487 -1.567894
v -1.147372 -3.382694 -0.956106
v -1.075637 -3.396731 -0.958611
v -1.171454 -3.606826 -1.620748
v -1.159406 -3.549565 -1.709635
v -1.099604 -3.614616 -1.626778
v -1.087474 -3.556860 -1.715335
v -1.463436 -3.569690 -0.337735
v -1.386355 -3.076733 -0.448992
v -1.317757 -3.569690 -0.545756
v -1.161010 -1.357486 -0.308346
v -0.527579 -0.841473 -0.463441
v -0.489355 -0.851498 -0.463307
v -0.509478 -0.867145 -0.275845
v -1.167825 -1.368242 -0.288077
v -0.530635 -0.841473 -0.442638
v -0.230896 2.580199 -0.453343
v -0.230896 2.513136 -0.386280
v -0.230896 2.498299 -0.292605
v -0.230896 2.541357 -0.208100
v -0.230896 2.625862 -0.165043
v -0.230896 2.719536 -0.179880
v -0.230896 2.786600 -0.246943
v -0.230896 2.801436 -0.340618
v -0.230896 2.758379 -0.425122
v -0.230896 2.673874 -0.468180
v -0.304372 2.649868 -0.316611
v -0.278658 2.580199 -0.453343
v -0.304372 2.592474 -0.429253
v -0.278658 2.513136 -0.386280
v -0.304372 2.537226 -0.374005
v -0.278658 2.498299 -0.292605
v -0.304372 2.525004 -0.296835
v -0.278658 2.541357 -0.208100
v -0.304372 2.560475 -0.227219
v -0.278658 2.625862 -0.165043
v -0.304372 2.630091 -0.191747
v -0.278658 2.719536 -0.179880
v -0.304372 2.707262 -0.203970
v -0.278658 2.786600 -0.246943
v -0.304372 2.762510 -0.259218
v -0.278658 2.801436 -0.340618
v -0.304372 2.774732 -0.336388
v -0.278658 2.758379 -0.425123
v -0.304372 2.739261 -0.406004
v -0.278658 2.673874 -0.468180
v -0.304372 2.669644 -0.441475
v -0.018901 0.122513 0.277509
v -0.237456 0.122513 0.277509
v -0.018901 -0.140887 0.412537
v -0.237456 -0.140887 0.412537
v -0.018901 -0.122513 0.277509
v -0.237456 -0.122513 0.277509
v -0.018901 -0.070262 0.412537
v -0.237456 -0.070262 0.412537
v -0.018901 -0.056815 0.277509
v -0.062685 -0.143499 0.654109
v -0.193673 -0.143499 0.654109
v -0.193673 -0.199665 0.654109
v -0.062685 -0.199665 0.654109
v -0.082333 -0.158338 0.654109
v -0.051684 -0.070262 0.412537
v -0.204673 -0.070262 0.412537
v -0.174024 -0.158338 0.654109
v -0.021577 -0.076853 0.432326
v -0.053557 -0.091692 0.432326
v -0.202800 -0.091692 0.432326
v -0.234781 -0.076853 0.432326
v -0.063736 -0.127516 0.561577
v -0.036118 -0.112677 0.561577
v -0.036118 -0.174928 0.561577
v -0.220239 -0.174928 0.561577
v -0.220239 -0.112677 0.561577
v -0.192621 -0.127516 0.561577
v -0.018901 0.082009 0.412537
v -0.018901 0.122513 0.372033
v -0.237456 0.122513 0.372033
v -0.237456 0.082009 0.412537
v -3.859599 -1.486341 -0.006408
v -3.859599 -1.532065 -0.096146
v -3.859599 -1.516309 -0.195622
v -3.860295 -1.445093 -0.266839
v -3.862895 -1.345618 -0.282594
v -3.862895 -1.255879 -0.236870
v -3.862895 -1.210156 -0.147132
v -3.862895 -1.225910 -0.047656
v -3.862895 -1.297128 0.023560
v -3.861944 -1.396603 0.039316
v -3.805623 -1.486341 -0.006408
v -3.805623 -1.532065 -0.096146
v -3.805623 -1.516309 -0.195622
v -3.805623 -1.445093 -0.266839
v -3.805623 -1.345618 -0.282594
v -3.805623 -1.255879 -0.236870
v -3.805623 -1.210156 -0.147132
v -3.805623 -1.225910 -0.047656
v -3.805623 -1.297128 0.023560
v -3.805623 -1.396603 0.039316
v -3.805623 -1.468192 -0.024557
v -3.805623 -1.506715 -0.100161
v -3.805623 -1.493441 -0.183970
v -3.805623 -1.433441 -0.243970
v -3.805623 -1.349632 -0.257244
v -3.805623 -1.274028 -0.218721
v -3.805623 -1.235505 -0.143117
v -3.805623 -1.248779 -0.059308
v -3.805623 -1.308779 0.000692
v -3.805623 -1.392588 0.013966
v -3.565525 -1.445093 -0.266839
v -3.566155 -1.516309 -0.195622
v -3.566155 -1.532065 -0.096146
v -3.566155 -1.486341 -0.006408
v -3.563990 -1.396603 0.039316
v -3.563087 -1.297128 0.023560
v -3.563087 -1.225910 -0.047656
v -3.563087 -1.210156 -0.147132
v -3.563087 -1.255879 -0.236870
v -3.563087 -1.345618 -0.282594
v -3.620129 -1.445093 -0.266839
v -3.620129 -1.516309 -0.195622
v -3.620129 -1.532065 -0.096146
v -3.620129 -1.486341 -0.006408
v -3.620129 -1.396603 0.039316
v -3.620129 -1.297128 0.023560
v -3.620129 -1.225910 -0.047656
v -3.620129 -1.210156 -0.147132
v -3.620129 -1.255879 -0.236870
v -3.620129 -1.345618 -0.282594
v -3.620129 -1.433441 -0.243970
v -3.620129 -1.493441 -0.183970
v -3.620129 -1.506715 -0.100161
v -3.620129 -1.468192 -0.024557
v -3.620129 -1.392588 0.013966
v -3.620129 -1.308779 0.000692
v -3.620129 -1.248779 -0.059308
v -3.620129 -1.235505 -0.143117
v -3.620129 -1.274028 -0.218721
v -3.620129 -1.349632 -0.257244
v -3.625257 -2.353562 -0.124436
v -3.775754 -2.385084 -0.124436
v -3.625257 -2.229452 0.127402
v -3.775754 -2.260974 0.127402
v -3.609183 -2.317949 0.127402
v -3.759680 -2.349471 0.127402
v -3.590192 -2.437892 -0.124436
v -3.740690 -2.469414 -0.124436
v -3.626333 -2.452855 -0.124436
v -3.646807 -2.325830 0.143684
v -3.662881 -2.237332 0.143684
v -3.663334 -2.463712 -0.124436
v -3.684431 -2.333710 0.150526
v -3.700505 -2.245213 0.150526
v -3.701582 -2.468616 -0.124436
v -3.722055 -2.341590 0.143684
v -3.738129 -2.253093 0.143684
v -3.750815 -2.165442 0.143684
v -3.788440 -2.165442 0.127402
v -3.675566 -2.165442 0.143684
v -3.637942 -2.165442 0.127402
v -3.625257 -2.291666 -0.005178
v -3.637942 -2.165442 0.072558
v -3.675566 -2.165442 0.072558
v -3.662881 -2.265574 0.062493
v -3.700505 -2.273589 0.065733
v -3.738129 -2.284375 0.062493
v -3.750815 -2.165442 0.072558
v -3.788440 -2.165442 0.072558
v -3.775754 -2.323188 -0.005178
v -3.740690 -2.471300 0.000298
v -3.701582 -2.469800 0.000298
v -3.663334 -2.464143 0.000298
v -3.626333 -2.453551 0.000298
v -3.590192 -2.439778 0.000298
v -3.625257 -2.353562 -0.124436
v -3.775754 -2.385084 -0.124436
v -3.625257 -2.229452 -0.376274
v -3.775754 -2.260974 -0.376274
v -3.609183 -2.317949 -0.376274
v -3.759680 -2.349471 -0.376274
v -3.590192 -2.437892 -0.124436
v -3.740690 -2.469414 -0.124436
v -3.626333 -2.452855 -0.124436
v -3.646807 -2.325830 -0.392556
v -3.662881 -2.237332 -0.392556
v -3.663334 -2.463712 -0.124436
v -3.684431 -2.333710 -0.399399
v -3.700505 -2.245213 -0.399399
v -3.701582 -2.468616 -0.124436
v -3.722055 -2.341590 -0.392556
v -3.738129 -2.253093 -0.392556
v -3.750815 -2.165442 -0.392556
v -3.788440 -2.165442 -0.376274
v -3.675566 -2.165442 -0.392556
v -3.637942 -2.165442 -0.376274
v -3.625257 -2.291666 -0.243694
v -3.637942 -2.165442 -0.321430
v -3.675566 -2.165442 -0.321430
v -3.662881 -2.265574 -0.311365
v -3.700505 -2.273589 -0.314605
v -3.738129 -2.284375 -0.311365
v -3.750815 -2.165442 -0.321430
v -3.788440 -2.165442 -0.321430
v -3.775754 -2.323188 -0.243694
v -3.740690 -2.471300 -0.249170
v -3.701582 -2.469800 -0.249170
v -3.663334 -2.464143 -0.249170
v -3.626333 -2.453551 -0.249170
v -3.590192 -2.439778 -0.249170
v -2.602458 -1.824252 0.074453
v -2.481597 -1.916863 0.074453
v -2.330624 -1.936638 0.074453
v -2.189990 -1.878276 0.074453
v -2.097379 -1.757415 0.074453
v -2.077605 -1.606442 0.074453
v -2.135967 -1.465808 0.074453
v -2.256826 -1.373197 0.074453
v -2.407800 -1.353423 0.074453
v -2.548434 -1.411785 0.074453
v -2.641045 -1.532644 0.074453
v -2.660819 -1.683618 0.074453
v -2.602458 -1.824252 0.143191
v -2.481597 -1.916863 0.143191
v -2.330624 -1.936638 0.143191
v -2.189990 -1.878276 0.143191
v -2.097379 -1.757415 0.143191
v -2.077605 -1.606442 0.143191
v -2.135967 -1.465808 0.143191
v -2.256826 -1.373197 0.143191
v -2.407800 -1.353423 0.143191
v -2.548434 -1.411785 0.143191
v -2.641045 -1.532644 0.143191
v -2.660819 -1.683618 0.143191
v -2.369212 -1.645030 0.143191
v -2.293228 -2.026749 0.074453
v -2.152594 -1.968387 0.074453
v -2.445195 -1.263311 0.074453
v -2.585830 -1.321673 0.074453
v -2.159539 -1.951653 0.125073
v -2.152594 -1.968387 0.081333
v -2.176305 -1.911253 0.143191
v -2.293228 -2.026749 0.081333
v -2.300173 -2.010015 0.125073
v -2.316938 -1.969615 0.143191
v -2.578885 -1.338407 0.125073
v -2.585830 -1.321673 0.081333
v -2.562119 -1.378807 0.143191
v -2.445195 -1.263311 0.081333
v -2.438251 -1.280045 0.125073
v -2.421486 -1.320445 0.143191
v 0.217508 -0.816762 0.280191
v -0.217508 -0.816762 0.280191
v 0.217508 -0.816762 0.407860
v 0.189083 -0.816762 0.439773
v 0.217508 -0.949198 0.340271
v 0.189083 -0.965209 0.364013
v -0.189083 -0.816762 0.439773
v -0.217508 -0.816762 0.407860
v -0.217508 -0.949198 0.340271
v -0.189083 -0.965209 0.364013
v 0.189083 -1.061788 0.280191
v 0.217508 -1.018422 0.280191
v -0.217508 -1.018422 0.280191
v -0.189083 -1.061788 0.280191
v 0.169843 -1.281675 0.179483
v -0.169843 -1.281675 0.179483
v 0.169843 -1.528507 0.285687
v -0.169843 -1.528507 0.285687
v 0.169843 -1.258314 0.233776
v 0.150144 -1.268624 0.259657
v -0.150144 -1.268624 0.259657
v -0.169843 -1.258314 0.233776
v 0.150144 -1.479265 0.350290
v 0.169843 -1.505146 0.339980
v -0.150144 -1.479265 0.350290
v -0.169843 -1.505146 0.339980
v -0.152040 -2.195033 0.034604
v -0.113133 -2.223300 0.034604
v -0.065041 -2.223300 0.034604
v -0.026134 -2.195033 0.034604
v -0.011272 -2.149295 0.034604
v -0.026134 -2.103556 0.034604
v -0.065041 -2.075289 0.034604
v -0.113133 -2.075289 0.034604
v -0.152040 -2.103556 0.034604
v -0.166901 -2.149295 0.034604
v -0.152040 -2.192102 0.147424
v -0.113133 -2.219678 0.151791
v -0.065041 -2.219678 0.151791
v -0.026134 -2.192102 0.147424
v -0.011272 -2.147484 0.140357
v -0.026134 -2.102865 0.133290
v -0.065041 -2.075289 0.128922
v -0.113133 -2.075289 0.128922
v -0.152040 -2.102865 0.133290
v -0.166901 -2.147484 0.140357
v -0.152040 -2.158918 0.212552
v -0.152040 -2.093790 0.245736
v -0.113133 -2.178660 0.232294
v -0.113133 -2.098158 0.273312
v -0.065041 -2.178660 0.232294
v -0.065041 -2.098158 0.273312
v -0.026134 -2.158918 0.212552
v -0.026134 -2.093790 0.245736
v -0.011272 -2.126975 0.180608
v -0.011272 -2.086723 0.201117
v -0.026134 -2.095031 0.148664
v -0.026134 -2.079656 0.156498
v -0.152040 -2.095031 0.148664
v -0.152040 -2.079656 0.156498
v -0.166901 -2.126975 0.180608
v -0.166901 -2.086723 0.201117
v -0.152040 -1.862079 0.248666
v -0.113132 -1.862079 0.276934
v -0.065041 -1.862079 0.276934
v -0.026134 -1.862079 0.248666
v -0.011272 -1.862079 0.202928
v -0.026134 -1.862079 0.157190
v -0.065041 -1.862079 0.128922
v -0.113133 -1.862079 0.128922
v -0.152040 -1.862079 0.157190
v -0.166901 -1.862079 0.202928
v -0.896702 -2.419547 0.325644
v -0.881984 -2.435731 0.317127
v -0.860121 -2.439312 0.309365
v -0.839462 -2.428921 0.305324
v -0.827899 -2.408528 0.306547
v -0.829849 -2.385921 0.312566
v -0.844566 -2.369737 0.321084
v -0.866430 -2.366156 0.328846
v -0.887089 -2.376547 0.332887
v -0.898652 -2.396941 0.331664
v -0.877666 -2.480975 0.511380
v -0.846515 -2.515231 0.493352
v -0.800238 -2.522809 0.476923
v -0.756512 -2.500816 0.468370
v -0.732038 -2.457651 0.470958
v -0.736165 -2.409802 0.483700
v -0.767316 -2.375547 0.501728
v -0.813593 -2.367968 0.518156
v -0.857319 -2.389962 0.526710
v -0.881793 -2.433126 0.524121
v -0.881729 -2.430879 0.373048
v -0.867011 -2.447064 0.364531
v -0.845148 -2.450644 0.356769
v -0.824489 -2.440253 0.352728
v -0.812926 -2.419860 0.353951
v -0.814876 -2.397253 0.359971
v -0.829593 -2.381068 0.368488
v -0.851457 -2.377488 0.376250
v -0.872116 -2.387879 0.380291
v -0.883679 -2.408273 0.379069
v -0.895737 -2.408290 0.395176
v -0.879135 -2.379009 0.396932
v -0.849473 -2.364089 0.391130
v -0.818081 -2.369231 0.379985
v -0.796949 -2.392468 0.367756
v -0.794150 -2.424927 0.359112
v -0.810752 -2.454207 0.357357
v -0.840414 -2.469127 0.363159
v -0.871806 -2.463986 0.374303
v -0.892937 -2.440748 0.386533
v -0.861745 -2.475058 0.513844
v -0.836873 -2.502408 0.499450
v -0.799925 -2.508460 0.486333
v -0.765013 -2.490899 0.479503
v -0.745472 -2.456436 0.481570
v -0.748767 -2.418231 0.491743
v -0.773639 -2.390881 0.506137
v -0.810588 -2.384830 0.519254
v -0.845500 -2.402390 0.526084
v -0.865040 -2.436854 0.524017
v -0.879703 -2.450444 0.427577
v -0.831964 -2.426432 0.418238
v -0.858683 -2.473558 0.415412
v -0.827458 -2.478672 0.404327
v -0.797953 -2.463831 0.398555
v -0.781440 -2.434705 0.400302
v -0.784224 -2.402420 0.408899
v -0.805244 -2.379306 0.421064
v -0.836469 -2.374192 0.432149
v -0.865974 -2.389032 0.437921
v -0.882487 -2.418158 0.436174
v -0.934152 -2.598814 -0.153928
v -1.093711 -2.579526 -0.153928
v -0.934152 -2.598814 -0.094944
v -1.093711 -2.579526 -0.094944
v -0.986547 -3.459297 -0.094944
v -1.196984 -3.433859 -0.094944
v -0.986547 -3.459297 -0.153928
v -1.196984 -3.433859 -0.153928
v -0.798376 -3.323235 -0.094944
v -0.798376 -3.323235 -0.153928
v -0.806613 -2.798022 -0.094944
v -0.806613 -2.798022 -0.153928
v -1.120597 -3.564054 -0.117069
v -1.120597 -3.625840 -0.117069
v -1.456093 -3.564054 -0.049994
v -1.411390 -3.564054 -0.117069
v -1.411390 -3.625840 -0.117069
v -1.456093 -3.625840 -0.049994
v -1.120615 -3.625840 -0.049994
v -1.120616 -3.564054 -0.049994
v -1.044029 -3.625839 -0.117048
v -1.044029 -3.564053 -0.117048
v -1.064699 -3.564053 -0.049973
v -1.064698 -3.625839 -0.049973
v -1.120703 -3.625840 0.205977
v -1.290074 -3.625840 0.205977
v -1.290074 -3.564054 0.205977
v -1.120704 -3.564054 0.205977
v -1.162907 -3.564054 -0.117069
v -1.162907 -3.625840 -0.117069
v -1.169425 -3.625840 -0.049994
v -1.145346 -3.625840 0.205977
v -1.143561 -3.625840 0.229933
v -1.143561 -3.564054 0.229933
v -1.411483 -3.625840 -0.049994
v -1.372723 -3.625840 -0.117069
v -1.372723 -3.564054 -0.117069
v -1.256878 -3.564054 0.229933
v -1.256878 -3.625840 0.229933
v -1.267552 -3.625840 0.205977
v -1.044040 -3.564053 -0.076054
v -1.044039 -3.625839 -0.076054
v -1.120608 -3.625840 -0.076075
v -1.166891 -3.625840 -0.076075
v -1.396412 -3.625840 -0.076075
v -1.444984 -3.625840 -0.093298
v -1.444984 -3.564054 -0.093298
v -1.183106 -3.599656 -0.031355
v -1.162050 -3.599656 0.184064
v -1.268915 -3.599656 0.184064
v -1.394780 -3.599656 -0.031355
v -1.180890 -3.599656 -0.054163
v -1.381600 -3.599656 -0.054163
v -1.272730 -3.365592 0.164875
v -1.314785 -3.365592 0.164875
v -1.279129 -3.346788 0.469766
v -1.308387 -3.346788 0.469766
v -1.279129 -3.474622 0.469766
v -1.308387 -3.474622 0.469766
v -1.272730 -3.557236 0.256609
v -1.314785 -3.557236 0.256609
v -0.294886 2.033442 0.219376
v -0.375590 2.033442 0.219376
v -0.294886 2.033442 0.300081
v -0.349907 2.033442 0.292740
v -0.294886 1.998206 0.300081
v -0.349907 1.998206 0.292740
v -0.294886 1.998206 0.219376
v -0.375590 1.998206 0.219376
v -0.419660 -2.148603 0.352226
v -0.358799 -2.179768 0.358902
v -0.291335 -2.169029 0.366302
v -0.243037 -2.120488 0.371599
v -0.232351 -2.052685 0.372771
v -0.263361 -1.991518 0.369370
v -0.324221 -1.960352 0.362694
v -0.391685 -1.971091 0.355295
v -0.439984 -2.019634 0.349997
v -0.450669 -2.087437 0.348825
v -0.413133 -2.135565 0.418441
v -0.362376 -2.161557 0.423539
v -0.306111 -2.152600 0.429189
v -0.265830 -2.112117 0.433235
v -0.256918 -2.055569 0.434130
v -0.282781 -2.004556 0.431533
v -0.333538 -1.978564 0.426435
v -0.389803 -1.987520 0.420784
v -0.430084 -2.028004 0.416739
v -0.438995 -2.084552 0.415844
v -0.347957 -2.070060 0.424987
v -1.329006 -1.565625 0.031862
v -1.346219 -1.577989 0.031862
v -1.421514 -1.436833 0.054850
v -1.438727 -1.449197 0.054850
v -1.282689 -1.630107 0.131958
v -1.299903 -1.642472 0.131958
v -1.215523 -1.723617 0.111374
v -1.232737 -1.735982 0.111374
v -0.416756 -1.394018 0.253965
v -0.399960 -1.412382 0.258816
v -0.377018 -1.419103 0.260592
v -0.354075 -1.412382 0.258816
v -0.337280 -1.394018 0.253965
v -0.331132 -1.117662 0.180963
v -0.337280 -1.092577 0.174336
v -0.354075 -1.074214 0.169485
v -0.377018 -1.067492 0.167710
v -0.399960 -1.074214 0.169485
v -0.416756 -1.092577 0.174336
v -0.422903 -1.117662 0.180963
v -0.416756 -1.370763 0.342000
v -0.399960 -1.389126 0.346851
v -0.377018 -1.395848 0.348626
v -0.354075 -1.389126 0.346851
v -0.337280 -1.370763 0.342000
v -0.331132 -1.094407 0.268997
v -0.337280 -1.069322 0.262371
v -0.354075 -1.050958 0.257520
v -0.377017 -1.044237 0.255744
v -0.399960 -1.050958 0.257520
v -0.416756 -1.069322 0.262371
v -0.422903 -1.094407 0.268997
v -0.331132 -1.368933 0.247339
v -0.331132 -1.345678 0.335374
v -0.422903 -1.368933 0.247339
v -0.422903 -1.345678 0.335374
v -0.397076 -1.365319 0.349835
v -0.377018 -1.375497 0.352523
v -0.356960 -1.365319 0.349835
v -0.347651 -1.343388 0.344042
v -0.347651 -1.092117 0.277665
v -0.356960 -1.070186 0.271872
v -0.377017 -1.060008 0.269183
v -0.397076 -1.070186 0.271872
v -0.406384 -1.092117 0.277665
v -0.406384 -1.343388 0.344042
v -0.391975 -1.357828 0.331078
v -0.377018 -1.337626 0.325742
v -0.377018 -1.367203 0.333555
v -0.362061 -1.357828 0.331078
v -0.355119 -1.337626 0.325742
v -0.355119 -1.106165 0.264598
v -0.362061 -1.085963 0.259262
v -0.377018 -1.106165 0.264598
v -0.377017 -1.076587 0.256785
v -0.391975 -1.085963 0.259262
v -0.398917 -1.106165 0.264598
v -0.398917 -1.337626 0.325742
v -3.557394 -1.597479 -0.130134
v -3.557393 -1.624492 -0.098961
v -3.557393 -1.630362 -0.058133
v -3.557393 -1.613227 -0.020612
v -3.557394 -1.578526 0.001688
v -3.557394 -1.537278 0.001688
v -3.557393 -1.502578 -0.020612
v -3.557394 -1.485443 -0.058133
v -3.557393 -1.491313 -0.098961
v -3.557393 -1.518325 -0.130134
v -3.557393 -1.557902 -0.141755
v -3.863384 -1.597479 -0.130134
v -3.863384 -1.624492 -0.098961
v -3.863384 -1.630362 -0.058133
v -3.863384 -1.613227 -0.020612
v -3.863384 -1.578526 0.001688
v -3.863384 -1.537278 0.001688
v -3.863384 -1.502578 -0.020612
v -3.863384 -1.485443 -0.058133
v -3.863384 -1.491313 -0.098961
v -3.863384 -1.518325 -0.130134
v -3.863384 -1.557902 -0.141755
v -3.632208 -1.537278 0.001688
v -3.632208 -1.502578 -0.020612
v -3.788569 -1.537278 0.001688
v -3.788569 -1.502578 -0.020612
v -3.610558 -1.429664 0.169141
v -3.610558 -1.394963 0.146840
v -3.810220 -1.394963 0.146840
v -3.810219 -1.429664 0.169141
v -3.610558 -1.463855 0.115938
v -3.610558 -1.429154 0.093638
v -3.810220 -1.429154 0.093638
v -3.810220 -1.463855 0.115938
v -3.557844 -0.391929 1.572036
v -3.843471 -0.408657 1.547816
v -3.557844 -0.432493 1.600052
v -3.843471 -0.449221 1.575832
v -3.496017 -1.444617 0.169435
v -3.905298 -1.444617 0.169435
v -3.496017 -1.373438 0.120274
v -3.905298 -1.373438 0.120274
v -3.556183 -0.495335 1.525178
v -3.556183 -0.447052 1.491829
v -3.468929 -0.433327 1.511703
v -3.468929 -0.481610 1.545050
v -3.470592 -0.407193 1.549935
v -3.470592 -0.447758 1.577951
v -3.512021 -1.197506 0.381055
v -3.893264 -1.246682 0.309852
v -3.893264 -1.298787 0.345838
v -3.893264 -1.311813 0.354835
v -3.512021 -1.264105 0.427053
v -3.512021 -1.250786 0.417854
v -3.527386 -0.986162 0.823471
v -3.873928 -0.975936 0.830081
v -3.873928 -0.964854 0.822427
v -3.873928 -0.920527 0.791812
v -3.527387 -0.926920 0.782555
v -4.073528 -1.250275 0.320447
v -4.073528 -1.288161 0.346613
v -3.925374 -0.955110 0.823811
v -3.925373 -0.922879 0.801549
v -4.073528 -1.161789 0.450476
v -4.073528 -1.198146 0.475587
v -3.497506 -1.358054 0.143298
v -3.903809 -1.357750 0.143737
v -3.903809 -1.386994 0.163935
v -3.497506 -1.414544 0.182313
v -3.900705 -1.341146 0.229208
v -3.900705 -1.313150 0.209873
v -4.081293 -1.353826 0.149419
v -4.081293 -1.383070 0.169617
v -4.078188 -1.367064 0.191683
v -4.078188 -1.339068 0.172348
v -3.958788 -1.369704 0.187860
v -3.958788 -1.341708 0.168525
v -3.314224 -1.383096 0.207898
v -3.314224 -1.345471 0.181913
v -3.422336 -1.270032 0.280849
v -3.422336 -1.318722 0.314477
v -3.319256 -1.289670 0.264252
v -3.319256 -1.326359 0.289591
v -3.503857 -1.342900 0.285362
v 0.000000 -2.223163 -0.122513
v 0.000000 -2.223163 0.122513
v 0.000000 -2.330005 0.106261
v 0.000000 -2.301778 0.122513
v 0.000000 -2.330005 -0.102554
v 0.000000 -2.301778 -0.122513
v -0.705699 -2.223163 -0.122513
v -0.705699 -2.223163 0.122513
v -0.180198 -2.223163 0.122513
v -0.289076 -2.223163 0.269989
v -0.518675 -2.223163 0.269989
v -0.500657 -2.330348 0.220165
v -0.313365 -2.330005 0.220165
v -0.641457 -2.330005 0.122700
v -0.220158 -2.330005 0.112512
v -0.641457 -2.330005 -0.082185
v -0.220158 -2.330005 -0.082185
v -0.596176 -2.272013 -0.049699
v -0.493755 -2.272356 0.187774
v -0.596176 -2.272013 0.111225
v -0.265346 -2.272012 -0.049743
v -0.330660 -2.272012 0.187752
v -0.265346 -2.272012 0.103179
v -0.180198 -2.301779 0.122513
v -0.194444 -2.330005 0.106261
v -0.289076 -2.301779 0.269989
v -0.303323 -2.330005 0.241762
v -0.518675 -2.301875 0.269989
v -0.508919 -2.330199 0.241859
v -0.705699 -2.301779 -0.122513
v -0.677472 -2.330005 -0.102554
v -0.705699 -2.301779 0.122513
v -0.677472 -2.330005 0.120705
v -1.007262 -3.404333 -0.123308
v -1.102355 -3.404333 0.010396
v -1.102355 -3.490307 0.010396
v -1.007262 -3.569709 -0.123308
v -1.102355 -3.569709 -0.123308
v -1.007262 -3.404333 -0.064888
v -1.102355 -3.569709 -0.044913
v -1.007262 -3.569709 -0.064888
v -1.007262 -3.490307 -0.123308
v -1.007262 -3.490307 -0.064888
v -1.102355 -3.404333 -0.257012
v -1.102355 -3.490307 -0.257012
v -1.007262 -3.404333 -0.181729
v -1.102355 -3.569709 -0.201704
v -1.007262 -3.569709 -0.181729
v -1.007262 -3.490307 -0.181729
v -0.854683 -2.000798 0.243009
v -0.854683 -2.000798 0.337965
v -1.068023 -3.171333 0.337965
v -1.068023 -3.171333 0.243009
v -0.807998 -2.385375 0.337965
v -0.976093 -2.370232 0.337965
v -0.976092 -2.370232 0.243009
v -0.807998 -2.385375 0.243009
v -0.170780 -1.639084 0.297623
v 0.170780 -1.639084 0.297623
v -0.146581 -1.658014 0.417138
v -0.170780 -1.707537 0.366076
v -0.146581 -1.724648 0.383186
v -0.170780 -1.734699 0.312767
v -0.146581 -1.758599 0.316552
v -0.170780 -1.725340 0.253674
v -0.146581 -1.746900 0.242688
v -0.170780 -1.683033 0.211368
v -0.146581 -1.694019 0.189807
v -0.170780 -1.623940 0.202009
v -0.146581 -1.620155 0.178108
v -0.170780 -1.570632 0.229171
v -0.146581 -1.553521 0.212060
v -0.170780 -1.543470 0.282479
v -0.146581 -1.519569 0.278694
v -0.170780 -1.552829 0.341572
v -0.146581 -1.531268 0.352558
v -0.170780 -1.595135 0.383878
v -0.146581 -1.584149 0.405439
v -0.170780 -1.654228 0.393238
v 0.170780 -1.654228 0.393238
v 0.146581 -1.724648 0.383186
v 0.170780 -1.707537 0.366076
v 0.146581 -1.758599 0.316552
v 0.170780 -1.734699 0.312767
v 0.146581 -1.746900 0.242688
v 0.170780 -1.725340 0.253674
v 0.146581 -1.694019 0.189807
v 0.170780 -1.683033 0.211368
v 0.146581 -1.620155 0.178108
v 0.170780 -1.623940 0.202009
v 0.146581 -1.553521 0.212060
v 0.170780 -1.570632 0.229171
v 0.146581 -1.519569 0.278694
v 0.170780 -1.543470 0.282479
v 0.146581 -1.531268 0.352558
v 0.170780 -1.552829 0.341572
v 0.146581 -1.584149 0.405439
v 0.170780 -1.595135 0.383878
v 0.146581 -1.658014 0.417138
v 0.245790 -1.161372 0.242463
v -0.245790 -1.161372 0.242463
v 0.245790 -1.256484 0.242463
v -0.245790 -1.256484 0.242463
v 0.245790 -1.161372 0.303447
v 0.222014 -1.185148 0.327222
v -0.222014 -1.185148 0.327222
v -0.245790 -1.161372 0.303447
v 0.222014 -1.232708 0.327222
v 0.245790 -1.256484 0.303447
v -0.222014 -1.232708 0.327222
v -0.245790 -1.256484 0.303447
v 0.132800 -1.161372 0.242463
v 0.119954 -1.185148 0.327222
v 0.132800 -1.161372 0.303447
v -0.132800 -1.161372 0.242463
v -0.119954 -1.185148 0.327222
v -0.132800 -1.161372 0.303447
v -0.104997 -1.204340 0.327222
v 0.104998 -1.204340 0.327222
v -0.104997 -1.204340 0.339501
v 0.104998 -1.204340 0.339501
v 0.119954 -1.180806 0.337703
v -0.119954 -1.180806 0.337703
v 0.132800 -1.150891 0.307788
v -0.132800 -1.150891 0.307788
v 0.132800 -1.149093 0.242463
v -0.132800 -1.149093 0.242463
v -0.459719 0.333064 0.041207
v -0.408910 0.333064 0.286233
v -0.873866 -1.596397 0.286233
v -1.106411 -1.596397 0.286233
v -0.888233 -1.596397 0.041207
v -1.161089 -1.596397 0.041207
v -0.420149 -0.102996 0.286233
v -0.531149 -0.106093 0.286233
v -0.581958 -0.106093 0.041207
v -0.416614 -0.791604 0.286233
v -0.759892 -0.788826 0.286233
v -0.826607 -0.788826 0.041207
v -0.576281 -1.174958 0.286233
v -0.988361 -1.160333 0.286233
v -1.067529 -1.160333 0.041207
v -0.573036 -1.174958 0.041207
v -0.769948 -1.364476 0.286233
v -1.054763 -1.362545 0.286233
v -1.135952 -1.362545 0.041207
v -0.805739 -1.364476 0.041207
v -0.878297 -2.071424 0.286233
v -1.106411 -2.071424 0.286233
v -1.161089 -2.071424 0.041207
v -0.893149 -2.071424 0.041207
v -0.168105 -1.137805 -0.247272
v -0.575235 -1.136058 -0.440736
v -0.168105 -2.239218 -0.122513
v -0.879406 -2.239218 -0.122513
v -0.625007 -1.312052 -0.471933
v -0.719393 -1.610459 -0.500811
v -0.810631 -1.910551 -0.497285
v -0.267018 -1.135176 -0.467325
v -0.279070 -1.310777 -0.519705
v -0.297222 -1.610282 -0.588722
v -0.315444 -1.910374 -0.622279
v -0.339852 -2.239218 -0.622555
v -0.368275 -1.135305 -0.464300
v -0.392861 -1.311221 -0.513421
v -0.429921 -1.610323 -0.575182
v -0.467126 -1.909237 -0.600755
v -0.516866 -2.239218 -0.593702
v -0.471446 -1.135521 -0.454610
v -0.508742 -1.311104 -0.495965
v -0.573442 -1.610954 -0.542900
v -0.635373 -1.909315 -0.554375
v -0.483295 -1.925920 -0.561412
v -0.532414 -2.239218 -0.554359
v -0.640081 -1.925998 -0.452123
v -0.705313 -2.239218 -0.432054
v -0.812251 -1.927234 -0.395034
v -0.904886 -2.239218 -0.364066
v -0.168105 -1.358088 -0.247273
v -0.168105 -1.534314 -0.247273
v -0.168105 -2.091188 -0.122513
v -0.473961 -2.239218 -0.122513
v -0.168105 -2.239218 -0.586170
v -0.168105 -1.135689 -0.425228
v -0.208861 -1.135145 -0.467452
v -0.168105 -1.322160 -0.481186
v -0.208825 -1.311243 -0.520338
v -0.168105 -1.517643 -0.531642
v -0.208790 -1.611531 -0.590529
v -0.168105 -1.718829 -0.569150
v -0.168105 -1.912733 -0.584776
v -0.208782 -1.910807 -0.625438
v -0.208784 -2.239218 -0.626849
v 0.000000 -1.517643 -0.531642
v -0.000000 -2.091188 -0.122513
v -0.000000 -1.534314 -0.247273
v -0.168105 -2.039713 -0.446011
v -0.168105 -2.089954 -0.387250
v -0.000000 -2.089954 -0.387250
v -0.000000 -2.039713 -0.446011
v -0.168105 -1.137805 0.002246
v -0.575235 -1.136058 0.195710
v -0.625007 -1.312052 0.226907
v -0.719393 -1.610459 0.255785
v -0.810631 -1.910551 0.252259
v -0.267018 -1.135176 0.222299
v -0.279070 -1.310777 0.274679
v -0.297222 -1.610282 0.343696
v -0.315444 -1.910374 0.377253
v -0.339852 -2.239218 0.377528
v -0.368275 -1.135305 0.219274
v -0.392861 -1.311221 0.268395
v -0.429921 -1.610323 0.330156
v -0.467126 -1.909237 0.355728
v -0.516866 -2.239218 0.348676
v -0.471446 -1.135521 0.209584
v -0.508742 -1.311104 0.250939
v -0.573442 -1.610954 0.297874
v -0.635373 -1.909315 0.309349
v -0.483295 -1.925920 0.316386
v -0.532414 -2.239218 0.309333
v -0.640081 -1.925998 0.207097
v -0.705313 -2.239218 0.187028
v -0.812251 -1.927234 0.150008
v -0.904886 -2.239218 0.119040
v -0.168105 -1.358088 0.002246
v -0.168105 -1.534314 0.002246
v -0.168105 -2.239218 0.341144
v -0.168105 -1.135689 0.180202
v -0.208861 -1.135145 0.222426
v -0.168105 -1.322160 0.236160
v -0.208825 -1.311243 0.275312
v -0.168105 -1.517643 0.286616
v -0.208790 -1.611531 0.345503
v -0.168105 -1.718829 0.324124
v -0.168105 -1.912733 0.339750
v -0.208782 -1.910807 0.380412
v -0.208784 -2.239218 0.381823
v 0.000000 -1.517643 0.286616
v -0.000000 -1.534314 0.002246
v -0.168105 -2.039713 0.200985
v -0.168105 -2.089954 0.142224
v -0.000000 -2.089954 0.142224
v -0.000000 -2.039713 0.200985
v -3.526751 -1.574617 -0.024380
v -3.900702 -1.574617 -0.024380
v -3.526751 -1.638611 0.093431
v -3.900702 -1.638611 0.093431
v -3.526751 -1.606611 0.093431
v -3.526751 -1.574617 0.061437
v -3.900702 -1.606611 0.093431
v -3.900702 -1.574617 0.061437
v -3.528095 -1.629351 0.050125
v -3.552846 -1.629351 0.050125
v -3.713727 -1.629351 0.050125
v -3.528095 -1.629353 0.113179
v -3.589972 -1.629353 0.140356
v -3.651850 -1.629353 0.154102
v -3.713727 -1.629353 0.154102
v -3.528095 -1.967124 0.113179
v -3.589972 -1.967124 0.140356
v -3.651850 -1.967124 0.154102
v -3.713727 -1.967124 0.154102
v -3.528095 -1.967122 0.050125
v -3.559034 -1.967122 0.078805
v -3.713727 -1.967122 0.078805
v -3.559034 -1.967124 0.126768
v -3.559034 -1.629353 0.126768
v -3.552846 -1.967124 0.116191
v -3.552846 -1.629353 0.116191
v -3.899357 -1.629351 0.050125
v -3.837481 -1.629353 0.140356
v -3.868420 -1.629353 0.126768
v -3.874607 -1.629353 0.116191
v -3.775604 -1.629353 0.154102
v -3.837481 -1.967124 0.140356
v -3.868420 -1.967124 0.126768
v -3.775604 -1.967124 0.154102
v -3.868420 -1.967122 0.078805
v -3.899357 -1.629353 0.113179
v -3.899357 -1.967124 0.113179
v -3.899357 -1.967122 0.050125
v -3.874607 -1.967124 0.116191
v -4.027748 -1.371653 -0.292240
v -4.027748 -1.295155 -0.271774
v -4.027748 -1.221517 -0.198137
v -4.027748 -1.205227 -0.095280
v -4.027748 -1.252505 -0.002491
v -4.027748 -1.345294 0.044787
v -4.027748 -1.355166 -0.121639
v -3.854935 -1.355166 -0.121639
v -4.027748 -2.074049 -0.292240
v -4.027748 -2.074049 0.048962
v -4.027748 -2.074049 -0.121639
v -3.854935 -2.074049 -0.121639
v -3.952579 -2.074049 -0.344734
v -3.951634 -1.355166 -0.344734
v -3.949086 -1.255129 -0.317971
v -3.946802 -1.158834 -0.221675
v -3.946321 -1.137530 -0.087169
v -3.947744 -1.199356 0.034171
v -3.950742 -1.320695 0.095997
v -3.952579 -2.074049 0.101456
v -3.854688 -1.372313 -0.312133
v -3.898871 -1.355166 -0.344734
v -3.897658 -1.255129 -0.317971
v -3.854688 -1.286057 -0.289155
v -3.896591 -1.158834 -0.221675
v -3.854688 -1.203894 -0.206993
v -3.896369 -1.137530 -0.087169
v -3.854688 -1.185717 -0.092228
v -3.897027 -1.199356 0.034171
v -3.854688 -1.238469 0.011303
v -3.898444 -1.320695 0.095997
v -3.854688 -1.342451 0.064126
v -3.899328 -2.074049 -0.344734
v -3.853999 -2.037897 -0.312134
v -3.853999 -2.037897 0.068855
v -3.899328 -2.074049 0.101456
v -3.557844 -0.391929 -1.815314
v -3.843471 -0.408657 -1.791094
v -3.557844 -0.432493 -1.843330
v -3.843471 -0.449221 -1.819110
v -3.496017 -1.444617 -0.412713
v -3.905298 -1.444617 -0.412713
v -3.496017 -1.373438 -0.363552
v -3.905298 -1.373438 -0.363552
v -3.556183 -0.495335 -1.768456
v -3.556183 -0.447052 -1.735107
v -3.468929 -0.433326 -1.754981
v -3.468929 -0.481609 -1.788328
v -3.470592 -0.407193 -1.793213
v -3.470592 -0.447758 -1.821229
v -3.512021 -1.197506 -0.624333
v -3.893264 -1.246682 -0.553130
v -3.893264 -1.298787 -0.589116
v -3.893264 -1.311813 -0.598113
v -3.512021 -1.264105 -0.670331
v -3.512021 -1.250786 -0.661132
v -3.527386 -0.986161 -1.066749
v -3.873928 -0.975936 -1.073359
v -3.873928 -0.964854 -1.065705
v -3.873928 -0.920527 -1.035090
v -3.527387 -0.926920 -1.025833
v -4.073528 -1.250275 -0.563725
v -4.073528 -1.288161 -0.589891
v -3.925374 -0.955110 -1.067089
v -3.925373 -0.922879 -1.044828
v -4.073528 -1.161789 -0.693754
v -4.073528 -1.198146 -0.718865
v -3.497506 -1.358054 -0.386576
v -3.903809 -1.357750 -0.387015
v -3.903809 -1.386994 -0.407213
v -3.497506 -1.414544 -0.425591
v -3.900705 -1.341146 -0.472486
v -3.900705 -1.313150 -0.453151
v -4.081293 -1.353826 -0.392697
v -4.081293 -1.383070 -0.412895
v -4.078188 -1.367064 -0.434961
v -4.078188 -1.339068 -0.415626
v -3.958788 -1.369704 -0.431138
v -3.958788 -1.341708 -0.411803
v -3.314224 -1.383096 -0.451176
v -3.314224 -1.345471 -0.425191
v -3.422336 -1.270032 -0.524127
v -3.422336 -1.318722 -0.557755
v -3.319256 -1.289670 -0.507530
v -3.319256 -1.326359 -0.532870
v -3.503857 -1.342900 -0.528640
v -3.557394 -1.597479 -0.113144
v -3.557393 -1.624492 -0.144317
v -3.557393 -1.630362 -0.185145
v -3.557393 -1.613227 -0.222666
v -3.557394 -1.578526 -0.244967
v -3.557394 -1.537278 -0.244967
v -3.557393 -1.502578 -0.222666
v -3.557394 -1.485443 -0.185145
v -3.557393 -1.491313 -0.144317
v -3.557393 -1.518325 -0.113144
v -3.557393 -1.557902 -0.101523
v -3.863384 -1.597479 -0.113144
v -3.863384 -1.624492 -0.144317
v -3.863384 -1.630362 -0.185145
v -3.863384 -1.613227 -0.222666
v -3.863384 -1.578526 -0.244967
v -3.863384 -1.537278 -0.244967
v -3.863384 -1.502578 -0.222666
v -3.863384 -1.485443 -0.185145
v -3.863384 -1.491313 -0.144317
v -3.863384 -1.518325 -0.113144
v -3.863384 -1.557902 -0.101523
v -3.632208 -1.537278 -0.244967
v -3.632208 -1.502578 -0.222666
v -3.788569 -1.537278 -0.244967
v -3.788569 -1.502578 -0.222666
v -3.610558 -1.429664 -0.412419
v -3.610558 -1.394963 -0.390118
v -3.810220 -1.394963 -0.390118
v -3.810219 -1.429664 -0.412419
v -3.610558 -1.463855 -0.359216
v -3.610558 -1.429154 -0.336916
v -3.810220 -1.429154 -0.336916
v -3.810220 -1.463855 -0.359216
v -3.528095 -1.629351 -0.293403
v -3.552846 -1.629351 -0.293403
v -3.713727 -1.629351 -0.293403
v -3.528095 -1.629353 -0.356457
v -3.589972 -1.629353 -0.383634
v -3.651850 -1.629353 -0.397380
v -3.713727 -1.629353 -0.397380
v -3.528095 -1.967124 -0.356457
v -3.589972 -1.967124 -0.383634
v -3.651850 -1.967124 -0.397380
v -3.713727 -1.967124 -0.397380
v -3.528095 -1.967122 -0.293403
v -3.559034 -1.967122 -0.322083
v -3.713727 -1.967122 -0.322083
v -3.559034 -1.967124 -0.370046
v -3.559034 -1.629353 -0.370046
v -3.552846 -1.967124 -0.359469
v -3.552846 -1.629353 -0.359469
v -3.899357 -1.629351 -0.293403
v -3.837481 -1.629353 -0.383634
v -3.868420 -1.629353 -0.370046
v -3.874607 -1.629353 -0.359469
v -3.775604 -1.629353 -0.397380
v -3.837481 -1.967124 -0.383634
v -3.868420 -1.967124 -0.370046
v -3.775604 -1.967124 -0.397380
v -3.868420 -1.967122 -0.322083
v -3.899357 -1.629353 -0.356457
v -3.899357 -1.967124 -0.356457
v -3.899357 -1.967122 -0.293403
v -3.874607 -1.967124 -0.359469
v -3.526751 -1.574617 -0.218898
v -3.900702 -1.574617 -0.218898
v -3.526751 -1.638611 -0.336709
v -3.900702 -1.638611 -0.336709
v -3.526751 -1.606611 -0.336709
v -3.526751 -1.574617 -0.304715
v -3.900702 -1.606611 -0.336709
v -3.900702 -1.574617 -0.304715
v -0.854683 -2.000798 -0.488035
v -0.854683 -2.000798 -0.582992
v -1.068023 -3.171333 -0.582992
v -1.068023 -3.171333 -0.488035
v -0.807998 -2.385375 -0.582992
v -0.976093 -2.370232 -0.582992
v -0.976092 -2.370232 -0.488035
v -0.807998 -2.385375 -0.488035
v 0.000000 -2.223163 -0.122513
v 0.000000 -2.223163 -0.367539
v 0.000000 -2.330005 -0.351288
v 0.000000 -2.301778 -0.367539
v 0.000000 -2.330005 -0.142472
v 0.000000 -2.301778 -0.122513
v -0.705699 -2.223163 -0.122513
v -0.705699 -2.223163 -0.367539
v -0.180198 -2.223163 -0.367539
v -0.289076 -2.223163 -0.515015
v -0.518675 -2.223163 -0.515015
v -0.500657 -2.330348 -0.465191
v -0.313365 -2.330005 -0.465191
v -0.641457 -2.330005 -0.367726
v -0.220158 -2.330005 -0.357538
v -0.641457 -2.330005 -0.162841
v -0.220158 -2.330005 -0.162841
v -0.596176 -2.272013 -0.195327
v -0.493755 -2.272356 -0.432801
v -0.596176 -2.272013 -0.356251
v -0.265346 -2.272012 -0.195283
v -0.330660 -2.272012 -0.432779
v -0.265346 -2.272012 -0.348205
v -0.180198 -2.301779 -0.367539
v -0.194444 -2.330005 -0.351288
v -0.289076 -2.301779 -0.515015
v -0.303323 -2.330005 -0.486788
v -0.518675 -2.301875 -0.515015
v -0.508919 -2.330199 -0.486886
v -0.705699 -2.301779 -0.122513
v -0.677472 -2.330005 -0.142472
v -0.705699 -2.301779 -0.367539
v -0.677472 -2.330005 -0.365731
v -1.120597 -3.564054 -0.117027
v -1.120597 -3.625840 -0.117027
v -1.456093 -3.564054 -0.184103
v -1.411390 -3.564054 -0.117027
v -1.411390 -3.625840 -0.117027
v -1.456093 -3.625840 -0.184103
v -1.120615 -3.625840 -0.184102
v -1.120616 -3.564054 -0.184103
v -1.044029 -3.625839 -0.117048
v -1.044029 -3.564053 -0.117048
v -1.064699 -3.564053 -0.184123
v -1.064698 -3.625839 -0.184123
v -1.120703 -3.625840 -0.440073
v -1.290074 -3.625840 -0.440073
v -1.290074 -3.564054 -0.440073
v -1.120704 -3.564054 -0.440073
v -1.162907 -3.564054 -0.117027
v -1.162907 -3.625840 -0.117027
v -1.169425 -3.625840 -0.184102
v -1.145346 -3.625840 -0.440073
v -1.143561 -3.625840 -0.464030
v -1.143561 -3.564054 -0.464030
v -1.411483 -3.625840 -0.184103
v -1.372723 -3.625840 -0.117027
v -1.372723 -3.564054 -0.117027
v -1.256878 -3.564054 -0.464030
v -1.256878 -3.625840 -0.464030
v -1.267552 -3.625840 -0.440073
v -1.044040 -3.564053 -0.158042
v -1.044039 -3.625839 -0.158042
v -1.120608 -3.625840 -0.158021
v -1.166891 -3.625840 -0.158021
v -1.396412 -3.625840 -0.158021
v -1.444984 -3.625840 -0.140798
v -1.444984 -3.564054 -0.140798
v -1.183106 -3.599656 -0.202741
v -1.162050 -3.599656 -0.418160
v -1.268915 -3.599656 -0.418160
v -1.394780 -3.599656 -0.202741
v -1.180890 -3.599656 -0.179934
v -1.381600 -3.599656 -0.179934
v -3.399706 -1.371653 -0.292240
v -3.399706 -1.295155 -0.271774
v -3.399706 -1.221517 -0.198137
v -3.399706 -1.205227 -0.095280
v -3.399706 -1.252505 -0.002491
v -3.399706 -1.345294 0.044787
v -3.399706 -1.355166 -0.121639
v -3.572518 -1.355166 -0.121639
v -3.399706 -2.074049 -0.292240
v -3.399706 -2.074049 0.048962
v -3.399706 -2.074049 -0.121639
v -3.572518 -2.074049 -0.121639
v -3.474875 -2.074049 -0.344734
v -3.475820 -1.355166 -0.344734
v -3.478368 -1.255129 -0.317971
v -3.480651 -1.158834 -0.221675
v -3.481133 -1.137530 -0.087169
v -3.479710 -1.199356 0.034171
v -3.476712 -1.320695 0.095997
v -3.474875 -2.074049 0.101456
v -3.572766 -1.372313 -0.312133
v -3.528583 -1.355166 -0.344734
v -3.529796 -1.255129 -0.317971
v -3.572766 -1.286057 -0.289155
v -3.530863 -1.158834 -0.221675
v -3.572766 -1.203894 -0.206993
v -3.531084 -1.137530 -0.087169
v -3.572766 -1.185717 -0.092228
v -3.530426 -1.199356 0.034171
v -3.572766 -1.238469 0.011303
v -3.529010 -1.320695 0.095997
v -3.572766 -1.342451 0.064126
v -3.528126 -2.074049 -0.344734
v -3.573455 -2.037897 -0.312134
v -3.573455 -2.037897 0.068855
v -3.528126 -2.074049 0.101456
v 0.459719 0.333064 -0.290079
v 0.408910 0.333064 -0.535105
v 0.873866 -1.596397 -0.535105
v 1.106411 -1.596397 -0.535105
v 0.888233 -1.596397 -0.290079
v 1.161089 -1.596397 -0.290079
v 0.420149 -0.102995 -0.535105
v 0.531149 -0.106093 -0.535105
v 0.581958 -0.106093 -0.290079
v 0.416614 -0.791604 -0.535105
v 0.759892 -0.788826 -0.535105
v 0.826607 -0.788826 -0.290079
v 0.576281 -1.174958 -0.535105
v 0.988361 -1.160333 -0.535105
v 1.067529 -1.160333 -0.290079
v 0.573036 -1.174958 -0.290079
v 0.769948 -1.364476 -0.535105
v 1.054763 -1.362545 -0.535105
v 1.135952 -1.362545 -0.290079
v 0.805739 -1.364476 -0.290079
v 0.878297 -2.071424 -0.535105
v 1.106411 -2.071424 -0.535105
v 1.161089 -2.071424 -0.290079
v 0.893149 -2.071424 -0.290079
v 1.944750 -1.995300 -0.124436
v 3.879911 -2.431774 -0.124436
v 4.155489 -2.016277 -0.124436
v 0.372099 0.582094 0.104526
v 0.389396 0.757316 -0.015872
v 0.372819 0.717324 0.078534
v 2.233591 -1.112231 0.077850
v 2.178328 -1.195603 0.104526
v 2.256482 -1.077697 -0.015872
v 0.543487 -1.005561 -0.017066
v 0.795570 -1.014692 0.104526
v 1.023233 -1.296715 0.078110
v 1.962387 -1.957241 0.078042
v 1.944750 -1.995300 -0.015872
v 2.004968 -1.865358 0.104526
v 3.962576 -2.307137 0.104526
v 3.879911 -2.431774 -0.015872
v 3.904124 -2.395269 0.078717
v 4.155489 -2.016277 -0.015872
v 4.077300 -2.134165 0.104526
v 4.132588 -2.050805 0.077850
v 0.433911 1.399534 -0.124436
v 2.535575 -0.711009 -0.124436
v 2.535575 -0.711009 -0.057501
v 0.433911 1.399534 -0.057501
v 4.163778 -1.659303 -0.124436
v 4.163778 -1.659303 -0.057501
v 3.408994 -1.693171 0.077850
v 3.431892 -1.658640 -0.015872
v 3.543368 -1.297965 -0.057501
v 3.543368 -1.297965 -0.124436
v 3.984354 -1.554803 -0.124436
v 3.984354 -1.554803 -0.057501
v 3.946224 -1.912848 -0.015872
v 3.923323 -1.947376 0.077850
v 0.372099 0.582094 -0.353398
v 0.389396 0.757316 -0.233000
v 0.372819 0.717324 -0.327405
v 2.233591 -1.112231 -0.326722
v 2.178328 -1.195603 -0.353398
v 2.256482 -1.077697 -0.233000
v 0.543487 -1.005561 -0.231805
v 0.795570 -1.014692 -0.353398
v 1.023233 -1.296715 -0.326982
v 1.962387 -1.957241 -0.326914
v 1.944750 -1.995300 -0.233000
v 2.004968 -1.865358 -0.353398
v 3.962576 -2.307137 -0.353398
v 3.879911 -2.431774 -0.233000
v 3.904124 -2.395269 -0.327589
v 4.155489 -2.016277 -0.233000
v 4.077300 -2.134165 -0.353398
v 4.132588 -2.050805 -0.326722
v 2.535575 -0.711009 -0.191371
v 0.433911 1.399534 -0.191371
v 4.163778 -1.659303 -0.191371
v 3.408994 -1.693171 -0.326722
v 3.431892 -1.658640 -0.233000
v 3.543368 -1.297965 -0.191371
v 3.984354 -1.554803 -0.191371
v 3.946224 -1.912848 -0.233000
v 3.923323 -1.947376 -0.326722
v 1.084638 -3.588589 0.290653
v 1.643000 -3.574425 -0.011280
v 1.008796 -2.261993 0.380193
v 0.936104 -2.261993 0.390833
v 1.944750 -1.995300 -0.015872
v 1.134067 -3.201330 0.379499
v 1.062468 -3.220113 0.380363
v 1.130146 -3.372357 1.464277
v 1.057756 -3.378735 1.470013
v 1.041626 -2.563032 0.673480
v 1.137246 -3.251722 0.646062
v 1.065546 -3.266425 0.648537
v 0.969042 -2.563032 0.682375
v 1.098182 -3.599509 1.339706
v 1.170048 -3.591578 1.334557
v 1.113167 -3.222487 1.312599
v 1.165757 -3.613148 1.276961
v 1.093890 -3.621618 1.281735
v 1.040736 -3.222487 1.319022
v 1.147372 -3.382694 0.707234
v 1.075637 -3.396731 0.709739
v 1.171454 -3.606827 1.371875
v 1.159406 -3.549565 1.460763
v 1.099604 -3.614616 1.377905
v 1.087474 -3.556860 1.466463
v 1.641967 -3.574072 -0.124436
v 1.094805 -3.575289 -0.124436
v 1.463436 -3.569690 0.088862
v 1.386355 -3.076733 0.200120
v 1.317757 -3.569690 0.296883
v 0.989614 -2.985288 -0.124436
v 0.818508 -2.066610 -0.124436
v 1.161010 -1.357486 0.059474
v 0.527579 -0.841473 0.214569
v 0.489355 -0.851498 0.214435
v 0.509478 -0.867145 0.026973
v 1.944750 -1.995300 -0.124436
v 1.167825 -1.368242 0.039205
v 0.530635 -0.841473 0.193766
v 1.084638 -3.588589 -0.539526
v 1.643000 -3.574425 -0.237593
v 1.008796 -2.261993 -0.629065
v 0.936104 -2.261993 -0.639705
v 1.944750 -1.995300 -0.233000
v 1.134067 -3.201330 -0.628371
v 1.062468 -3.220113 -0.629235
v 1.130146 -3.372357 -1.713149
v 1.057756 -3.378734 -1.718885
v 1.041626 -2.563032 -0.922352
v 1.137246 -3.251722 -0.894934
v 1.065546 -3.266425 -0.897409
v 0.969042 -2.563032 -0.931247
v 1.098182 -3.599509 -1.588578
v 1.170048 -3.591578 -1.583429
v 1.113167 -3.222487 -1.561471
v 1.165757 -3.613148 -1.525833
v 1.093890 -3.621618 -1.530607
v 1.040736 -3.222487 -1.567894
v 1.147372 -3.382694 -0.956106
v 1.075637 -3.396731 -0.958611
v 1.171454 -3.606826 -1.620748
v 1.159406 -3.549565 -1.709635
v 1.099604 -3.614616 -1.626778
v 1.087474 -3.556860 -1.715335
v 1.463436 -3.569690 -0.337735
v 1.386355 -3.076733 -0.448992
v 1.317757 -3.569690 -0.545756
v 1.161010 -1.357486 -0.308346
v 0.527579 -0.841473 -0.463441
v 0.489355 -0.851498 -0.463307
v 0.509478 -0.867145 -0.275845
v 1.167825 -1.368242 -0.288077
v 0.530635 -0.841473 -0.442638
v 3.859599 -1.486341 -0.006408
v 3.859599 -1.532065 -0.096146
v 3.859599 -1.516309 -0.195622
v 3.860295 -1.445093 -0.266839
v 3.862895 -1.345618 -0.282594
v 3.862895 -1.255879 -0.236870
v 3.862895 -1.210156 -0.147132
v 3.862895 -1.225910 -0.047656
v 3.862895 -1.297128 0.023560
v 3.861944 -1.396603 0.039316
v 3.805623 -1.486341 -0.006408
v 3.805623 -1.532065 -0.096146
v 3.805623 -1.516309 -0.195622
v 3.805623 -1.445093 -0.266839
v 3.805623 -1.345618 -0.282594
v 3.805623 -1.255879 -0.236870
v 3.805623 -1.210156 -0.147132
v 3.805623 -1.225910 -0.047656
v 3.805623 -1.297128 0.023560
v 3.805623 -1.396603 0.039316
v 3.805623 -1.468192 -0.024557
v 3.805623 -1.506715 -0.100161
v 3.805623 -1.493441 -0.183970
v 3.805623 -1.433441 -0.243970
v 3.805623 -1.349632 -0.257244
v 3.805623 -1.274028 -0.218721
v 3.805623 -1.235505 -0.143117
v 3.805623 -1.248779 -0.059308
v 3.805623 -1.308779 0.000692
v 3.805623 -1.392588 0.013966
v 3.565525 -1.445093 -0.266839
v 3.566155 -1.516309 -0.195622
v 3.566155 -1.532065 -0.096146
v 3.566155 -1.486341 -0.006408
v 3.563990 -1.396603 0.039316
v 3.563087 -1.297128 0.023560
v 3.563087 -1.225910 -0.047656
v 3.563087 -1.210156 -0.147132
v 3.563087 -1.255879 -0.236870
v 3.563087 -1.345618 -0.282594
v 3.620129 -1.445093 -0.266839
v 3.620129 -1.516309 -0.195622
v 3.620129 -1.532065 -0.096146
v 3.620129 -1.486341 -0.006408
v 3.620129 -1.396603 0.039316
v 3.620129 -1.297128 0.023560
v 3.620129 -1.225910 -0.047656
v 3.620129 -1.210156 -0.147132
v 3.620129 -1.255879 -0.236870
v 3.620129 -1.345618 -0.282594
v 3.620129 -1.433441 -0.243970
v 3.620129 -1.493441 -0.183970
v 3.620129 -1.506715 -0.100161
v 3.620129 -1.468192 -0.024557
v 3.620129 -1.392588 0.013966
v 3.620129 -1.308779 0.000692
v 3.620129 -1.248779 -0.059308
v 3.620129 -1.235505 -0.143117
v 3.620129 -1.274028 -0.218721
v 3.620129 -1.349632 -0.257244
v 3.625257 -2.353562 -0.124436
v 3.775754 -2.385084 -0.124436
v 3.625257 -2.229452 0.127402
v 3.775754 -2.260974 0.127402
v 3.609183 -2.317949 0.127402
v 3.759680 -2.349471 0.127402
v 3.590192 -2.437892 -0.124436
v 3.740690 -2.469414 -0.124436
v 3.626333 -2.452855 -0.124436
v 3.646807 -2.325830 0.143684
v 3.662881 -2.237332 0.143684
v 3.663334 -2.463712 -0.124436
v 3.684431 -2.333710 0.150526
v 3.700505 -2.245213 0.150526
v 3.701582 -2.468616 -0.124436
v 3.722055 -2.341590 0.143684
v 3.738129 -2.253093 0.143684
v 3.750815 -2.165442 0.143684
v 3.788440 -2.165442 0.127402
v 3.675566 -2.165442 0.143684
v 3.637942 -2.165442 0.127402
v 3.625257 -2.291666 -0.005178
v 3.637942 -2.165442 0.072558
v 3.675566 -2.165442 0.072558
v 3.662881 -2.265574 0.062493
v 3.700505 -2.273589 0.065733
v 3.738129 -2.284375 0.062493
v 3.750815 -2.165442 0.072558
v 3.788440 -2.165442 0.072558
v 3.775754 -2.323188 -0.005178
v 3.740690 -2.471300 0.000298
v 3.701582 -2.469800 0.000298
v 3.663334 -2.464143 0.000298
v 3.626333 -2.453551 0.000298
v 3.590192 -2.439778 0.000298
v 3.625257 -2.353562 -0.124436
v 3.775754 -2.385084 -0.124436
v 3.625257 -2.229452 -0.376274
v 3.775754 -2.260974 -0.376274
v 3.609183 -2.317949 -0.376274
v 3.759680 -2.349471 -0.376274
v 3.590192 -2.437892 -0.124436
v 3.740690 -2.469414 -0.124436
v 3.626333 -2.452855 -0.124436
v 3.646807 -2.325830 -0.392556
v 3.662881 -2.237332 -0.392556
v 3.663334 -2.463712 -0.124436
v 3.684431 -2.333710 -0.399399
v 3.700505 -2.245213 -0.399399
v 3.701582 -2.468616 -0.124436
v 3.722055 -2.341590 -0.392556
v 3.738129 -2.253093 -0.392556
v 3.750815 -2.165442 -0.392556
v 3.788440 -2.165442 -0.376274
v 3.675566 -2.165442 -0.392556
v 3.637942 -2.165442 -0.376274
v 3.625257 -2.291666 -0.243694
v 3.637942 -2.165442 -0.321430
v 3.675566 -2.165442 -0.321430
v 3.662881 -2.265574 -0.311365
v 3.700505 -2.273589 -0.314605
v 3.738129 -2.284375 -0.311365
v 3.750815 -2.165442 -0.321430
v 3.788440 -2.165442 -0.321430
v 3.775754 -2.323188 -0.243694
v 3.740690 -2.471300 -0.249170
v 3.701582 -2.469800 -0.249170
v 3.663334 -2.464143 -0.249170
v 3.626333 -2.453551 -0.249170
v 3.590192 -2.439778 -0.249170
v 2.602458 -1.824252 0.074453
v 2.481597 -1.916863 0.074453
v 2.330624 -1.936638 0.074453
v 2.189990 -1.878276 0.074453
v 2.097379 -1.757415 0.074453
v 2.077605 -1.606442 0.074453
v 2.135967 -1.465808 0.074453
v 2.256826 -1.373197 0.074453
v 2.407800 -1.353423 0.074453
v 2.548434 -1.411785 0.074453
v 2.641045 -1.532644 0.074453
v 2.660819 -1.683618 0.074453
v 2.602458 -1.824252 0.143191
v 2.481597 -1.916863 0.143191
v 2.330624 -1.936638 0.143191
v 2.189990 -1.878276 0.143191
v 2.097379 -1.757415 0.143191
v 2.077605 -1.606442 0.143191
v 2.135967 -1.465808 0.143191
v 2.256826 -1.373197 0.143191
v 2.407800 -1.353423 0.143191
v 2.548434 -1.411785 0.143191
v 2.641045 -1.532644 0.143191
v 2.660819 -1.683618 0.143191
v 2.369212 -1.645030 0.143191
v 2.293228 -2.026749 0.074453
v 2.152594 -1.968387 0.074453
v 2.445195 -1.263311 0.074453
v 2.585830 -1.321673 0.074453
v 2.159539 -1.951653 0.125073
v 2.152594 -1.968387 0.081333
v 2.176305 -1.911253 0.143191
v 2.293228 -2.026749 0.081333
v 2.300173 -2.010015 0.125073
v 2.316938 -1.969615 0.143191
v 2.578885 -1.338407 0.125073
v 2.585830 -1.321673 0.081333
v 2.562119 -1.378807 0.143191
v 2.445195 -1.263311 0.081333
v 2.438251 -1.280045 0.125073
v 2.421486 -1.320445 0.143191
v 0.152040 -2.195033 0.034604
v 0.113133 -2.223300 0.034604
v 0.065041 -2.223300 0.034604
v 0.026134 -2.195033 0.034604
v 0.011272 -2.149295 0.034604
v 0.026134 -2.103556 0.034604
v 0.065041 -2.075289 0.034604
v 0.113133 -2.075289 0.034604
v 0.152040 -2.103556 0.034604
v 0.166901 -2.149295 0.034604
v 0.152040 -2.192102 0.147424
v 0.113133 -2.219678 0.151791
v 0.065041 -2.219678 0.151791
v 0.026134 -2.192102 0.147424
v 0.011272 -2.147484 0.140357
v 0.026134 -2.102865 0.133290
v 0.065041 -2.075289 0.128922
v 0.113133 -2.075289 0.128922
v 0.152040 -2.102865 0.133290
v 0.166901 -2.147484 0.140357
v 0.152040 -2.158918 0.212552
v 0.152040 -2.093790 0.245736
v 0.113133 -2.178660 0.232294
v 0.113133 -2.098158 0.273312
v 0.065041 -2.178660 0.232294
v 0.065041 -2.098158 0.273312
v 0.026134 -2.158918 0.212552
v 0.026134 -2.093790 0.245736
v 0.011272 -2.126975 0.180608
v 0.011272 -2.086723 0.201117
v 0.026134 -2.095031 0.148664
v 0.026134 -2.079656 0.156498
v 0.152040 -2.095031 0.148664
v 0.152040 -2.079656 0.156498
v 0.166901 -2.126975 0.180608
v 0.166901 -2.086723 0.201117
v 0.152040 -1.862079 0.248666
v 0.113132 -1.862079 0.276934
v 0.065041 -1.862079 0.276934
v 0.026134 -1.862079 0.248666
v 0.011272 -1.862079 0.202928
v 0.026134 -1.862079 0.157190
v 0.065041 -1.862079 0.128922
v 0.113133 -1.862079 0.128922
v 0.152040 -1.862079 0.157190
v 0.166901 -1.862079 0.202928
v 0.896702 -2.419547 0.325644
v 0.881984 -2.435731 0.317127
v 0.860121 -2.439312 0.309365
v 0.839462 -2.428921 0.305324
v 0.827899 -2.408528 0.306547
v 0.829849 -2.385921 0.312566
v 0.844566 -2.369737 0.321084
v 0.866430 -2.366156 0.328846
v 0.887089 -2.376547 0.332887
v 0.898652 -2.396941 0.331664
v 0.877666 -2.480975 0.511380
v 0.846515 -2.515231 0.493352
v 0.800238 -2.522809 0.476923
v 0.756512 -2.500816 0.468370
v 0.732038 -2.457651 0.470958
v 0.736165 -2.409802 0.483700
v 0.767316 -2.375547 0.501728
v 0.813593 -2.367968 0.518156
v 0.857319 -2.389962 0.526710
v 0.881793 -2.433126 0.524121
v 0.881729 -2.430879 0.373048
v 0.867011 -2.447064 0.364531
v 0.845148 -2.450644 0.356769
v 0.824489 -2.440253 0.352728
v 0.812926 -2.419860 0.353951
v 0.814876 -2.397253 0.359971
v 0.829593 -2.381068 0.368488
v 0.851457 -2.377488 0.376250
v 0.872116 -2.387879 0.380291
v 0.883679 -2.408273 0.379069
v 0.895737 -2.408290 0.395176
v 0.879135 -2.379009 0.396932
v 0.849473 -2.364089 0.391130
v 0.818081 -2.369231 0.379985
v 0.796949 -2.392468 0.367756
v 0.794150 -2.424927 0.359112
v 0.810752 -2.454207 0.357357
v 0.840414 -2.469127 0.363159
v 0.871806 -2.463986 0.374303
v 0.892937 -2.440748 0.386533
v 0.861745 -2.475058 0.513844
v 0.836873 -2.502408 0.499450
v 0.799925 -2.508460 0.486333
v 0.765013 -2.490899 0.479503
v 0.745472 -2.456436 0.481570
v 0.748767 -2.418231 0.491743
v 0.773639 -2.390881 0.506137
v 0.810588 -2.384830 0.519254
v 0.845500 -2.402390 0.526084
v 0.865040 -2.436854 0.524017
v 0.879703 -2.450444 0.427577
v 0.831964 -2.426432 0.418238
v 0.858683 -2.473558 0.415412
v 0.827458 -2.478672 0.404327
v 0.797953 -2.463831 0.398555
v 0.781440 -2.434705 0.400302
v 0.784224 -2.402420 0.408899
v 0.805244 -2.379306 0.421064
v 0.836469 -2.374192 0.432149
v 0.865974 -2.389032 0.437921
v 0.882487 -2.418158 0.436174
v 0.934152 -2.598814 -0.153928
v 1.093711 -2.579526 -0.153928
v 0.934152 -2.598814 -0.094944
v 1.093711 -2.579526 -0.094944
v 0.986547 -3.459297 -0.094944
v 1.196984 -3.433859 -0.094944
v 0.986547 -3.459297 -0.153928
v 1.196984 -3.433859 -0.153928
v 0.798376 -3.323235 -0.094944
v 0.798376 -3.323235 -0.153928
v 0.806613 -2.798022 -0.094944
v 0.806613 -2.798022 -0.153928
v 1.120597 -3.564054 -0.117069
v 1.120597 -3.625840 -0.117069
v 1.456093 -3.564054 -0.049994
v 1.411390 -3.564054 -0.117069
v 1.411390 -3.625840 -0.117069
v 1.456093 -3.625840 -0.049994
v 1.120615 -3.625840 -0.049994
v 1.120616 -3.564054 -0.049994
v 1.044029 -3.625839 -0.117048
v 1.044029 -3.564053 -0.117048
v 1.064699 -3.564053 -0.049973
v 1.064698 -3.625839 -0.049973
v 1.120703 -3.625840 0.205977
v 1.290074 -3.625840 0.205977
v 1.290074 -3.564054 0.205977
v 1.120704 -3.564054 0.205977
v 1.162907 -3.564054 -0.117069
v 1.162907 -3.625840 -0.117069
v 1.169425 -3.625840 -0.049994
v 1.145346 -3.625840 0.205977
v 1.143561 -3.625840 0.229933
v 1.143561 -3.564054 0.229933
v 1.411483 -3.625840 -0.049994
v 1.372723 -3.625840 -0.117069
v 1.372723 -3.564054 -0.117069
v 1.256878 -3.564054 0.229933
v 1.256878 -3.625840 0.229933
v 1.267552 -3.625840 0.205977
v 1.044040 -3.564053 -0.076054
v 1.044039 -3.625839 -0.076054
v 1.120608 -3.625840 -0.076075
v 1.166891 -3.625840 -0.076075
v 1.396412 -3.625840 -0.076075
v 1.444984 -3.625840 -0.093298
v 1.444984 -3.564054 -0.093298
v 1.183106 -3.599656 -0.031355
v 1.162050 -3.599656 0.184064
v 1.268915 -3.599656 0.184064
v 1.394780 -3.599656 -0.031355
v 1.180890 -3.599656 -0.054163
v 1.381600 -3.599656 -0.054163
v 1.272730 -3.365592 0.164875
v 1.314785 -3.365592 0.164875
v 1.279129 -3.346788 0.469766
v 1.308387 -3.346788 0.469766
v 1.279129 -3.474622 0.469766
v 1.308387 -3.474622 0.469766
v 1.272730 -3.557236 0.256609
v 1.314785 -3.557236 0.256609
v 0.419660 -2.148603 0.352226
v 0.358799 -2.179768 0.358902
v 0.291335 -2.169029 0.366302
v 0.243037 -2.120488 0.371599
v 0.232351 -2.052685 0.372771
v 0.263361 -1.991518 0.369370
v 0.324221 -1.960352 0.362694
v 0.391685 -1.971091 0.355295
v 0.439984 -2.019634 0.349997
v 0.450669 -2.087437 0.348825
v 0.413133 -2.135565 0.418441
v 0.362376 -2.161557 0.423539
v 0.306111 -2.152600 0.429189
v 0.265830 -2.112117 0.433235
v 0.256918 -2.055569 0.434130
v 0.282781 -2.004556 0.431533
v 0.333538 -1.978564 0.426435
v 0.389803 -1.987520 0.420784
v 0.430084 -2.028004 0.416739
v 0.438995 -2.084552 0.415844
v 0.347957 -2.070060 0.424987
v 1.329006 -1.565625 0.031862
v 1.346219 -1.577989 0.031862
v 1.421514 -1.436833 0.054850
v 1.438727 -1.449197 0.054850
v 1.282689 -1.630107 0.131958
v 1.299903 -1.642472 0.131958
v 1.215523 -1.723617 0.111374
v 1.232737 -1.735982 0.111374
v 3.557394 -1.597479 -0.130134
v 3.557393 -1.624492 -0.098961
v 3.557393 -1.630362 -0.058133
v 3.557393 -1.613227 -0.020612
v 3.557394 -1.578526 0.001688
v 3.557394 -1.537278 0.001688
v 3.557393 -1.502578 -0.020612
v 3.557394 -1.485443 -0.058133
v 3.557393 -1.491313 -0.098961
v 3.557393 -1.518325 -0.130134
v 3.557393 -1.557902 -0.141755
v 3.863384 -1.597479 -0.130134
v 3.863384 -1.624492 -0.098961
v 3.863384 -1.630362 -0.058133
v 3.863384 -1.613227 -0.020612
v 3.863384 -1.578526 0.001688
v 3.863384 -1.537278 0.001688
v 3.863384 -1.502578 -0.020612
v 3.863384 -1.485443 -0.058133
v 3.863384 -1.491313 -0.098961
v 3.863384 -1.518325 -0.130134
v 3.863384 -1.557902 -0.141755
v 3.632208 -1.537278 0.001688
v 3.632208 -1.502578 -0.020612
v 3.788569 -1.537278 0.001688
v 3.788569 -1.502578 -0.020612
v 3.610558 -1.429664 0.169141
v 3.610558 -1.394963 0.146840
v 3.810220 -1.394963 0.146840
v 3.810219 -1.429664 0.169141
v 3.610558 -1.463855 0.115938
v 3.610558 -1.429154 0.093638
v 3.810220 -1.429154 0.093638
v 3.810220 -1.463855 0.115938
v 3.557844 -0.391929 1.572036
v 3.843471 -0.408657 1.547816
v 3.557844 -0.432493 1.600052
v 3.843471 -0.449221 1.575832
v 3.496017 -1.444617 0.169435
v 3.905298 -1.444617 0.169435
v 3.496017 -1.373438 0.120274
v 3.905298 -1.373438 0.120274
v 3.556183 -0.495335 1.525178
v 3.556183 -0.447052 1.491829
v 3.468929 -0.433327 1.511703
v 3.468929 -0.481610 1.545050
v 3.470592 -0.407193 1.549935
v 3.470592 -0.447758 1.577951
v 3.512021 -1.197506 0.381055
v 3.893264 -1.246682 0.309852
v 3.893264 -1.298787 0.345838
v 3.893264 -1.311813 0.354835
v 3.512021 -1.264105 0.427053
v 3.512021 -1.250786 0.417854
v 3.527386 -0.986162 0.823471
v 3.873928 -0.975936 0.830081
v 3.873928 -0.964854 0.822427
v 3.873928 -0.920527 0.791812
v 3.527387 -0.926920 0.782555
v 4.073528 -1.250275 0.320447
v 4.073528 -1.288161 0.346613
v 3.925374 -0.955110 0.823811
v 3.925373 -0.922879 0.801549
v 4.073528 -1.161789 0.450476
v 4.073528 -1.198146 0.475587
v 3.497506 -1.358054 0.143298
v 3.903809 -1.357750 0.143737
v 3.903809 -1.386994 0.163935
v 3.497506 -1.414544 0.182313
v 3.900705 -1.341146 0.229208
v 3.900705 -1.313150 0.209873
v 4.081293 -1.353826 0.149419
v 4.081293 -1.383070 0.169617
v 4.078188 -1.367064 0.191683
v 4.078188 -1.339068 0.172348
v 3.958788 -1.369704 0.187860
v 3.958788 -1.341708 0.168525
v 3.314224 -1.383096 0.207898
v 3.314224 -1.345471 0.181913
v 3.422336 -1.270032 0.280849
v 3.422336 -1.318722 0.314477
v 3.319256 -1.289670 0.264252
v 3.319256 -1.326359 0.289591
v 3.503857 -1.342900 0.285362
v 0.000000 -2.223163 -0.122513
v 0.000000 -2.223163 0.122513
v 0.000000 -2.330005 0.106261
v 0.000000 -2.301778 0.122513
v 0.000000 -2.330005 -0.102554
v 0.000000 -2.301778 -0.122513
v 0.705699 -2.223163 -0.122513
v 0.705699 -2.223163 0.122513
v 0.180198 -2.223163 0.122513
v 0.289076 -2.223163 0.269989
v 0.518675 -2.223163 0.269989
v 0.500657 -2.330348 0.220165
v 0.313365 -2.330005 0.220165
v 0.641457 -2.330005 0.122700
v 0.220158 -2.330005 0.112512
v 0.641457 -2.330005 -0.082185
v 0.220158 -2.330005 -0.082185
v 0.596176 -2.272013 -0.049699
v 0.493755 -2.272356 0.187774
v 0.596176 -2.272013 0.111225
v 0.265346 -2.272012 -0.049743
v 0.330660 -2.272012 0.187752
v 0.265346 -2.272012 0.103179
v 0.180198 -2.301779 0.122513
v 0.194444 -2.330005 0.106261
v 0.289076 -2.301779 0.269989
v 0.303323 -2.330005 0.241762
v 0.518675 -2.301875 0.269989
v 0.508919 -2.330199 0.241859
v 0.705699 -2.301779 -0.122513
v 0.677472 -2.330005 -0.102554
v 0.705699 -2.301779 0.122513
v 0.677472 -2.330005 0.120705
v 1.007262 -3.404333 -0.123308
v 1.102355 -3.404333 0.010396
v 1.102355 -3.490307 0.010396
v 1.007262 -3.569709 -0.123308
v 1.102355 -3.569709 -0.123308
v 1.007262 -3.404333 -0.064888
v 1.102355 -3.569709 -0.044913
v 1.007262 -3.569709 -0.064888
v 1.007262 -3.490307 -0.123308
v 1.007262 -3.490307 -0.064888
v 1.102355 -3.404333 -0.257012
v 1.102355 -3.490307 -0.257012
v 1.007262 -3.404333 -0.181729
v 1.102355 -3.569709 -0.201704
v 1.007262 -3.569709 -0.181729
v 1.007262 -3.490307 -0.181729
v 0.854683 -2.000798 0.243009
v 0.854683 -2.000798 0.337965
v 1.068023 -3.171333 0.337965
v 1.068023 -3.171333 0.243009
v 0.807998 -2.385375 0.337965
v 0.976093 -2.370232 0.337965
v 0.976092 -2.370232 0.243009
v 0.807998 -2.385375 0.243009
v 0.459719 0.333064 0.041207
v 0.408910 0.333064 0.286233
v 0.873866 -1.596397 0.286233
v 1.106411 -1.596397 0.286233
v 0.888233 -1.596397 0.041207
v 1.161089 -1.596397 0.041207
v 0.420149 -0.102996 0.286233
v 0.531149 -0.106093 0.286233
v 0.581958 -0.106093 0.041207
v 0.416614 -0.791604 0.286233
v 0.759892 -0.788826 0.286233
v 0.826607 -0.788826 0.041207
v 0.576281 -1.174958 0.286233
v 0.988361 -1.160333 0.286233
v 1.067529 -1.160333 0.041207
v 0.573036 -1.174958 0.041207
v 0.769948 -1.364476 0.286233
v 1.054763 -1.362545 0.286233
v 1.135952 -1.362545 0.041207
v 0.805739 -1.364476 0.041207
v 0.878297 -2.071424 0.286233
v 1.106411 -2.071424 0.286233
v 1.161089 -2.071424 0.041207
v 0.893149 -2.071424 0.041207
v 0.168105 -1.137805 -0.247272
v 0.575235 -1.136058 -0.440736
v 0.168105 -2.239218 -0.122513
v 0.879406 -2.239218 -0.122513
v 0.625007 -1.312052 -0.471933
v 0.719393 -1.610459 -0.500811
v 0.810631 -1.910551 -0.497285
v 0.267018 -1.135176 -0.467325
v 0.279070 -1.310777 -0.519705
v 0.297222 -1.610282 -0.588722
v 0.315444 -1.910374 -0.622279
v 0.339852 -2.239218 -0.622555
v 0.368275 -1.135305 -0.464300
v 0.392861 -1.311221 -0.513421
v 0.429921 -1.610323 -0.575182
v 0.467126 -1.909237 -0.600755
v 0.516866 -2.239218 -0.593702
v 0.471446 -1.135521 -0.454610
v 0.508742 -1.311104 -0.495965
v 0.573442 -1.610954 -0.542900
v 0.635373 -1.909315 -0.554375
v 0.483295 -1.925920 -0.561412
v 0.532414 -2.239218 -0.554359
v 0.640081 -1.925998 -0.452123
v 0.705313 -2.239218 -0.432054
v 0.812251 -1.927234 -0.395034
v 0.904886 -2.239218 -0.364066
v 0.168105 -1.358088 -0.247273
v 0.168105 -1.534314 -0.247273
v 0.168105 -2.091188 -0.122513
v 0.473961 -2.239218 -0.122513
v 0.168105 -2.239218 -0.586170
v 0.168105 -1.135689 -0.425228
v 0.208861 -1.135145 -0.467452
v 0.168105 -1.322160 -0.481186
v 0.208825 -1.311243 -0.520338
v 0.168105 -1.517643 -0.531642
v 0.208790 -1.611531 -0.590529
v 0.168105 -1.718829 -0.569150
v 0.168105 -1.912733 -0.584776
v 0.208782 -1.910807 -0.625438
v 0.208784 -2.239218 -0.626849
v 0.000000 -1.517643 -0.531642
v 0.000000 -2.091188 -0.122513
v 0.000000 -1.534314 -0.247273
v 0.168105 -2.039713 -0.446011
v 0.168105 -2.089954 -0.387250
v 0.000000 -2.089954 -0.387250
v 0.000000 -2.039713 -0.446011
v 0.168105 -1.137805 0.002246
v 0.575235 -1.136058 0.195710
v 0.625007 -1.312052 0.226907
v 0.719393 -1.610459 0.255785
v 0.810631 -1.910551 0.252259
v 0.267018 -1.135176 0.222299
v 0.279070 -1.310777 0.274679
v 0.297222 -1.610282 0.343696
v 0.315444 -1.910374 0.377253
v 0.339852 -2.239218 0.377528
v 0.368275 -1.135305 0.219274
v 0.392861 -1.311221 0.268395
v 0.429921 -1.610323 0.330156
v 0.467126 -1.909237 0.355728
v 0.516866 -2.239218 0.348676
v 0.471446 -1.135521 0.209584
v 0.508742 -1.311104 0.250939
v 0.573442 -1.610954 0.297874
v 0.635373 -1.909315 0.309349
v 0.483295 -1.925920 0.316386
v 0.532414 -2.239218 0.309333
v 0.640081 -1.925998 0.207097
v 0.705313 -2.239218 0.187028
v 0.812251 -1.927234 0.150008
v 0.904886 -2.239218 0.119040
v 0.168105 -1.358088 0.002246
v 0.168105 -1.534314 0.002246
v 0.168105 -2.239218 0.341144
v 0.168105 -1.135689 0.180202
v 0.208861 -1.135145 0.222426
v 0.168105 -1.322160 0.236160
v 0.208825 -1.311243 0.275312
v 0.168105 -1.517643 0.286616
v 0.208790 -1.611531 0.345503
v 0.168105 -1.718829 0.324124
v 0.168105 -1.912733 0.339750
v 0.208782 -1.910807 0.380412
v 0.208784 -2.239218 0.381823
v 0.000000 -1.517643 0.286616
v 0.000000 -1.534314 0.002246
v 0.168105 -2.039713 0.200985
v 0.168105 -2.089954 0.142224
v 0.000000 -2.089954 0.142224
v 0.000000 -2.039713 0.200985
v 3.526751 -1.574617 -0.024380
v 3.900702 -1.574617 -0.024380
v 3.526751 -1.638611 0.093431
v 3.900702 -1.638611 0.093431
v 3.526751 -1.606611 0.093431
v 3.526751 -1.574617 0.061437
v 3.900702 -1.606611 0.093431
v 3.900702 -1.574617 0.061437
v 3.528095 -1.629351 0.050125
v 3.552846 -1.629351 0.050125
v 3.713727 -1.629351 0.050125
v 3.528095 -1.629353 0.113179
v 3.589972 -1.629353 0.140356
v 3.651850 -1.629353 0.154102
v 3.713727 -1.629353 0.154102
v 3.528095 -1.967124 0.113179
v 3.589972 -1.967124 0.140356
v 3.651850 -1.967124 0.154102
v 3.713727 -1.967124 0.154102
v 3.528095 -1.967122 0.050125
v 3.559034 -1.967122 0.078805
v 3.713727 -1.967122 0.078805
v 3.559034 -1.967124 0.126768
v 3.559034 -1.629353 0.126768
v 3.552846 -1.967124 0.116191
v 3.552846 -1.629353 0.116191
v 3.899357 -1.629351 0.050125
v 3.837481 -1.629353 0.140356
v 3.868420 -1.629353 0.126768
v 3.874607 -1.629353 0.116191
v 3.775604 -1.629353 0.154102
v 3.837481 -1.967124 0.140356
v 3.868420 -1.967124 0.126768
v 3.775604 -1.967124 0.154102
v 3.868420 -1.967122 0.078805
v 3.899357 -1.629353 0.113179
v 3.899357 -1.967124 0.113179
v 3.899357 -1.967122 0.050125
v 3.874607 -1.967124 0.116191
v 4.027748 -1.371653 -0.292240
v 4.027748 -1.295155 -0.271774
v 4.027748 -1.221517 -0.198137
v 4.027748 -1.205227 -0.095280
v 4.027748 -1.252505 -0.002491
v 4.027748 -1.345294 0.044787
v 4.027748 -1.355166 -0.121639
v 3.854935 -1.355166 -0.121639
v 4.027748 -2.074049 -0.292240
v 4.027748 -2.074049 0.048962
v 4.027748 -2.074049 -0.121639
v 3.854935 -2.074049 -0.121639
v 3.952579 -2.074049 -0.344734
v 3.951634 -1.355166 -0.344734
v 3.949086 -1.255129 -0.317971
v 3.946802 -1.158834 -0.221675
v 3.946321 -1.137530 -0.087169
v 3.947744 -1.199356 0.034171
v 3.950742 -1.320695 0.095997
v 3.952579 -2.074049 0.101456
v 3.854688 -1.372313 -0.312133
v 3.898871 -1.355166 -0.344734
v 3.897658 -1.255129 -0.317971
v 3.854688 -1.286057 -0.289155
v 3.896591 -1.158834 -0.221675
v 3.854688 -1.203894 -0.206993
v 3.896369 -1.137530 -0.087169
v 3.854688 -1.185717 -0.092228
v 3.897027 -1.199356 0.034171
v 3.854688 -1.238469 0.011303
v 3.898444 -1.320695 0.095997
v 3.854688 -1.342451 0.064126
v 3.899328 -2.074049 -0.344734
v 3.853999 -2.037897 -0.312134
v 3.853999 -2.037897 0.068855
v 3.899328 -2.074049 0.101456
v 3.557844 -0.391929 -1.815314
v 3.843471 -0.408657 -1.791094
v 3.557844 -0.432493 -1.843330
v 3.843471 -0.449221 -1.819110
v 3.496017 -1.444617 -0.412713
v 3.905298 -1.444617 -0.412713
v 3.496017 -1.373438 -0.363552
v 3.905298 -1.373438 -0.363552
v 3.556183 -0.495335 -1.768456
v 3.556183 -0.447052 -1.735107
v 3.468929 -0.433326 -1.754981
v 3.468929 -0.481609 -1.788328
v 3.470592 -0.407193 -1.793213
v 3.470592 -0.447758 -1.821229
v 3.512021 -1.197506 -0.624333
v 3.893264 -1.246682 -0.553130
v 3.893264 -1.298787 -0.589116
v 3.893264 -1.311813 -0.598113
v 3.512021 -1.264105 -0.670331
v 3.512021 -1.250786 -0.661132
v 3.527386 -0.986161 -1.066749
v 3.873928 -0.975936 -1.073359
v 3.873928 -0.964854 -1.065705
v 3.873928 -0.920527 -1.035090
v 3.527387 -0.926920 -1.025833
v 4.073528 -1.250275 -0.563725
v 4.073528 -1.288161 -0.589891
v 3.925374 -0.955110 -1.067089
v 3.925373 -0.922879 -1.044828
v 4.073528 -1.161789 -0.693754
v 4.073528 -1.198146 -0.718865
v 3.497506 -1.358054 -0.386576
v 3.903809 -1.357750 -0.387015
v 3.903809 -1.386994 -0.407213
v 3.497506 -1.414544 -0.425591
v 3.900705 -1.341146 -0.472486
v 3.900705 -1.313150 -0.453151
v 4.081293 -1.353826 -0.392697
v 4.081293 -1.383070 -0.412895
v 4.078188 -1.367064 -0.434961
v 4.078188 -1.339068 -0.415626
v 3.958788 -1.369704 -0.431138
v 3.958788 -1.341708 -0.411803
v 3.314224 -1.383096 -0.451176
v 3.314224 -1.345471 -0.425191
v 3.422336 -1.270032 -0.524127
v 3.422336 -1.318722 -0.557755
v 3.319256 -1.289670 -0.507530
v 3.319256 -1.326359 -0.532870
v 3.503857 -1.342900 -0.528640
v 3.557394 -1.597479 -0.113144
v 3.557393 -1.624492 -0.144317
v 3.557393 -1.630362 -0.185145
v 3.557393 -1.613227 -0.222666
v 3.557394 -1.578526 -0.244967
v 3.557394 -1.537278 -0.244967
v 3.557393 -1.502578 -0.222666
v 3.557394 -1.485443 -0.185145
v 3.557393 -1.491313 -0.144317
v 3.557393 -1.518325 -0.113144
v 3.557393 -1.557902 -0.101523
v 3.863384 -1.597479 -0.113144
v 3.863384 -1.624492 -0.144317
v 3.863384 -1.630362 -0.185145
v 3.863384 -1.613227 -0.222666
v 3.863384 -1.578526 -0.244967
v 3.863384 -1.537278 -0.244967
v 3.863384 -1.502578 -0.222666
v 3.863384 -1.485443 -0.185145
v 3.863384 -1.491313 -0.144317
v 3.863384 -1.518325 -0.113144
v 3.863384 -1.557902 -0.101523
v 3.632208 -1.537278 -0.244967
v 3.632208 -1.502578 -0.222666
v 3.788569 -1.537278 -0.244967
v 3.788569 -1.502578 -0.222666
v 3.610558 -1.429664 -0.412419
v 3.610558 -1.394963 -0.390118
v 3.810220 -1.394963 -0.390118
v 3.810219 -1.429664 -0.412419
v 3.610558 -1.463855 -0.359216
v 3.610558 -1.429154 -0.336916
v 3.810220 -1.429154 -0.336916
v 3.810220 -1.463855 -0.359216
v 3.528095 -1.629351 -0.293403
v 3.552846 -1.629351 -0.293403
v 3.713727 -1.629351 -0.293403
v 3.528095 -1.629353 -0.356457
v 3.589972 -1.629353 -0.383634
v 3.651850 -1.629353 -0.397380
v 3.713727 -1.629353 -0.397380
v 3.528095 -1.967124 -0.356457
v 3.589972 -1.967124 -0.383634
v 3.651850 -1.967124 -0.397380
v 3.713727 -1.967124 -0.397380
v 3.528095 -1.967122 -0.293403
v 3.559034 -1.967122 -0.322083
v 3.713727 -1.967122 -0.322083
v 3.559034 -1.967124 -0.370046
v 3.559034 -1.629353 -0.370046
v 3.552846 -1.967124 -0.359469
v 3.552846 -1.629353 -0.359469
v 3.899357 -1.629351 -0.293403
v 3.837481 -1.629353 -0.383634
v 3.868420 -1.629353 -0.370046
v 3.874607 -1.629353 -0.359469
v 3.775604 -1.629353 -0.397380
v 3.837481 -1.967124 -0.383634
v 3.868420 -1.967124 -0.370046
v 3.775604 -1.967124 -0.397380
v 3.868420 -1.967122 -0.322083
v 3.899357 -1.629353 -0.356457
v 3.899357 -1.967124 -0.356457
v 3.899357 -1.967122 -0.293403
v 3.874607 -1.967124 -0.359469
v 3.526751 -1.574617 -0.218898
v 3.900702 -1.574617 -0.218898
v 3.526751 -1.638611 -0.336709
v 3.900702 -1.638611 -0.336709
v 3.526751 -1.606611 -0.336709
v 3.526751 -1.574617 -0.304715
v 3.900702 -1.606611 -0.336709
v 3.900702 -1.574617 -0.304715
v 0.854683 -2.000798 -0.488035
v 0.854683 -2.000798 -0.582992
v 1.068023 -3.171333 -0.582992
v 1.068023 -3.171333 -0.488035
v 0.807998 -2.385375 -0.582992
v 0.976093 -2.370232 -0.582992
v 0.976092 -2.370232 -0.488035
v 0.807998 -2.385375 -0.488035
v 0.000000 -2.223163 -0.122513
v 0.000000 -2.223163 -0.367539
v 0.000000 -2.330005 -0.351288
v 0.000000 -2.301778 -0.367539
v 0.000000 -2.330005 -0.142472
v 0.000000 -2.301778 -0.122513
v 0.705699 -2.223163 -0.122513
v 0.705699 -2.223163 -0.367539
v 0.180198 -2.223163 -0.367539
v 0.289076 -2.223163 -0.515015
v 0.518675 -2.223163 -0.515015
v 0.500657 -2.330348 -0.465191
v 0.313365 -2.330005 -0.465191
v 0.641457 -2.330005 -0.367726
v 0.220158 -2.330005 -0.357538
v 0.641457 -2.330005 -0.162841
v 0.220158 -2.330005 -0.162841
v 0.596176 -2.272013 -0.195327
v 0.493755 -2.272356 -0.432801
v 0.596176 -2.272013 -0.356251
v 0.265346 -2.272012 -0.195283
v 0.330660 -2.272012 -0.432779
v 0.265346 -2.272012 -0.348205
v 0.180198 -2.301779 -0.367539
v 0.194444 -2.330005 -0.351288
v 0.289076 -2.301779 -0.515015
v 0.303323 -2.330005 -0.486788
v 0.518675 -2.301875 -0.515015
v 0.508919 -2.330199 -0.486886
v 0.705699 -2.301779 -0.122513
v 0.677472 -2.330005 -0.142472
v 0.705699 -2.301779 -0.367539
v 0.677472 -2.330005 -0.365731
v 1.120597 -3.564054 -0.117027
v 1.120597 -3.625840 -0.117027
v 1.456093 -3.564054 -0.184103
v 1.411390 -3.564054 -0.117027
v 1.411390 -3.625840 -0.117027
v 1.456093 -3.625840 -0.184103
v 1.120615 -3.625840 -0.184102
v 1.120616 -3.564054 -0.184103
v 1.044029 -3.625839 -0.117048
v 1.044029 -3.564053 -0.117048
v 1.064699 -3.564053 -0.184123
v 1.064698 -3.625839 -0.184123
v 1.120703 -3.625840 -0.440073
v 1.290074 -3.625840 -0.440073
v 1.290074 -3.564054 -0.440073
v 1.120704 -3.564054 -0.440073
v 1.162907 -3.564054 -0.117027
v 1.162907 -3.625840 -0.117027
v 1.169425 -3.625840 -0.184102
v 1.145346 -3.625840 -0.440073
v 1.143561 -3.625840 -0.464030
v 1.143561 -3.564054 -0.464030
v 1.411483 -3.625840 -0.184103
v 1.372723 -3.625840 -0.117027
v 1.372723 -3.564054 -0.117027
v 1.256878 -3.564054 -0.464030
v 1.256878 -3.625840 -0.464030
v 1.267552 -3.625840 -0.440073
v 1.044040 -3.564053 -0.158042
v 1.044039 -3.625839 -0.158042
v 1.120608 -3.625840 -0.158021
v 1.166891 -3.625840 -0.158021
v 1.396412 -3.625840 -0.158021
v 1.444984 -3.625840 -0.140798
v 1.444984 -3.564054 -0.140798
v 1.183106 -3.599656 -0.202741
v 1.162050 -3.599656 -0.418160
v 1.268915 -3.599656 -0.418160
v 1.394780 -3.599656 -0.202741
v 1.180890 -3.599656 -0.179934
v 1.381600 -3.599656 -0.179934
v 3.399706 -1.371653 -0.292240
v 3.399706 -1.295155 -0.271774
v 3.399706 -1.221517 -0.198137
v 3.399706 -1.205227 -0.095280
v 3.399706 -1.252505 -0.002491
v 3.399706 -1.345294 0.044787
v 3.399706 -1.355166 -0.121639
v 3.572518 -1.355166 -0.121639
v 3.399706 -2.074049 -0.292240
v 3.399706 -2.074049 0.048962
v 3.399706 -2.074049 -0.121639
v 3.572518 -2.074049 -0.121639
v 3.474875 -2.074049 -0.344734
v 3.475820 -1.355166 -0.344734
v 3.478368 -1.255129 -0.317971
v 3.480651 -1.158834 -0.221675
v 3.481133 -1.137530 -0.087169
v 3.479710 -1.199356 0.034171
v 3.476712 -1.320695 0.095997
v 3.474875 -2.074049 0.101456
v 3.572766 -1.372313 -0.312133
v 3.528583 -1.355166 -0.344734
v 3.529796 -1.255129 -0.317971
v 3.572766 -1.286057 -0.289155
v 3.530863 -1.158834 -0.221675
v 3.572766 -1.203894 -0.206993
v 3.531084 -1.137530 -0.087169
v 3.572766 -1.185717 -0.092228
v 3.530426 -1.199356 0.034171
v 3.572766 -1.238469 0.011303
v 3.529010 -1.320695 0.095997
v 3.572766 -1.342451 0.064126
v 3.528126 -2.074049 -0.344734
v 3.573455 -2.037897 -0.312134
v 3.573455 -2.037897 0.068855
v 3.528126 -2.074049 0.101456
v 0.294886 2.033442 0.219376
v 0.375590 2.033442 0.219376
v 0.294886 2.033442 0.300081
v 0.349907 2.033442 0.292740
v 0.294886 1.998206 0.300081
v 0.349907 1.998206 0.292740
v 0.294886 1.998206 0.219376
v 0.375590 1.998206 0.219376
v 0.230896 2.580199 -0.453343
v 0.230896 2.513136 -0.386280
v 0.230896 2.498299 -0.292605
v 0.230896 2.541357 -0.208100
v 0.230896 2.625862 -0.165043
v 0.230896 2.719536 -0.179880
v 0.230896 2.786600 -0.246943
v 0.230896 2.801436 -0.340618
v 0.230896 2.758379 -0.425122
v 0.230896 2.673874 -0.468180
v 0.304372 2.649868 -0.316611
v 0.278658 2.580199 -0.453343
v 0.304372 2.592474 -0.429253
v 0.278658 2.513136 -0.386280
v 0.304372 2.537226 -0.374005
v 0.278658 2.498299 -0.292605
v 0.304372 2.525004 -0.296835
v 0.278658 2.541357 -0.208100
v 0.304372 2.560475 -0.227219
v 0.278658 2.625862 -0.165043
v 0.304372 2.630091 -0.191747
v 0.278658 2.719536 -0.179880
v 0.304372 2.707262 -0.203970
v 0.278658 2.786600 -0.246943
v 0.304372 2.762510 -0.259218
v 0.278658 2.801436 -0.340618
v 0.304372 2.774732 -0.336388
v 0.278658 2.758379 -0.425123
v 0.304372 2.739261 -0.406004
v 0.278658 2.673874 -0.468180
v 0.304372 2.669644 -0.441475
v 0.018901 0.122513 0.277509
v 0.237456 0.122513 0.277509
v 0.018901 -0.140887 0.412537
v 0.237456 -0.140887 0.412537
v 0.018901 -0.122513 0.277509
v 0.237456 -0.122513 0.277509
v 0.018901 -0.070262 0.412537
v 0.237456 -0.070262 0.412537
v 0.018901 -0.056815 0.277509
v 0.062685 -0.143499 0.654109
v 0.193673 -0.143499 0.654109
v 0.193673 -0.199665 0.654109
v 0.062685 -0.199665 0.654109
v 0.082333 -0.158338 0.654109
v 0.051684 -0.070262 0.412537
v 0.204673 -0.070262 0.412537
v 0.174024 -0.158338 0.654109
v 0.021577 -0.076853 0.432326
v 0.053557 -0.091692 0.432326
v 0.202800 -0.091692 0.432326
v 0.234781 -0.076853 0.432326
v 0.063736 -0.127516 0.561577
v 0.036118 -0.112677 0.561577
v 0.036118 -0.174928 0.561577
v 0.220239 -0.174928 0.561577
v 0.220239 -0.112677 0.561577
v 0.192621 -0.127516 0.561577
v 0.018901 0.082009 0.412537
v 0.018901 0.122513 0.372033
v 0.237456 0.122513 0.372033
v 0.237456 0.082009 0.412537
v -1.144535 0.268210 -0.124436
v -1.315305 0.054027 -0.124436
v -0.799349 0.075922 0.056141
v -1.042077 -0.134081 0.056141
v -1.062038 0.200940 0.094223
v -1.038204 0.230833 0.056175
v -0.829335 0.049979 0.094223
v -1.232304 0.005150 0.055138
v -1.207917 0.035736 0.094223
v -1.012528 -0.108516 0.094223
v -1.398306 0.102904 -0.007655
v -1.373725 0.133734 0.031422
v -1.274921 0.275415 0.031422
v -1.250865 0.305587 -0.006511
v -1.538730 0.322025 -0.038636
v -1.540325 0.267054 -0.005890
v -1.513083 0.293772 0.031422
v -1.540830 0.267637 -0.124436
v -1.539268 0.321472 -0.124436
v -1.421102 0.443027 -0.040285
v -1.395579 0.414646 0.031422
v -1.368454 0.441499 -0.007539
v -1.421714 0.442397 -0.124436
v -1.367879 0.440835 -0.124436
v -1.144535 0.268210 -0.124436
v -1.315305 0.054027 -0.124436
v -0.799349 0.075922 -0.305012
v -1.042077 -0.134081 -0.305012
v -1.062038 0.200940 -0.343095
v -1.038204 0.230833 -0.305046
v -0.829335 0.049979 -0.343095
v -1.232304 0.005150 -0.304010
v -1.207917 0.035736 -0.343095
v -1.012528 -0.108516 -0.343095
v -1.398306 0.102904 -0.241216
v -1.373725 0.133734 -0.280293
v -1.274921 0.275415 -0.280293
v -1.250865 0.305587 -0.242361
v -1.538730 0.322025 -0.210236
v -1.540325 0.267054 -0.242982
v -1.513083 0.293772 -0.280293
v -1.540830 0.267637 -0.124436
v -1.539268 0.321472 -0.124436
v -1.421102 0.443027 -0.208587
v -1.395579 0.414647 -0.280293
v -1.368454 0.441499 -0.241333
v -1.421714 0.442397 -0.124436
v -1.367879 0.440835 -0.124436
v -1.512200 -0.094838 -0.124436
v -1.682971 -0.309021 -0.124436
v -1.167014 -0.287126 -0.305012
v -1.409743 -0.497129 -0.305012
v -1.429703 -0.162108 -0.343095
v -1.405869 -0.132215 -0.305046
v -1.197000 -0.313069 -0.343095
v -1.599969 -0.357898 -0.304010
v -1.575582 -0.327311 -0.343095
v -1.380193 -0.471563 -0.343095
v -1.765972 -0.260144 -0.241217
v -1.741390 -0.229314 -0.280293
v -1.642587 -0.087632 -0.280293
v -1.618531 -0.057461 -0.242361
v -1.906396 -0.041023 -0.210236
v -1.907991 -0.095994 -0.242982
v -1.880749 -0.069276 -0.280293
v -1.908495 -0.095410 -0.124436
v -1.906933 -0.041576 -0.124436
v -1.788768 0.079979 -0.208587
v -1.763245 0.051599 -0.280293
v -1.736119 0.078451 -0.241333
v -1.789379 0.079349 -0.124436
v -1.735545 0.077787 -0.124436
v -1.512200 -0.094838 -0.124436
v -1.682971 -0.309021 -0.124436
v -1.167014 -0.287126 0.056141
v -1.409743 -0.497129 0.056141
v -1.429703 -0.162108 0.094223
v -1.405869 -0.132215 0.056174
v -1.197000 -0.313069 0.094223
v -1.599969 -0.357898 0.055138
v -1.575582 -0.327311 0.094223
v -1.380193 -0.471563 0.094223
v -1.765972 -0.260144 -0.007655
v -1.741390 -0.229314 0.031422
v -1.642587 -0.087632 0.031422
v -1.618531 -0.057461 -0.006511
v -1.906396 -0.041023 -0.038636
v -1.907991 -0.095994 -0.005890
v -1.880749 -0.069276 0.031422
v -1.908495 -0.095410 -0.124436
v -1.906933 -0.041576 -0.124436
v -1.788768 0.079979 -0.040285
v -1.763245 0.051599 0.031422
v -1.736119 0.078451 -0.007539
v -1.789379 0.079349 -0.124436
v -1.735545 0.077787 -0.124436
v 1.144535 0.268210 -0.124436
v 1.315305 0.054027 -0.124436
v 0.799349 0.075922 0.056141
v 1.042077 -0.134081 0.056141
v 1.062038 0.200940 0.094223
v 1.038204 0.230833 0.056175
v 0.829335 0.049979 0.094223
v 1.232304 0.005150 0.055138
v 1.207917 0.035736 0.094223
v 1.012528 -0.108516 0.094223
v 1.398306 0.102904 -0.007655
v 1.373725 0.133734 0.031422
v 1.274921 0.275415 0.031422
v 1.250865 0.305587 -0.006511
v 1.538730 0.322025 -0.038636
v 1.540325 0.267054 -0.005890
v 1.513083 0.293772 0.031422
v 1.540830 0.267637 -0.124436
v 1.539268 0.321472 -0.124436
v 1.421102 0.443027 -0.040285
v 1.395579 0.414646 0.031422
v 1.368454 0.441499 -0.007539
v 1.421714 0.442397 -0.124436
v 1.367879 0.440835 -0.124436
v 1.144535 0.268210 -0.124436
v 1.315305 0.054027 -0.124436
v 0.799349 0.075922 -0.305012
v 1.042077 -0.134081 -0.305012
v 1.062038 0.200940 -0.343095
v 1.038204 0.230833 -0.305046
v 0.829335 0.049979 -0.343095
v 1.232304 0.005150 -0.304010
v 1.207917 0.035736 -0.343095
v 1.012528 -0.108516 -0.343095
v 1.398306 0.102904 -0.241216
v 1.373725 0.133734 -0.280293
v 1.274921 0.275415 -0.280293
v 1.250865 0.305587 -0.242361
v 1.538730 0.322025 -0.210236
v 1.540325 0.267054 -0.242982
v 1.513083 0.293772 -0.280293
v 1.540830 0.267637 -0.124436
v 1.539268 0.321472 -0.124436
v 1.421102 0.443027 -0.208587
v 1.395579 0.414647 -0.280293
v 1.368454 0.441499 -0.241333
v 1.421714 0.442397 -0.124436
v 1.367879 0.440835 -0.124436
v 1.512200 -0.094838 -0.124436
v 1.682971 -0.309021 -0.124436
v 1.167014 -0.287126 -0.305012
v 1.409743 -0.497129 -0.305012
v 1.429703 -0.162108 -0.343095
v 1.405869 -0.132215 -0.305046
v 1.197000 -0.313069 -0.343095
v 1.599969 -0.357898 -0.304010
v 1.575582 -0.327311 -0.343095
v 1.380193 -0.471563 -0.343095
v 1.765972 -0.260144 -0.241217
v 1.741390 -0.229314 -0.280293
v 1.642587 -0.087632 -0.280293
v 1.618531 -0.057461 -0.242361
v 1.906396 -0.041023 -0.210236
v 1.907991 -0.095994 -0.242982
v 1.880749 -0.069276 -0.280293
v 1.908495 -0.095410 -0.124436
v 1.906933 -0.041576 -0.124436
v 1.788768 0.079979 -0.208587
v 1.763245 0.051599 -0.280293
v 1.736119 0.078451 -0.241333
v 1.789379 0.079349 -0.124436
v 1.735545 0.077787 -0.124436
v 1.512200 -0.094838 -0.124436
v 1.682971 -0.309021 -0.124436
v 1.167014 -0.287126 0.056141
v 1.409743 -0.497129 0.056141
v 1.429703 -0.162108 0.094223
v 1.405869 -0.132215 0.056174
v 1.197000 -0.313069 0.094223
v 1.599969 -0.357898 0.055138
v 1.575582 -0.327311 0.094223
v 1.380193 -0.471563 0.094223
v 1.765972 -0.260144 -0.007655
v 1.741390 -0.229314 0.031422
v 1.642587 -0.087632 0.031422
v 1.618531 -0.057461 -0.006511
v 1.906396 -0.041023 -0.038636
v 1.907991 -0.095994 -0.005890
v 1.880749 -0.069276 0.031422
v 1.908495 -0.095410 -0.124436
v 1.906933 -0.041576 -0.124436
v 1.788768 0.079979 -0.040285
v 1.763245 0.051599 0.031422
v 1.736119 0.078451 -0.007539
v 1.789379 0.079349 -0.124436
v 1.735545 0.077787 -0.124436
v -0.169843 -1.992323 0.195046
v 0.169843 -1.992323 0.195046
v -0.169843 -1.745492 0.301250
v 0.169843 -1.745492 0.301250
v -0.169843 -2.015684 0.249340
v -0.150144 -2.005375 0.275221
v 0.150144 -2.005375 0.275221
v 0.169843 -2.015684 0.249340
v -0.150144 -1.794734 0.365854
v -0.169843 -1.768852 0.355544
v 0.150144 -1.794734 0.365854
v 0.169843 -1.768852 0.355544
v -0.219224 -1.374801 -0.484255
v 0.219224 -1.374801 -0.484255
v -0.188162 -1.399100 -0.364740
v -0.219224 -1.462671 -0.415803
v -0.188162 -1.484635 -0.398692
v -0.219224 -1.497538 -0.469111
v -0.188162 -1.528218 -0.465326
v -0.219224 -1.485524 -0.528204
v -0.188162 -1.513201 -0.539190
v -0.219224 -1.431217 -0.570510
v -0.188162 -1.445319 -0.592071
v -0.219224 -1.355361 -0.579870
v -0.188162 -1.350502 -0.603770
v -0.219224 -1.286930 -0.552708
v -0.188162 -1.264966 -0.569818
v -0.219224 -1.252063 -0.499399
v -0.188162 -1.221383 -0.503184
v -0.219224 -1.264078 -0.440306
v -0.188162 -1.236401 -0.429320
v -0.219224 -1.318385 -0.398000
v -0.188162 -1.304282 -0.376439
v -0.219224 -1.394240 -0.388641
v 0.219224 -1.394240 -0.388641
v 0.188162 -1.484635 -0.398692
v 0.219224 -1.462671 -0.415803
v 0.188162 -1.528218 -0.465326
v 0.219224 -1.497538 -0.469111
v 0.188162 -1.513201 -0.539190
v 0.219224 -1.485524 -0.528204
v 0.188162 -1.445319 -0.592071
v 0.219224 -1.431217 -0.570510
v 0.188162 -1.350502 -0.603770
v 0.219224 -1.355361 -0.579870
v 0.188162 -1.264966 -0.569818
v 0.219224 -1.286930 -0.552708
v 0.188162 -1.221383 -0.503184
v 0.219224 -1.252063 -0.499399
v 0.188162 -1.236401 -0.429320
v 0.219224 -1.264078 -0.440306
v 0.188162 -1.304282 -0.376439
v 0.219224 -1.318385 -0.398000
v 0.188162 -1.399100 -0.364740
v 0.250709 0.211013 0.634742
v -0.250709 0.211013 0.634742
v 0.250709 0.150715 0.420324
v -0.250709 0.150715 0.420324
v -0.083570 0.259858 0.621006
v -0.083570 0.199560 0.406589
v 0.083570 0.259858 0.621006
v 0.083570 0.199560 0.406589
v -0.276617 0.226539 0.645935
v -0.276617 0.285031 0.478940
v -0.276617 0.168174 0.711559
v -0.276617 0.149557 0.484048
v 0.294170 0.226539 0.645935
v 0.294170 0.285031 0.478940
v 0.294170 0.168174 0.711559
v 0.294170 0.149557 0.484048
v 0.279340 0.226539 0.645935
v 0.279340 0.285031 0.478940
v 0.279340 0.168174 0.711559
v 0.279340 0.149557 0.484048
v 0.000000 0.608068 0.493109
v 0.267157 0.608068 0.493109
v 0.000000 0.175090 0.718730
v 0.267157 0.175090 0.718730
v -0.000000 0.399529 0.669983
v 0.267157 0.399529 0.669983
v -0.267157 0.608068 0.493109
v -0.267157 0.175090 0.718730
v -0.267157 0.399529 0.669983
v 0.000000 0.608068 0.477054
v 0.267157 0.608068 0.477054
v 0.000000 0.175090 0.702675
v 0.267157 0.175090 0.702675
v -0.000000 0.399529 0.653928
v 0.267157 0.399529 0.653928
v -0.267157 0.608068 0.477054
v -0.267157 0.175090 0.702675
v -0.267157 0.399529 0.653928
v -0.173920 -2.357790 -0.000000
v -0.783826 -2.357790 -0.000000
v -0.289263 -8.893462 -0.000001
v -0.630999 -8.893462 -0.000001
v -0.173920 -2.643460 -0.000000
v -0.783826 -2.643460 -0.000000
v -0.460131 -2.357790 -0.286211
v -0.460131 -2.357790 0.323695
v -0.460131 -8.893462 -0.170869
v -0.460131 -8.893462 0.170868
v -0.460131 -2.643460 -0.286211
v -0.460131 -2.643460 0.323695
v 0.716158 -2.357790 -0.000000
v 0.106252 -2.357790 -0.000000
v 0.600815 -8.893462 -0.000001
v 0.259079 -8.893462 -0.000001
v 0.716158 -2.643460 -0.000000
v 0.106252 -2.643460 -0.000000
v 0.429947 -2.357790 -0.286211
v 0.429947 -2.357790 0.323695
v 0.429947 -8.893462 -0.170869
v 0.429947 -8.893462 0.170868
v 0.429947 -2.643460 -0.286211
v 0.429947 -2.643460 0.323695
v 0.716158 -2.357789 -0.000000
v 0.106252 -2.357789 -0.000000
v 0.600815 -8.893462 -0.000001
v 0.259079 -8.893462 -0.000001
v 0.716158 -2.643460 -0.000000
v 0.106252 -2.643460 -0.000000
v 0.429947 -2.357789 -0.286211
v 0.429947 -2.357789 0.323695
v 0.429947 -8.893462 -0.170869
v 0.429947 -8.893462 0.170868
v 0.429947 -2.643460 -0.286211
v 0.429947 -2.643460 0.323695
v 1.443758 -3.939502 -0.000000
v 1.215158 -3.939502 -0.000000
v 1.385810 -10.475174 -0.000001
v 1.310590 -10.475174 -0.000001
v 1.443758 -4.225172 -0.000000
v 1.215158 -4.225172 -0.000000
v 1.348200 -3.939502 -0.095558
v 1.348200 -3.939502 0.133042
v 1.348200 -10.475174 -0.037611
v 1.348200 -10.475174 0.037609
v 1.348200 -4.225172 -0.095558
v 1.348200 -4.225172 0.133042
v -1.154424 -3.939502 -0.000000
v -1.383025 -3.939502 -0.000000
v -1.212372 -10.475174 -0.000001
v -1.287592 -10.475174 -0.000001
v -1.154424 -4.225172 -0.000000
v -1.383025 -4.225172 -0.000000
v -1.249982 -3.939502 -0.095558
v -1.249982 -3.939502 0.133042
v -1.249982 -10.475174 -0.037611
v -1.249982 -10.475174 0.037609
v -1.249982 -4.225172 -0.095558
v -1.249982 -4.225172 0.133042
v 0.343750 -1.394018 0.253965
v 0.360546 -1.412382 0.258816
v 0.383488 -1.419103 0.260592
v 0.406431 -1.412382 0.258816
v 0.423226 -1.394018 0.253965
v 0.429374 -1.117662 0.180963
v 0.423226 -1.092577 0.174336
v 0.406431 -1.074214 0.169485
v 0.383488 -1.067492 0.167710
v 0.360546 -1.074214 0.169485
v 0.343750 -1.092577 0.174336
v 0.337603 -1.117662 0.180963
v 0.343750 -1.370763 0.342000
v 0.360546 -1.389126 0.346851
v 0.383488 -1.395848 0.348626
v 0.406431 -1.389126 0.346851
v 0.423226 -1.370763 0.342000
v 0.429374 -1.094407 0.268997
v 0.423226 -1.069322 0.262371
v 0.406431 -1.050958 0.257520
v 0.383489 -1.044237 0.255744
v 0.360546 -1.050958 0.257520
v 0.343750 -1.069322 0.262371
v 0.337603 -1.094407 0.268997
v 0.429374 -1.368933 0.247339
v 0.429374 -1.345678 0.335374
v 0.337603 -1.368933 0.247339
v 0.337603 -1.345678 0.335374
v 0.363430 -1.365319 0.349835
v 0.383488 -1.375497 0.352523
v 0.403546 -1.365319 0.349835
v 0.412855 -1.343388 0.344042
v 0.412855 -1.092117 0.277665
v 0.403546 -1.070186 0.271872
v 0.383489 -1.060008 0.269183
v 0.363430 -1.070186 0.271872
v 0.354122 -1.092117 0.277665
v 0.354122 -1.343388 0.344042
v 0.368531 -1.357828 0.331078
v 0.383488 -1.337626 0.325742
v 0.383488 -1.367203 0.333555
v 0.398445 -1.357828 0.331078
v 0.405387 -1.337626 0.325742
v 0.405387 -1.106165 0.264598
v 0.398445 -1.085963 0.259262
v 0.383488 -1.106165 0.264598
v 0.383489 -1.076587 0.256785
v 0.368531 -1.085963 0.259262
v 0.361589 -1.106165 0.264598
v 0.361589 -1.337626 0.325742
v 0.074696 -1.538392 0.329987
v 0.082721 -1.531439 0.328497
v 0.085651 -1.521953 0.326441
v 0.082702 -1.512477 0.324372
v 0.074662 -1.505549 0.322843
v -0.046222 -1.503199 0.321996
v -0.057192 -1.505757 0.322522
v -0.065217 -1.512710 0.324012
v -0.068147 -1.522196 0.326067
v -0.065197 -1.531672 0.328137
v -0.057158 -1.538600 0.329666
v -0.046183 -1.541123 0.330245
v 0.074592 -1.530208 0.367614
v 0.082617 -1.523255 0.366124
v 0.085547 -1.513769 0.364069
v 0.082597 -1.504293 0.362000
v 0.074557 -1.497365 0.360471
v -0.046327 -1.495015 0.359624
v -0.057297 -1.497573 0.360150
v -0.065322 -1.504526 0.361640
v -0.068252 -1.514012 0.363695
v -0.065302 -1.523488 0.365764
v -0.057262 -1.530416 0.367294
v -0.046287 -1.532939 0.367873
v 0.063687 -1.503026 0.322264
v 0.063582 -1.494842 0.359891
v 0.063726 -1.540950 0.330512
v 0.063622 -1.532766 0.368140
v 0.073193 -1.521272 0.369547
v 0.077637 -1.512976 0.367755
v 0.073176 -1.504694 0.365941
v 0.063579 -1.500862 0.365081
v -0.046330 -1.501036 0.364814
v -0.055918 -1.504898 0.365627
v -0.060362 -1.513193 0.367419
v -0.055901 -1.521475 0.369233
v -0.046304 -1.525307 0.370093
v 0.063605 -1.525134 0.370360
v 0.068121 -1.520630 0.362373
v 0.059278 -1.514463 0.361007
v 0.072215 -1.514442 0.361038
v 0.068108 -1.508268 0.359684
v 0.059269 -1.505413 0.359038
v -0.041976 -1.505573 0.358792
v -0.050809 -1.508456 0.359395
v -0.041966 -1.514622 0.360761
v -0.054904 -1.514643 0.360729
v -0.050796 -1.520817 0.362083
v -0.041957 -1.523672 0.362729
v 0.059287 -1.523512 0.362975
v 0.074696 -1.763400 0.323463
v 0.082721 -1.756392 0.324670
v 0.085651 -1.746823 0.326295
v 0.082702 -1.737258 0.327904
v 0.074662 -1.730259 0.329066
v -0.046222 -1.727763 0.329155
v -0.057192 -1.730332 0.328691
v -0.065217 -1.737340 0.327484
v -0.068147 -1.746909 0.325858
v -0.065197 -1.756474 0.324249
v -0.057158 -1.763473 0.323088
v -0.046183 -1.766030 0.322686
v 0.074592 -1.769819 0.361432
v 0.082617 -1.762811 0.362639
v 0.085547 -1.753242 0.364264
v 0.082597 -1.743677 0.365873
v 0.074557 -1.736678 0.367034
v -0.046327 -1.734182 0.367124
v -0.057297 -1.736751 0.366659
v -0.065322 -1.743760 0.365453
v -0.068252 -1.753328 0.363827
v -0.065302 -1.762893 0.362218
v -0.057262 -1.769892 0.361057
v -0.046287 -1.772449 0.360655
v 0.063687 -1.727702 0.329468
v 0.063582 -1.734121 0.367436
v 0.063726 -1.765969 0.322998
v 0.063622 -1.772388 0.360967
v 0.073193 -1.762245 0.366554
v 0.077637 -1.753879 0.367980
v 0.073176 -1.745517 0.369381
v 0.063579 -1.741641 0.370010
v -0.046330 -1.741702 0.369698
v -0.055918 -1.745589 0.369014
v -0.060362 -1.753955 0.367588
v -0.055901 -1.762317 0.366186
v -0.046304 -1.766193 0.365557
v 0.063605 -1.766132 0.365870
v 0.068121 -1.758977 0.360134
v 0.059278 -1.752745 0.361164
v 0.072215 -1.752738 0.361201
v 0.068108 -1.746503 0.362243
v 0.059269 -1.743613 0.362708
v -0.041976 -1.743670 0.362420
v -0.050809 -1.746570 0.361905
v -0.041966 -1.752802 0.360876
v -0.054904 -1.752809 0.360839
v -0.050796 -1.759044 0.359796
v -0.041957 -1.761933 0.359332
v 0.059287 -1.761877 0.359620
vn -0.0000 0.1334 0.9911
vn -0.0000 -0.7609 0.6488
vn -0.0000 -0.4533 -0.8914
vn -1.0000 -0.0000 -0.0000
vn 1.0000 -0.0000 -0.0000
vn -0.0000 0.3800 0.9250
vn -0.0000 -0.3800 -0.9250
vn -0.0000 0.4706 0.8823
vn -0.0000 0.6737 0.7390
vn -0.0053 0.3870 0.9221
vn -0.9744 0.2097 -0.0815
vn -0.0069 0.9943 -0.1067
vn -0.0118 0.9943 -0.1062
vn -0.0327 0.9971 -0.0682
vn -0.0306 0.9974 -0.0651
vn -0.9798 0.1589 0.1213
vn -0.0526 0.4181 0.9069
vn -0.0571 0.4158 0.9077
vn -0.8930 -0.2178 0.3938
vn -0.0000 -0.7351 0.6779
vn -0.0000 -0.8815 0.4722
vn -0.0000 0.8114 0.5844
vn -0.0000 0.9993 -0.0379
vn -0.0000 0.9924 -0.1233
vn -0.0000 -0.9989 0.0473
vn 0.0001 -0.9989 0.0467
vn -0.0000 -0.9991 0.0413
vn -0.0000 -0.9992 0.0407
vn 0.9998 0.0065 0.0164
vn 0.9999 0.0063 0.0158
vn 1.0000 0.0034 0.0027
vn 1.0000 0.0031 0.0014
vn -0.0000 -0.7945 -0.6073
vn -0.0000 -0.3225 -0.9466
vn 0.8878 -0.2215 0.4034
vn 1.0000 0.0021 -0.0003
vn 1.0000 0.0020 -0.0003
vn 0.9999 0.0006 -0.0149
vn -0.0193 -0.4317 -0.9018
vn -0.0182 -0.4214 -0.9067
vn -0.0000 -0.2614 -0.9652
vn -0.0000 -0.2471 -0.9690
vn -0.0000 -0.0097 1.0000
vn -0.0000 -0.0000 -1.0000
vn -0.0000 0.4881 -0.8728
vn -0.0000 0.4895 -0.8720
vn -0.0000 -0.4317 -0.9020
vn 0.9992 -0.0079 -0.0389
vn 0.9918 0.1267 0.0179
vn 0.9980 -0.0582 -0.0250
vn -0.0000 0.9321 -0.3623
vn 0.9676 0.2314 -0.1009
vn 0.9544 0.2781 -0.1081
vn -0.0000 -0.9339 0.3575
vn -0.0191 -0.0112 -0.9998
vn -0.0007 -0.0103 -0.9999
vn -0.0186 -0.0112 -0.9998
vn -0.0000 -0.0103 -0.9999
vn -0.0000 0.6570 -0.7539
vn -0.0000 -0.9166 0.3998
vn -0.0000 -0.5093 -0.8606
vn -0.0000 -0.4695 -0.8829
vn -0.0000 -0.4491 -0.8935
vn 1.0000 0.0035 -0.0040
vn 1.0000 0.0035 -0.0038
vn -0.0000 0.4380 0.8990
vn -0.0000 -0.5204 -0.8539
vn 0.0053 0.3870 0.9221
vn 0.0306 0.9974 -0.0651
vn 0.0118 0.9943 -0.1062
vn 0.0327 0.9971 -0.0682
vn 0.0069 0.9943 -0.1067
vn 0.0526 0.4181 0.9069
vn 0.0571 0.4158 0.9077
vn -0.0001 -0.9989 0.0467
vn -1.0000 0.0031 0.0014
vn -0.9999 0.0063 0.0158
vn -1.0000 0.0034 0.0027
vn -0.9998 0.0065 0.0164
vn -0.0000 -0.9925 0.1226
vn -1.0000 0.0021 -0.0003
vn -1.0000 0.0020 -0.0003
vn -1.0000 0.0019 -0.0002
vn -0.9999 0.0006 -0.0149
vn 0.0182 -0.4212 -0.9068
vn 0.0193 -0.4317 -0.9018
vn -0.9992 -0.0079 -0.0389
vn -0.9980 -0.0582 -0.0250
vn -0.9940 -0.0335 -0.1042
vn -0.9676 0.2314 -0.1008
vn -0.9544 0.2781 -0.1081
vn -0.0000 0.0263 0.9997
vn 0.0007 -0.0103 -0.9999
vn 0.0186 -0.0112 -0.9998
vn 0.0191 -0.0112 -0.9998
vn -1.0000 0.0035 -0.0040
vn -1.0000 0.0035 -0.0038
vn -0.0000 -0.9102 0.4143
vn 0.4078 -0.0430 0.9121
vn 0.3061 -0.2148 0.9274
vn -0.0000 -0.5997 0.8002
vn 0.6472 0.2394 0.7237
vn 0.2137 0.2722 0.9382
vn 0.5898 0.1280 0.7974
vn 0.2160 0.1378 0.9666
vn 0.9997 0.0226 -0.0000
vn 0.9979 0.0643 -0.0000
vn 0.9998 0.0220 -0.0000
vn 0.9997 -0.0213 0.0090
vn 0.9910 0.1198 0.0604
vn 0.2250 0.0661 0.9721
vn 0.5416 0.1105 0.8333
vn 0.4937 0.4194 0.7618
vn 0.5068 0.3643 0.7813
vn 0.9921 -0.1128 -0.0556
vn -0.0000 0.9925 0.1225
vn -0.0186 -0.9959 0.0884
vn -0.0000 -1.0000 -0.0000
vn -0.0126 -0.9979 0.0640
vn 0.8888 0.4181 -0.1878
vn -0.9759 0.1870 0.1122
vn -0.9988 -0.0467 0.0156
vn -0.0000 -0.9364 -0.3510
vn -0.0000 -0.0000 1.0000
vn -0.0000 0.3507 0.9365
vn -0.0000 0.2342 0.9722
vn -0.0000 0.3531 0.9356
vn 0.0182 -0.7756 -0.6309
vn -0.0469 0.9237 -0.3803
vn -0.0000 0.9368 -0.3499
vn -0.9998 -0.0067 -0.0160
vn -0.9999 -0.0089 -0.0117
vn -0.9998 -0.0000 -0.0204
vn -0.9997 -0.0196 0.0125
vn -0.9999 -0.0080 0.0103
vn -0.9999 -0.0100 -0.0070
vn 0.0624 -0.9333 0.3537
vn 0.0595 -0.9345 0.3509
vn -0.0000 -0.9340 0.3572
vn -0.0000 0.4620 -0.8869
vn -0.7854 0.1628 -0.5973
vn -0.3226 0.2434 -0.9147
vn -0.9969 -0.0396 -0.0675
vn -0.9992 -0.0242 -0.0315
vn -0.9998 -0.0219 -0.0017
vn -0.0000 -0.8251 -0.5650
vn -0.9998 0.0006 0.0214
vn -0.0000 0.0272 0.9996
vn -0.0000 -0.9955 0.0942
vn -0.0014 -0.9956 0.0941
vn -1.0000 0.0031 -0.0006
vn -1.0000 0.0033 -0.0006
vn -0.3061 -0.2148 0.9274
vn -0.4078 -0.0430 0.9121
vn -0.2160 0.1378 0.9666
vn -0.0000 0.1375 0.9905
vn -0.2137 0.2721 0.9382
vn -0.0000 0.2754 0.9613
vn -0.9997 0.0226 -0.0000
vn -0.9998 0.0220 -0.0000
vn -0.9979 0.0643 -0.0000
vn -0.2250 0.0660 0.9721
vn -0.0000 0.0518 0.9987
vn -0.9910 0.1198 0.0604
vn -0.9997 -0.0213 0.0090
vn -0.4937 0.4194 0.7618
vn -0.5068 0.3643 0.7813
vn -0.9921 -0.1128 -0.0556
vn -0.5416 0.1105 0.8333
vn 0.0186 -0.9959 0.0884
vn 0.0126 -0.9979 0.0640
vn -0.8888 0.4181 -0.1878
vn 0.9759 0.1870 0.1122
vn 0.9988 -0.0467 0.0156
vn -0.0182 -0.7756 -0.6309
vn 0.8404 0.5013 -0.2059
vn 0.9998 -0.0067 -0.0160
vn 0.9998 -0.0000 -0.0204
vn 0.9999 -0.0089 -0.0117
vn 0.9999 -0.0080 0.0103
vn 0.9997 -0.0196 0.0125
vn 0.9999 -0.0100 -0.0070
vn -0.0625 -0.9333 0.3537
vn -0.0000 -0.9352 0.3541
vn -0.0595 -0.9345 0.3509
vn 0.3226 0.2434 -0.9147
vn 0.7854 0.1628 -0.5973
vn 0.9969 -0.0396 -0.0675
vn 0.9992 -0.0242 -0.0315
vn 0.9998 -0.0219 -0.0017
vn 0.9997 -0.0196 0.0124
vn 0.9998 0.0006 0.0214
vn 0.0014 -0.9956 0.0941
vn 1.0000 0.0033 -0.0006
vn -0.6472 0.2394 0.7237
vn -0.5898 0.1280 0.7974
vn -0.9189 0.2533 -0.3024
vn -0.9704 0.0548 -0.2353
vn -0.9334 0.2241 -0.2802
vn -0.9754 0.0342 -0.2177
vn 0.9909 -0.1216 0.0581
vn 0.9877 -0.1384 0.0727
vn 0.7954 -0.5983 0.0966
vn 0.7867 -0.6109 0.0890
vn -0.9447 0.2630 -0.1959
vn -0.9365 0.2920 -0.1942
vn -0.9337 0.2960 -0.2016
vn -0.8907 0.3895 -0.2344
vn -0.8801 0.4064 -0.2453
vn -0.8486 0.4580 -0.2647
vn -0.8509 0.4466 -0.2765
vn 0.6994 -0.7147 -0.0093
vn 0.6659 -0.7449 0.0410
vn -0.9760 -0.0000 -0.2178
vn 0.9982 -0.0096 0.0599
vn 0.9981 -0.0093 0.0605
vn 0.5147 0.0537 0.8557
vn 0.0070 -0.1181 -0.9930
vn 0.9920 0.1196 0.0395
vn 0.9929 0.0973 0.0679
vn 0.0852 -0.0021 0.9964
vn 0.2053 0.0596 0.9769
vn 0.0003 -0.0070 1.0000
vn 0.0032 0.0428 0.9991
vn 0.9781 0.1237 0.1672
vn 0.9511 0.0399 0.3064
vn 0.9968 0.0796 0.0030
vn 0.9992 0.0375 0.0115
vn 0.5545 0.1845 0.8115
vn 0.0102 0.0704 0.9975
vn 0.3946 0.1263 0.9101
vn 0.9613 0.1832 0.2058
vn 0.9827 0.1761 0.0576
vn 0.0156 -0.0024 -0.9999
vn -0.0000 -0.0022 -1.0000
vn 0.0041 -0.0014 -1.0000
vn -0.0000 -0.0011 -1.0000
vn 0.9924 0.1225 0.0092
vn 0.9837 0.1184 -0.1351
vn 0.9917 0.1067 -0.0713
vn 0.9892 0.0559 -0.1358
vn 0.9790 0.0522 -0.1972
vn 0.9858 0.0427 -0.1623
vn 0.0079 0.8613 -0.5080
vn 0.0033 0.8602 -0.5100
vn -0.0000 0.8607 -0.5091
vn -0.0000 0.8593 -0.5115
vn 0.5399 -0.0176 0.8415
vn -0.0000 -0.0208 0.9998
vn 0.9987 0.0056 0.0506
vn 0.9901 0.0365 -0.1359
vn 0.9930 0.0294 -0.1146
vn -0.0000 -0.0706 -0.9975
vn -0.0000 -0.0778 -0.9970
vn 0.2881 0.3087 0.9065
vn 0.3308 0.2237 0.9168
vn -0.0000 -0.0038 -1.0000
vn -0.0000 -1.0000 0.0010
vn 0.0603 -0.9982 0.0007
vn 0.0588 -0.9983 0.0017
vn -0.0046 -0.1171 -0.9931
vn 0.0014 -0.0029 -1.0000
vn 0.9465 0.2854 0.1505
vn 0.9543 0.2915 0.0667
vn 0.8409 0.4973 0.2136
vn 0.8472 0.5052 0.1647
vn -0.0000 0.9508 0.3099
vn -0.0000 0.9205 0.3906
vn 0.7349 0.2455 0.6322
vn 0.6496 0.4348 0.6237
vn 0.7761 0.1733 0.6063
vn 0.6877 0.1039 0.7185
vn 0.4198 0.0449 0.9065
vn -0.0000 0.4475 0.8943
vn -0.5147 0.0537 0.8557
vn -0.0070 -0.1181 -0.9930
vn -0.0020 -0.0842 -0.9964
vn -0.9929 0.0973 0.0679
vn -0.9920 0.1196 0.0395
vn -0.0032 0.0428 0.9991
vn -0.2053 0.0596 0.9769
vn -0.0003 -0.0070 1.0000
vn -0.0852 -0.0021 0.9964
vn -0.9781 0.1237 0.1672
vn -0.9968 0.0796 0.0030
vn -0.9511 0.0398 0.3064
vn -0.9992 0.0375 0.0115
vn -0.5545 0.1845 0.8115
vn -0.3946 0.1263 0.9101
vn -0.0102 0.0704 0.9975
vn -0.9827 0.1761 0.0576
vn -0.9613 0.1832 0.2058
vn -0.0041 -0.0014 -1.0000
vn -0.0156 -0.0024 -0.9999
vn -0.9924 0.1225 0.0092
vn -0.9917 0.1067 -0.0713
vn -0.9837 0.1184 -0.1350
vn -0.9790 0.0522 -0.1972
vn -0.9858 0.0427 -0.1623
vn -0.9892 0.0559 -0.1357
vn -0.0079 0.8613 -0.5080
vn -0.0033 0.8602 -0.5100
vn -0.5399 -0.0176 0.8415
vn -0.9987 0.0056 0.0506
vn -0.9930 0.0294 -0.1146
vn -0.9901 0.0365 -0.1359
vn -0.2881 0.3087 0.9065
vn -0.3308 0.2237 0.9168
vn -0.0603 -0.9982 0.0007
vn -0.0588 -0.9983 0.0017
vn -0.0014 -0.0029 -1.0000
vn -0.9465 0.2854 0.1505
vn -0.8409 0.4972 0.2136
vn -0.9543 0.2915 0.0667
vn -0.8472 0.5052 0.1647
vn -0.7349 0.2455 0.6322
vn -0.6496 0.4348 0.6237
vn -0.7761 0.1733 0.6063
vn -0.6877 0.1039 0.7185
vn -0.4198 0.0449 0.9065
vn -0.0000 0.8735 -0.4869
vn 0.8003 0.5261 -0.2876
vn -0.0000 0.8772 -0.4801
vn 0.8245 0.5020 -0.2612
vn 0.1149 0.2622 -0.9581
vn -0.0000 0.2666 -0.9638
vn 0.0503 0.1870 -0.9811
vn -0.0000 0.1705 -0.9854
vn 0.9927 0.1199 0.0135
vn 0.9885 0.1483 0.0278
vn 0.9851 0.1717 0.0070
vn 0.9743 0.2216 -0.0396
vn 0.9337 0.3219 -0.1569
vn 0.9614 0.2553 -0.1029
vn 0.0219 0.0188 -0.9996
vn 0.0518 0.0287 -0.9982
vn -0.0000 0.0186 -0.9998
vn 0.1253 0.1754 -0.9765
vn -0.0000 0.1809 -0.9835
vn 0.9942 0.1076 0.0052
vn 0.1221 -0.1973 -0.9727
vn -0.0000 -0.2156 -0.9765
vn 0.1250 -0.0781 -0.9891
vn -0.0000 -0.0656 -0.9978
vn 0.9997 0.0261 -0.0000
vn 0.9964 0.0843 0.0032
vn 0.9960 0.0892 -0.0000
vn 0.1227 0.1386 -0.9827
vn -0.0000 0.1465 -0.9892
vn 0.1219 0.1325 -0.9837
vn -0.0000 0.1263 -0.9920
vn 0.1220 -0.0008 -0.9925
vn 0.1097 0.0013 -0.9940
vn -0.8003 0.5261 -0.2876
vn -0.8245 0.5020 -0.2612
vn -0.0503 0.1870 -0.9811
vn -0.1149 0.2622 -0.9581
vn -0.9743 0.2216 -0.0396
vn -0.9885 0.1483 0.0278
vn -0.9851 0.1717 0.0070
vn -0.9927 0.1199 0.0135
vn -0.9337 0.3219 -0.1569
vn -0.9614 0.2553 -0.1029
vn -0.0219 0.0188 -0.9996
vn -0.0518 0.0287 -0.9982
vn -0.1253 0.1754 -0.9765
vn -0.9942 0.1075 0.0052
vn -0.1250 -0.0781 -0.9891
vn -0.1221 -0.1973 -0.9727
vn -0.9960 0.0892 -0.0000
vn -0.9997 0.0261 -0.0000
vn -0.9964 0.0843 0.0032
vn -0.1227 0.1386 -0.9827
vn -0.8133 0.0967 -0.5738
vn -0.1220 -0.0008 -0.9925
vn -0.9789 0.0242 -0.2030
vn -0.0000 0.9533 -0.3021
vn -0.0000 0.6987 -0.7154
vn -0.0000 0.6987 -0.7155
vn -0.0000 0.3529 -0.9356
vn -0.0000 0.6658 -0.7462
vn -0.0000 -0.1558 -0.9878
vn -0.0000 -0.9244 0.3815
vn -0.0000 -0.8311 -0.5561
vn -0.1819 0.1847 0.9658
vn -0.3893 0.4910 0.7793
vn -0.0639 0.0649 0.9958
vn -0.0169 0.0216 0.9996
vn -0.6451 0.6563 0.3913
vn -0.3180 0.4197 0.8501
vn -0.6450 0.6563 0.3915
vn -0.0089 0.0181 0.9998
vn -0.2269 0.4590 0.8590
vn -0.2678 0.5418 0.7967
vn -0.1819 0.3587 0.9156
vn -0.2563 0.5152 0.8178
vn 0.5338 -0.7553 0.3802
vn 0.3987 -0.5647 0.7226
vn 0.2905 -0.9254 0.2433
vn 0.2412 -0.6323 0.7362
vn 0.0014 -0.0020 1.0000
vn 0.0135 -0.0354 0.9993
vn -0.7086 0.7056 -0.0000
vn -0.6553 0.7554 -0.0000
vn -0.8334 -0.5527 -0.0000
vn -0.0636 0.0647 0.9959
vn -0.0609 0.0607 0.9963
vn -0.0632 0.0642 0.9959
vn -0.0606 0.0604 0.9963
vn -0.9997 -0.0232 -0.0000
vn -0.9525 0.3045 -0.0000
vn -0.9376 0.3477 -0.0000
vn 0.2200 -0.9755 -0.0000
vn 0.2153 -0.9543 0.2072
vn 0.1307 -0.5792 0.8046
vn 0.0139 -0.0618 0.9980
vn -0.0566 0.0972 0.9937
vn -0.0426 0.0840 0.9955
vn -0.5033 0.8641 -0.0000
vn -0.1786 0.3614 0.9151
vn -0.0610 0.1105 0.9920
vn -0.0633 0.1086 0.9921
vn -0.2975 0.6020 0.7410
vn -0.0169 0.0216 -0.9996
vn -0.3893 0.4910 -0.7793
vn -0.0639 0.0649 -0.9958
vn -0.5461 0.5555 -0.6270
vn -0.1757 0.2206 -0.9594
vn -0.1285 0.1295 -0.9832
vn -0.0089 0.0181 -0.9998
vn -0.2678 0.5418 -0.7967
vn -0.2269 0.4590 -0.8590
vn -0.1819 0.3587 -0.9156
vn -0.2563 0.5152 -0.8178
vn 0.5338 -0.7553 -0.3802
vn 0.2905 -0.9254 -0.2433
vn 0.3987 -0.5647 -0.7226
vn 0.2412 -0.6323 -0.7362
vn 0.0135 -0.0354 -0.9993
vn 0.0014 -0.0020 -1.0000
vn -0.0568 0.0704 -0.9959
vn -0.0606 0.0604 -0.9963
vn 0.2153 -0.9543 -0.2072
vn 0.1307 -0.5792 -0.8046
vn 0.0139 -0.0618 -0.9980
vn -0.0566 0.0972 -0.9937
vn -0.1787 0.3614 -0.9151
vn -0.0610 0.1105 -0.9920
vn -0.0633 0.1086 -0.9921
vn -0.2975 0.6020 -0.7410
vn -0.3739 0.1093 0.9210
vn -0.4945 -0.0366 0.8684
vn -0.3784 0.1231 0.9174
vn -0.4963 0.0406 0.8672
vn -0.0249 -0.9997 -0.0000
vn -0.0395 -0.9990 -0.0195
vn -0.0187 -0.9998 0.0024
vn -0.0792 -0.9953 0.0555
vn 0.9667 -0.2560 -0.0000
vn 0.9720 -0.2104 0.1045
vn 0.9880 -0.1546 -0.0000
vn 0.9898 -0.1362 0.0414
vn -0.4306 0.2698 0.8613
vn -0.3783 0.2644 0.8871
vn -0.3784 0.1232 0.9174
vn -0.3739 0.1094 0.9210
vn -0.0797 -0.0066 0.9968
vn -0.0796 -0.0066 0.9968
vn -0.1374 0.3152 0.9390
vn -0.1376 0.2788 0.9504
vn 0.0244 0.1162 0.9929
vn -0.1376 0.2787 0.9505
vn 0.0333 0.1136 0.9930
vn -0.9822 -0.1877 -0.0000
vn -0.9821 -0.1883 -0.0091
vn -0.9821 -0.1884 -0.0000
vn -0.6568 -0.0668 0.7511
vn -0.5096 -0.1002 0.8545
vn -0.0725 -0.2318 0.9701
vn 0.0049 -0.2230 0.9748
vn 0.9895 -0.1446 -0.0000
vn 0.9982 -0.0537 -0.0262
vn -0.9911 0.1309 0.0220
vn -0.9911 0.1325 0.0096
vn -0.9877 0.1513 -0.0399
vn -0.1324 -0.9294 0.3446
vn -0.1301 -0.9305 0.3424
vn -0.1295 -0.9308 0.3418
vn -0.1272 -0.9320 0.3395
vn 0.9913 -0.1312 -0.0083
vn 0.9914 -0.1295 -0.0207
vn 0.9878 -0.1504 0.0393
vn -0.9909 0.1321 0.0247
vn -0.9906 0.1354 0.0175
vn -0.9911 0.1312 0.0232
vn -0.9896 0.1355 0.0476
vn -0.2474 -0.9515 -0.1828
vn -0.2384 -0.9542 -0.1806
vn -0.1716 -0.8765 -0.4497
vn -0.1575 -0.8539 -0.4961
vn 0.9913 -0.1297 -0.0214
vn 0.9900 -0.1337 -0.0441
vn -0.0869 0.6972 0.7116
vn -0.0872 0.6974 0.7114
vn -0.0630 0.7011 0.7103
vn -0.0092 0.6988 0.7153
vn -0.0613 0.7002 0.7113
vn 0.0042 0.6947 0.7193
vn 0.9871 -0.1537 -0.0458
vn 0.9861 -0.1640 -0.0281
vn -0.0746 -0.9221 -0.3796
vn -0.0711 -0.9253 -0.3725
vn -0.0729 -0.9237 -0.3762
vn -0.0695 -0.9268 -0.3691
vn -0.9870 0.1552 0.0414
vn -0.9863 0.1623 0.0291
vn -0.9913 0.1294 0.0239
vn -0.1485 -0.8481 -0.5086
vn -0.1468 -0.8628 -0.4837
vn -0.0907 -0.9256 -0.3675
vn -0.0848 -0.9264 -0.3669
vn 0.9915 -0.1280 -0.0223
vn -0.1355 -0.8244 0.5495
vn -0.1324 -0.8238 0.5512
vn -0.1304 -0.8234 0.5523
vn -0.1273 -0.8227 0.5540
vn -0.5538 -0.0469 0.8313
vn 0.9675 -0.2387 -0.0839
vn 0.9642 -0.2647 0.0126
vn 0.9642 -0.2647 0.0127
vn -0.6423 0.7610 0.0908
vn -0.5911 0.7777 -0.2140
vn 0.0015 -1.0000 -0.0000
vn 0.0280 -0.9996 -0.0029
vn -0.4963 0.0406 -0.8672
vn -0.4945 -0.0366 -0.8684
vn -0.3677 0.1252 -0.9215
vn -0.3739 0.1093 -0.9210
vn -0.0792 -0.9953 -0.0555
vn -0.0395 -0.9990 0.0195
vn -0.0187 -0.9998 -0.0024
vn 0.9898 -0.1362 -0.0414
vn 0.9720 -0.2104 -0.1045
vn -0.3595 0.2481 -0.8996
vn -0.3783 0.2644 -0.8871
vn -0.0796 -0.0066 -0.9968
vn -0.0797 -0.0066 -0.9968
vn 0.0333 0.1136 -0.9930
vn -0.1415 0.1619 -0.9766
vn -0.9821 -0.1883 0.0091
vn -0.6568 -0.0668 -0.7511
vn -0.5096 -0.1002 -0.8545
vn -0.0725 -0.2318 -0.9701
vn 0.0049 -0.2230 -0.9748
vn 0.9982 -0.0537 0.0262
vn -0.9911 0.1309 -0.0220
vn -0.9877 0.1513 0.0399
vn -0.9911 0.1325 -0.0096
vn -0.1272 -0.9320 -0.3395
vn -0.1301 -0.9305 -0.3424
vn -0.1295 -0.9308 -0.3418
vn -0.1324 -0.9294 -0.3446
vn 0.9913 -0.1312 0.0083
vn 0.9878 -0.1504 -0.0393
vn 0.9914 -0.1295 0.0207
vn -0.9909 0.1321 -0.0247
vn -0.9911 0.1312 -0.0232
vn -0.9906 0.1354 -0.0175
vn -0.9896 0.1355 -0.0476
vn -0.2474 -0.9515 0.1828
vn -0.1716 -0.8765 0.4497
vn -0.2384 -0.9542 0.1806
vn -0.1575 -0.8539 0.4961
vn 0.9900 -0.1337 0.0441
vn 0.9913 -0.1297 0.0215
vn -0.0872 0.6974 -0.7114
vn -0.0871 0.6973 -0.7114
vn -0.1017 0.6996 -0.7072
vn -0.1035 0.6998 -0.7068
vn 0.0042 0.6947 -0.7193
vn -0.0089 0.6987 -0.7154
vn -0.0613 0.7002 -0.7113
vn -0.0630 0.7011 -0.7103
vn 0.9871 -0.1537 0.0458
vn 0.9861 -0.1640 0.0281
vn -0.0746 -0.9221 0.3796
vn -0.0729 -0.9237 0.3762
vn -0.0711 -0.9253 0.3725
vn -0.0695 -0.9268 0.3691
vn -0.9870 0.1552 -0.0414
vn -0.9863 0.1623 -0.0291
vn -0.9863 0.1623 -0.0292
vn -0.9913 0.1294 -0.0239
vn -0.1485 -0.8481 0.5086
vn -0.0907 -0.9256 0.3675
vn -0.1468 -0.8628 0.4837
vn -0.0848 -0.9264 0.3669
vn 0.9915 -0.1280 0.0223
vn -0.1273 -0.8227 -0.5540
vn -0.1324 -0.8238 -0.5512
vn -0.1304 -0.8234 -0.5523
vn -0.1355 -0.8244 -0.5495
vn -0.5538 -0.0469 -0.8313
vn 0.9642 -0.2647 -0.0126
vn 0.9675 -0.2387 0.0839
vn -0.6423 0.7610 -0.0908
vn -0.5911 0.7777 0.2140
vn 0.0280 -0.9996 0.0029
vn -0.3025 -0.4272 -0.8520
vn -0.9731 -0.0994 -0.2078
vn -0.3025 0.1552 -0.9404
vn -0.9731 0.0417 -0.2266
vn -0.9731 -0.2026 -0.1097
vn -0.3025 -0.8464 -0.4382
vn -0.9731 -0.2284 0.0303
vn -0.3025 -0.9423 0.1430
vn -0.9731 -0.1669 0.1588
vn -0.3025 -0.6783 0.6696
vn -0.9731 -0.0417 0.2266
vn -0.3025 -0.1552 0.9404
vn -0.9731 0.0994 0.2078
vn -0.3025 0.4272 0.8520
vn -0.9731 0.2026 0.1097
vn -0.3025 0.8464 0.4382
vn -0.9731 0.2284 -0.0303
vn -0.3025 0.9423 -0.1430
vn -0.9731 0.1669 -0.1588
vn -0.3025 0.6783 -0.6696
vn -0.0000 -0.4540 -0.8910
vn -0.0000 -0.8910 -0.4540
vn -0.0000 -0.9877 0.1564
vn -0.0000 -0.7071 0.7071
vn -0.0000 -0.1564 0.9877
vn -0.0000 0.4540 0.8910
vn -0.0000 0.8910 0.4540
vn -0.0000 0.9877 -0.1564
vn -0.0000 0.7071 -0.7071
vn -0.0000 0.1564 -0.9877
vn -0.0000 -0.9837 -0.1798
vn -0.0000 -0.9909 -0.1348
vn -0.0000 -0.9841 -0.1778
vn -1.0000 -0.0000 0.0036
vn -0.9983 0.0023 0.0581
vn 1.0000 -0.0000 0.0050
vn 0.9983 0.0023 0.0581
vn -1.0000 -0.0000 0.0035
vn -0.0000 0.9583 0.2857
vn -0.0000 0.9488 0.3160
vn -0.0000 0.9591 0.2832
vn -0.9612 -0.0000 0.2760
vn -0.9820 -0.0000 0.1890
vn -0.9864 0.0011 0.1645
vn -0.0000 -0.9661 -0.2583
vn -0.0000 -0.9725 -0.2329
vn -0.0000 -0.9724 -0.2335
vn 0.9612 -0.0000 0.2760
vn 0.9820 -0.0000 0.1890
vn 0.9864 0.0011 0.1645
vn -0.5965 0.7898 0.1432
vn -0.5725 0.8069 0.1459
vn -0.4725 0.8629 0.1793
vn -0.4593 0.8683 0.1876
vn 0.5965 0.7898 0.1432
vn 0.4725 0.8629 0.1793
vn 0.5725 0.8069 0.1459
vn 0.4593 0.8683 0.1876
vn -0.3703 0.8900 0.2661
vn -0.4114 0.8720 0.2654
vn -0.0000 0.9308 0.3656
vn -0.0000 0.9278 0.3730
vn 0.4114 0.8720 0.2654
vn 0.3703 0.8900 0.2661
vn -0.9932 0.0056 0.1163
vn 0.9932 0.0056 0.1163
vn -0.0000 0.1141 0.9935
vn -0.0422 0.1417 0.9890
vn -0.0000 0.0977 0.9952
vn -0.0000 0.0777 0.9970
vn 0.0422 0.1417 0.9890
vn -0.0000 0.2290 0.9734
vn -0.0000 0.7071 0.7071
vn -0.0000 0.2565 0.9665
vn -0.0000 1.0000 -0.0000
vn -0.0000 -0.1522 0.9884
vn -0.0000 -0.7039 0.7103
vn 0.3253 -0.1479 0.9340
vn 0.3359 -0.6660 0.6660
vn 0.3359 -0.9303 0.1473
vn -0.0000 -0.8904 -0.4553
vn 0.3359 -0.8392 -0.4276
vn -0.0000 -0.4487 -0.8937
vn 0.3327 -0.4276 -0.8405
vn -0.0000 0.1591 -0.9873
vn 0.3206 0.1503 -0.9352
vn 0.3186 0.6703 -0.6703
vn 0.3186 0.9362 -0.1483
vn 0.3186 0.8446 0.4303
vn -0.0000 0.4549 0.8906
vn 0.3193 0.4310 0.8440
vn 0.1766 -0.1540 0.9722
vn 0.1766 -0.6960 0.6960
vn 0.1766 -0.9722 0.1540
vn 0.1766 -0.8770 -0.4468
vn 0.1766 -0.4469 -0.8770
vn 0.1766 0.1540 -0.9722
vn 0.1766 0.6960 -0.6960
vn 0.1766 0.9722 -0.1540
vn 0.1766 0.8770 0.4468
vn 0.1766 0.4469 0.8770
vn -0.0000 -0.8905 -0.4550
vn -0.3330 -0.4281 -0.8402
vn -0.3359 -0.8392 -0.4276
vn -0.3359 -0.9303 0.1473
vn -0.0000 -0.7041 0.7101
vn -0.3359 -0.6660 0.6660
vn -0.0000 -0.1526 0.9883
vn -0.3261 -0.1461 0.9340
vn -0.0000 0.4548 0.8906
vn -0.3204 0.4308 0.8437
vn -0.3197 0.8442 0.4302
vn -0.3197 0.9358 -0.1482
vn -0.3197 0.6700 -0.6700
vn -0.0000 0.1589 -0.9873
vn -0.3217 0.1502 -0.9349
vn -0.1766 -0.4468 -0.8770
vn -0.1766 -0.8770 -0.4469
vn -0.1766 -0.9722 0.1540
vn -0.1766 -0.6960 0.6960
vn -0.1766 -0.1540 0.9722
vn -0.1766 0.4468 0.8770
vn -0.1766 0.8770 0.4469
vn -0.1766 0.9722 -0.1540
vn -0.1766 0.6960 -0.6960
vn -0.1766 0.1540 -0.9722
vn -0.3185 -0.0529 0.9464
vn -0.3866 -0.0626 0.9201
vn -0.1210 -0.5611 0.8189
vn -0.2016 -0.5887 0.7828
vn 0.0344 -0.8969 0.4409
vn 0.0772 -0.9003 0.4285
vn -0.9640 -0.2544 0.0773
vn -0.9757 -0.2051 0.0776
vn -0.9761 -0.2006 0.0842
vn -0.9897 -0.1309 0.0572
vn 0.9640 0.2544 -0.0773
vn 0.9736 0.2105 -0.0882
vn 0.9757 0.2051 -0.0776
vn 0.9847 0.1605 -0.0681
vn 0.3379 -0.4776 0.8110
vn 0.2909 -0.8561 0.4271
vn 0.4207 -0.4671 0.7777
vn 0.3213 -0.8366 0.4438
vn 0.3833 0.0722 0.9208
vn 0.3139 0.0579 0.9477
vn 0.1889 -0.8838 0.4279
vn 0.1128 -0.5348 0.8374
vn 0.0029 0.0005 1.0000
vn -0.2237 0.9206 -0.3202
vn -0.2184 0.9185 -0.3296
vn -0.2421 0.9192 -0.3107
vn -0.1973 0.9297 -0.3111
vn -0.1622 0.9323 -0.3234
vn -0.2302 0.9081 -0.3499
vn 0.9931 0.1095 -0.0422
vn 0.9920 0.1244 -0.0236
vn 0.9925 0.1185 -0.0310
vn 0.9897 0.1432 -0.0000
vn -0.9931 -0.1112 0.0361
vn -0.9913 -0.1316 -0.0000
vn -0.3941 -0.0535 0.9175
vn -0.3966 -0.0527 0.9165
vn -0.9905 -0.1300 0.0452
vn -0.9891 -0.1436 0.0313
vn -0.9888 -0.1465 0.0283
vn -0.9848 -0.1738 -0.0000
vn 0.3918 0.0718 0.9172
vn 0.3962 0.0699 0.9155
vn 0.9873 0.1491 -0.0543
vn 0.9809 0.1944 -0.0000
vn -0.9233 -0.3839 -0.0058
vn -0.9569 -0.2804 0.0752
vn 0.0758 -0.9971 -0.0070
vn 0.0239 -0.9997 -0.0106
vn 0.2044 -0.9789 -0.0042
vn 0.3300 -0.9439 -0.0088
vn 0.3825 -0.9239 -0.0140
vn 0.9233 0.3839 0.0058
vn 0.9569 0.2804 -0.0752
vn -0.2016 -0.5887 -0.7828
vn -0.3866 -0.0626 -0.9201
vn -0.1210 -0.5611 -0.8189
vn -0.3185 -0.0529 -0.9464
vn 0.0344 -0.8969 -0.4409
vn 0.0772 -0.9003 -0.4285
vn -0.9897 -0.1309 -0.0572
vn -0.9757 -0.2051 -0.0776
vn -0.9761 -0.2006 -0.0842
vn -0.9640 -0.2544 -0.0773
vn 0.9640 0.2544 0.0773
vn 0.9757 0.2051 0.0776
vn 0.9736 0.2105 0.0882
vn 0.9847 0.1605 0.0681
vn 0.3213 -0.8366 -0.4438
vn 0.2909 -0.8561 -0.4271
vn 0.4208 -0.4671 -0.7777
vn 0.3379 -0.4776 -0.8110
vn 0.3833 0.0722 -0.9208
vn 0.3139 0.0579 -0.9477
vn 0.1128 -0.5348 -0.8374
vn 0.1889 -0.8838 -0.4279
vn 0.0029 0.0005 -1.0000
vn -0.1974 0.9296 0.3111
vn -0.2184 0.9185 0.3296
vn -0.2424 0.9191 0.3105
vn -0.2237 0.9206 0.3202
vn -0.1619 0.9324 0.3233
vn -0.2302 0.9081 0.3499
vn 0.9920 0.1244 0.0236
vn 0.9925 0.1185 0.0310
vn 0.9931 0.1095 0.0422
vn -0.9897 -0.1309 -0.0573
vn -0.9931 -0.1112 -0.0360
vn -0.9931 -0.1112 -0.0361
vn -0.3966 -0.0527 -0.9165
vn -0.3944 -0.0534 -0.9174
vn -0.9891 -0.1436 -0.0312
vn -0.9888 -0.1465 -0.0283
vn -0.9905 -0.1300 -0.0452
vn 0.3962 0.0699 -0.9155
vn 0.3921 0.0717 -0.9171
vn 0.9873 0.1491 0.0543
vn -0.9569 -0.2804 -0.0752
vn -0.9233 -0.3839 0.0058
vn 0.0758 -0.9971 0.0070
vn 0.0239 -0.9997 0.0106
vn 0.2044 -0.9789 0.0042
vn 0.3300 -0.9439 0.0088
vn 0.3825 -0.9239 0.0140
vn 0.9233 0.3839 -0.0058
vn 0.9569 0.2804 0.0752
vn -0.7929 -0.6093 -0.0000
vn -0.3821 -0.9241 -0.0000
vn -0.7930 -0.6093 -0.0000
vn -0.5039 -0.8638 -0.0000
vn -0.4393 -0.8984 -0.0000
vn -0.7567 -0.6538 0.0002
vn 0.8210 -0.5709 -0.0000
vn -0.3763 -0.9265 -0.0000
vn 0.9895 0.1446 -0.0002
vn 0.7938 -0.6082 -0.0000
vn 0.9241 -0.3821 -0.0000
vn 0.9914 0.1312 -0.0000
vn 0.7929 0.6093 -0.0000
vn 0.7930 0.6093 -0.0000
vn 0.3821 0.9241 -0.0000
vn 0.1299 0.9915 -0.0000
vn 0.3820 0.9242 -0.0000
vn 0.1756 0.9845 -0.0000
vn -0.8210 0.5709 -0.0000
vn 0.8011 0.5985 -0.0000
vn -0.9895 -0.1446 -0.0000
vn -0.7938 0.6082 -0.0000
vn -0.9241 0.3821 -0.0000
vn -0.9914 -0.1312 -0.0000
vn 0.0852 -0.2054 0.9750
vn -0.0852 0.2054 0.9750
vn 0.3541 -0.8533 0.3827
vn 0.2710 -0.6531 0.7071
vn -0.3541 0.8533 0.3827
vn -0.2710 0.6531 0.7071
vn 0.9236 0.3833 -0.0000
vn 0.9895 0.1446 -0.0000
vn -0.9236 -0.3833 -0.0000
vn 0.0553 -0.4539 0.8893
vn 0.0579 -0.5444 0.8368
vn 0.9510 -0.1406 0.2754
vn 0.9763 -0.1157 0.1828
vn 0.9038 -0.2804 0.3231
vn 0.0407 -0.6549 0.7546
vn -0.0553 -0.4539 0.8893
vn -0.9510 -0.1406 0.2754
vn -0.0579 -0.5444 0.8368
vn -0.9763 -0.1157 0.1828
vn -0.9038 -0.2805 0.3231
vn -0.0407 -0.6549 0.7546
vn -0.0000 -0.3952 -0.9186
vn -0.0000 -0.1887 -0.9820
vn 0.0003 -0.1887 -0.9820
vn 0.7071 0.2795 0.6495
vn 0.3311 -0.1207 0.9358
vn 0.3280 -0.1234 0.9366
vn -0.0000 0.4906 0.8714
vn -0.0000 0.9679 -0.2513
vn -0.0000 0.5008 0.8656
vn -0.0000 0.9715 -0.2370
vn -0.7071 0.2795 0.6495
vn -0.0000 -0.3701 0.9290
vn -0.0000 0.3952 0.9186
vn 0.6204 -0.7204 0.3100
vn -0.0000 -0.9186 0.3952
vn -0.8010 -0.5985 0.0145
vn -0.3013 -0.9531 0.0279
vn -0.7774 -0.6169 0.1232
vn -0.2854 -0.9367 0.2026
vn 0.3013 -0.9531 0.0279
vn 0.2930 -0.9334 0.2073
vn 0.8010 -0.5985 0.0145
vn 0.7776 -0.6143 0.1340
vn 0.9999 -0.0113 0.0013
vn 0.9981 -0.0592 0.0191
vn 0.8119 0.5838 -0.0021
vn 0.8353 0.5476 -0.0490
vn 0.3090 0.9511 -0.0000
vn 0.4048 0.3768 -0.8332
vn -0.3090 0.9511 -0.0000
vn -0.4048 0.3768 -0.8332
vn -0.8119 0.5838 -0.0020
vn -0.8253 0.5630 -0.0422
vn -0.9999 -0.0113 0.0012
vn -0.9987 -0.0485 0.0127
vn -0.7561 -0.4748 0.4504
vn -0.2774 -0.6849 0.6737
vn -0.7825 -0.0828 0.6171
vn -0.2945 -0.1309 0.9466
vn 0.2774 -0.6737 0.6850
vn 0.2897 -0.1268 0.9487
vn 0.7561 -0.4504 0.4748
vn 0.7823 -0.0742 0.6184
vn 0.9948 -0.0658 0.0781
vn 0.9991 -0.0072 0.0415
vn 0.8598 0.3472 -0.3745
vn 0.8215 0.0211 -0.5698
vn -0.8598 0.3746 -0.3472
vn -0.8269 0.0253 -0.5617
vn -0.9948 -0.0781 0.0658
vn -0.9988 -0.0112 0.0481
vn -0.3048 -0.0136 0.9523
vn -0.8047 -0.0069 0.5936
vn 0.3048 -0.0136 0.9523
vn 0.8047 -0.0068 0.5936
vn 1.0000 -0.0007 0.0061
vn 0.8106 0.0007 -0.5856
vn 0.3090 -0.0000 -0.9511
vn -0.3090 -0.0000 -0.9511
vn -0.8106 0.0007 -0.5856
vn -1.0000 -0.0007 0.0061
vn -0.7505 -0.0483 -0.6591
vn -0.5408 -0.3005 -0.7856
vn -0.7480 -0.0543 -0.6615
vn -0.5352 -0.3036 -0.7883
vn -0.2168 -0.3681 -0.9041
vn -0.2102 -0.3671 -0.9061
vn 0.0977 -0.2253 -0.9694
vn 0.1028 -0.2205 -0.9699
vn 0.2827 0.0734 -0.9564
vn 0.2843 0.0801 -0.9554
vn 0.2674 0.4138 -0.8702
vn 0.2649 0.4200 -0.8680
vn 0.0578 0.6661 -0.7437
vn 0.0520 0.6692 -0.7412
vn -0.2662 0.7337 -0.6252
vn -0.2729 0.7327 -0.6234
vn -0.5808 0.5909 -0.5599
vn -0.5859 0.5862 -0.5596
vn -0.7657 0.2922 -0.5729
vn -0.7674 0.2855 -0.5741
vn 0.2937 -0.2222 0.9297
vn -0.8800 -0.4426 0.1721
vn -0.4926 -0.8687 -0.0521
vn -0.8800 -0.4426 0.1722
vn 0.0830 -0.9630 -0.2564
vn 0.0831 -0.9630 -0.2564
vn 0.6269 -0.6894 -0.3628
vn 0.9314 -0.1525 -0.3306
vn 0.9313 -0.1525 -0.3306
vn 0.8800 0.4426 -0.1722
vn 0.4925 0.8687 0.0521
vn 0.4926 0.8687 0.0521
vn -0.0831 0.9630 0.2564
vn -0.0830 0.9630 0.2564
vn -0.6269 0.6894 0.3628
vn -0.9314 0.1525 0.3306
vn -0.9672 0.2086 0.1448
vn -0.9264 -0.3765 -0.0080
vn -0.9689 0.2013 0.1436
vn -0.9237 -0.3831 -0.0104
vn -0.6606 0.7306 0.1727
vn -0.6661 0.7254 0.1732
vn -0.1236 0.9902 0.0651
vn -0.1308 0.9891 0.0671
vn 0.4386 0.8882 -0.1368
vn 0.4325 0.8916 -0.1341
vn 0.8114 0.4635 -0.3561
vn 0.8087 0.4701 -0.3537
vn 0.8522 -0.1215 -0.5088
vn 0.8539 -0.1143 -0.5077
vn 0.5456 -0.6436 -0.5368
vn 0.5511 -0.6384 -0.5373
vn 0.0086 -0.9032 -0.4292
vn 0.0158 -0.9021 -0.4312
vn -0.5537 -0.8011 -0.2272
vn -0.5475 -0.8046 -0.2300
vn -0.0093 -0.3629 0.9318
vn 0.1220 -0.4996 0.8576
vn -0.0088 -0.3642 0.9313
vn 0.1232 -0.5003 0.8571
vn 0.3126 -0.5256 0.7912
vn 0.3140 -0.5254 0.7908
vn 0.4898 -0.4310 0.7578
vn 0.4908 -0.4300 0.7577
vn 0.5857 -0.2520 0.7703
vn 0.5860 -0.2505 0.7706
vn 0.5639 -0.0568 0.8239
vn 0.5633 -0.0555 0.8244
vn 0.4325 0.0799 0.8981
vn 0.4313 0.0806 0.8986
vn 0.2419 0.1059 0.9645
vn 0.2405 0.1057 0.9649
vn 0.0648 0.0113 0.9978
vn 0.0637 0.0103 0.9979
vn -0.0312 -0.1677 0.9853
vn -0.0315 -0.1692 0.9851
vn 0.9046 0.4208 -0.0682
vn 0.5169 0.8419 0.1549
vn 0.9039 0.4223 -0.0677
vn 0.5154 0.8427 0.1555
vn -0.0561 0.9322 0.3575
vn -0.0578 0.9320 0.3579
vn -0.5954 0.6572 0.4621
vn -0.5967 0.6560 0.4622
vn -0.8951 0.1220 0.4288
vn -0.8955 0.1203 0.4285
vn -0.8407 -0.4691 0.2703
vn -0.8401 -0.4707 0.2697
vn -0.4530 -0.8903 0.0472
vn -0.4516 -0.8910 0.0465
vn 0.1199 -0.9805 -0.1554
vn 0.1215 -0.9803 -0.1558
vn 0.6593 -0.7055 -0.2600
vn 0.6605 -0.7043 -0.2601
vn 0.9590 -0.1702 -0.2267
vn 0.9593 -0.1686 -0.2264
vn 0.0263 0.2176 -0.9757
vn 0.0061 0.0501 -0.9987
vn 0.0263 0.2176 0.9757
vn 0.0061 0.0501 0.9987
vn -0.1200 -0.9928 -0.0000
vn 0.5859 -0.8104 -0.0000
vn 0.9999 0.0157 -0.0000
vn 0.9829 0.1842 -0.0000
vn 0.8422 0.5392 -0.0000
vn 0.1733 0.0001 0.9849
vn 0.1733 -0.0000 0.9849
vn -0.1614 -0.0000 0.9869
vn -0.2965 -0.9499 -0.0991
vn 0.1547 -0.9774 -0.1442
vn -0.1521 -0.9883 0.0135
vn 0.2703 -0.9530 -0.1368
vn -0.8881 -0.0000 0.4597
vn -0.8881 -0.0000 0.4596
vn -0.8147 -0.0000 0.5799
vn -0.8147 -0.0000 0.5798
vn 0.9769 -0.0000 0.2137
vn 0.9967 -0.0000 0.0818
vn 0.9967 0.0001 0.0817
vn -0.8321 -0.0000 -0.5546
vn -0.3125 -0.0000 -0.9499
vn -0.0237 -0.9696 0.2435
vn 0.0375 -0.9444 0.3266
vn 1.0000 -0.0000 0.0003
vn 0.9557 -0.0000 0.2945
vn 0.9556 -0.0000 0.2945
vn 0.0001 -0.0000 -1.0000
vn 0.0003 -0.0000 -1.0000
vn 0.3222 -0.0000 0.9467
vn -0.2492 -0.9606 -0.1227
vn 0.2854 -0.8678 -0.4069
vn -0.2923 -0.9562 0.0176
vn 0.2216 -0.9718 -0.0810
vn -0.0742 -0.8419 0.5345
vn 0.0486 -0.8609 0.5065
vn -0.0000 0.9981 -0.0616
vn -0.0000 -0.9324 0.3614
vn -0.9997 0.0098 0.0204
vn -0.9997 0.0085 0.0216
vn -0.9997 0.0065 0.0236
vn -0.9997 0.0085 0.0217
vn -0.9995 -0.0000 0.0300
vn 0.9997 0.0098 0.0204
vn 0.9997 0.0065 0.0236
vn 0.9997 0.0085 0.0216
vn 0.9995 -0.0000 0.0300
vn -0.1323 -0.0000 0.9912
vn -0.9438 -0.0000 0.3304
vn -0.9729 -0.1500 0.1759
vn -0.6977 -0.6867 0.2038
vn -0.9728 -0.1504 0.1762
vn -0.6942 -0.6901 0.2047
vn -0.1695 -0.9511 0.2581
vn -0.1636 -0.9517 0.2597
vn 0.4136 -0.8527 0.3192
vn 0.4185 -0.8496 0.3209
vn 0.8279 -0.4271 0.3636
vn 0.8298 -0.4227 0.3644
vn 0.9155 0.1507 0.3731
vn 0.9154 0.1502 0.3736
vn 0.6543 0.6731 0.3449
vn 0.6578 0.6689 0.3462
vn 0.1296 0.9484 0.2893
vn 0.1355 0.9471 0.2911
vn -0.4546 0.8609 0.2287
vn -0.4495 0.8632 0.2300
vn -0.8756 0.4459 0.1857
vn -0.8737 0.4494 0.1863
vn -0.0999 -0.0000 0.9950
vn 0.7961 0.5932 -0.1195
vn -0.8164 -0.5650 -0.1195
vn 0.5064 0.8124 0.2891
vn -0.9316 -0.2204 0.2891
vn -0.0922 0.1284 0.9874
vn 0.1027 -0.1429 0.9844
vn -0.8122 -0.5834 -0.0000
vn 0.8122 0.5834 -0.0000
vn -0.8906 -0.4396 0.1161
vn -0.5467 -0.8096 0.2139
vn -0.8800 -0.3961 0.2621
vn -0.5385 -0.7598 0.3643
vn -0.0000 -0.9668 0.2554
vn -0.0000 -0.9152 0.4029
vn 0.5467 -0.8096 0.2139
vn 0.5385 -0.7598 0.3643
vn 0.8906 -0.4396 0.1161
vn 0.8800 -0.3961 0.2621
vn 0.9998 -0.0208 0.0055
vn 0.9867 0.0209 0.1613
vn 0.9998 0.0208 -0.0055
vn 0.8906 0.4396 -0.1161
vn 0.9867 0.0615 0.1505
vn 0.8800 0.4739 0.0323
vn 0.5467 0.8096 -0.2139
vn 0.5385 0.8406 -0.0585
vn -0.0000 0.9668 -0.2554
vn -0.0000 0.9948 -0.1017
vn -0.5467 0.8096 -0.2139
vn -0.5385 0.8406 -0.0585
vn -0.8906 0.4396 -0.1161
vn -0.8800 0.4739 0.0323
vn -0.9998 0.0208 -0.0055
vn -0.9867 0.0614 0.1505
vn -0.9998 -0.0208 0.0055
vn -0.9867 0.0209 0.1613
vn 0.4278 0.4906 0.7592
vn -0.0000 0.7126 0.7015
vn -0.0000 0.2554 0.9668
vn -0.4278 0.4906 0.7592
vn -0.5739 0.2173 0.7895
vn -0.5540 0.2041 0.8071
vn -0.4278 -0.0517 0.9024
vn -0.0000 -0.2732 0.9620
vn 0.4278 -0.0517 0.9024
vn 0.5540 0.2041 0.8071
vn 0.5739 0.2173 0.7895
vn 0.0351 0.3041 0.9520
vn -0.0000 0.2777 0.9607
vn -0.0351 0.3041 0.9520
vn -0.1003 0.2655 0.9589
vn -0.0693 0.2432 0.9675
vn -0.0351 0.2057 0.9780
vn -0.0000 0.2330 0.9725
vn 0.0351 0.2057 0.9780
vn 0.0694 0.2432 0.9675
vn 0.1003 0.2655 0.9589
vn -0.0000 -0.4034 0.9150
vn -0.0000 0.1150 0.9934
vn -0.0000 0.2817 0.9595
vn -0.0000 0.8787 0.4773
vn -0.0000 0.7558 0.6549
vn -0.0000 0.9991 0.0418
vn -0.0000 -0.3770 0.9262
vn -0.0000 0.0691 0.9976
vn -0.0000 0.8558 0.5173
vn -0.0000 0.9999 0.0132
vn -0.0000 -0.5406 -0.8413
vn -0.0000 -0.9096 -0.4154
vn -0.0000 -0.9898 0.1423
vn -0.0000 -0.7558 0.6549
vn -0.0000 0.9096 -0.4154
vn -0.0000 0.5406 -0.8413
vn 0.9941 -0.0585 -0.0910
vn -0.0000 0.8413 -0.5406
vn -0.9941 -0.0585 -0.0910
vn -0.9941 -0.0584 -0.0909
vn -0.9941 -0.0585 -0.0909
vn -0.0000 -0.8413 0.5406
vn 0.9875 -0.0851 -0.1324
vn -0.9875 -0.0851 -0.1324
vn -0.0132 -0.8193 0.5732
vn -0.0136 -0.8184 0.5745
vn -0.0080 -0.8179 0.5754
vn -0.0055 -0.8162 0.5777
vn -0.0112 0.8288 -0.5594
vn -0.0073 0.8293 -0.5587
vn -0.0004 0.8286 -0.5598
vn 0.0003 0.8288 -0.5596
vn -0.9994 0.0189 0.0274
vn -0.9992 0.0191 0.0360
vn -0.9989 0.0267 0.0387
vn -0.0017 -0.7660 0.6429
vn -0.0287 -0.8147 0.5792
vn -0.0237 -0.8125 0.5825
vn 0.0010 0.8277 -0.5611
vn 0.0014 0.8279 -0.5608
vn 0.0002 0.8241 -0.5664
vn -0.0000 0.8246 -0.5657
vn -0.0013 0.8255 -0.5643
vn 0.0034 -0.7454 0.6666
vn -0.0531 -0.6973 0.7148
vn -0.0069 0.5683 0.8228
vn -0.1025 0.5653 0.8185
vn -0.9693 0.1396 0.2022
vn -0.9693 0.1401 0.2021
vn -0.9442 0.1872 0.2710
vn -0.0000 -0.5683 -0.8228
vn 0.9993 0.0209 0.0302
vn 0.9904 0.0786 0.1138
vn 0.9995 0.0186 0.0269
vn 0.2668 -0.5477 -0.7930
vn 0.9994 0.0204 0.0295
vn 0.2942 0.5431 0.7864
vn 0.0076 0.8292 -0.5589
vn -0.0006 0.8300 -0.5578
vn 0.0005 0.8314 -0.5557
vn -0.9936 0.0643 0.0931
vn -0.9917 0.0608 0.1130
vn -0.9988 0.0193 0.0461
vn -0.9990 0.0290 0.0337
vn -0.0043 -0.8173 0.5762
vn -0.0000 -0.8130 0.5823
vn -0.9994 0.0190 0.0274
vn 0.9994 0.0191 0.0277
vn -0.0370 -0.5679 -0.8223
vn -0.0434 -0.8177 0.5740
vn -0.0782 -0.8058 0.5870
vn -0.0442 -0.8173 0.5746
vn -0.1325 -0.7855 0.6046
vn 0.1287 0.5636 0.8160
vn -0.0472 0.8282 -0.5585
vn -0.1365 0.8448 -0.5173
vn -0.0495 0.8257 -0.5619
vn -0.0458 -0.8192 0.5717
vn -0.0000 0.8315 -0.5556
vn -0.0000 0.8313 -0.5558
vn -0.9986 0.0299 0.0434
vn 0.9986 0.0305 0.0442
vn 0.9986 0.0318 0.0412
vn 0.9986 0.0312 0.0424
vn -0.9325 0.2053 0.2972
vn -0.9981 0.0352 0.0509
vn 0.9987 0.0287 0.0416
vn 0.9987 0.0311 0.0402
vn -0.0389 -0.5679 -0.8222
vn -0.0048 -0.8157 0.5785
vn -0.0016 -0.8122 0.5834
vn 0.0009 -0.8095 0.5871
vn 0.0389 0.5679 0.8222
vn 0.0013 0.8408 -0.5414
vn -0.0022 0.8373 -0.5468
vn -0.0071 -0.8181 0.5750
vn -0.6543 0.4298 0.6223
vn 0.2077 -0.5559 -0.8049
vn 0.0633 0.8259 -0.5602
vn 0.0606 0.8280 -0.5574
vn 0.9855 0.0966 0.1398
vn 0.8095 0.3336 0.4831
vn 0.0604 -0.8200 0.5692
vn 0.0539 -0.8197 0.5703
vn 0.0603 -0.8180 0.5720
vn 0.0604 -0.8178 0.5723
vn 0.0554 0.8270 -0.5595
vn 0.2341 0.5525 0.8000
vn 0.0499 -0.8326 0.5517
vn 0.0387 -0.8193 0.5720
vn 0.1450 -0.9314 0.3338
vn 0.0529 -0.9828 -0.1768
vn 0.3950 -0.8906 -0.2255
vn -0.1599 -0.9369 0.3109
vn -0.0895 -0.9586 -0.2704
vn -0.4832 -0.8586 -0.1712
vn 0.7138 -0.6213 -0.3233
vn 0.2349 -0.5045 -0.8309
vn 0.3762 -0.6587 0.6515
vn -0.4123 -0.6680 0.6195
vn -0.2882 -0.5439 -0.7881
vn -0.7480 -0.6207 -0.2350
vn -0.0000 -0.4990 0.8666
vn 0.3052 -0.5958 0.7429
vn -0.0000 -0.9931 0.1170
vn 0.0618 -0.9909 0.1198
vn 0.2657 -0.7412 0.6165
vn 0.2665 -0.7455 0.6110
vn -0.2169 -0.7172 0.6623
vn -0.2103 -0.7244 0.6565
vn -0.6359 -0.6735 0.3770
vn -0.6746 -0.6912 0.2592
vn -0.0000 -0.5774 -0.8165
vn -0.2130 -0.6971 -0.6846
vn -0.2750 -0.7230 -0.6337
vn 0.4545 -0.0000 0.8908
vn 0.4544 -0.0000 0.8908
vn 0.3994 -0.0000 0.9168
vn 0.0005 -1.0000 -0.0000
vn 0.0005 -1.0000 -0.0002
vn -0.3337 -0.0000 0.9427
vn -0.3336 -0.0000 0.9427
vn -0.0018 -1.0000 0.0062
vn -0.0019 -1.0000 0.0055
vn -0.6192 -0.0000 0.7852
vn -0.0000 -1.0000 -0.0004
vn -0.0001 -1.0000 -0.0009
vn 0.1699 -0.5633 0.8086
vn 0.6207 -0.0000 0.7840
vn 0.1699 -0.5633 -0.8086
vn 0.6207 -0.0000 -0.7840
vn 0.9494 -0.3141 -0.0000
vn 0.9927 0.1205 -0.0000
vn -0.0621 -0.1575 0.9856
vn -0.9629 -0.0496 0.2654
vn -0.0621 -0.7067 0.7047
vn -0.9629 -0.1961 0.1856
vn -0.0621 -0.9860 0.1547
vn -0.9629 -0.2677 0.0348
vn -0.0621 -0.8886 -0.4544
vn -0.9629 -0.2371 -0.1292
vn -0.0621 -0.4518 -0.8899
vn -0.9629 -0.1159 -0.2438
vn -0.0621 0.1575 -0.9856
vn -0.9629 0.0496 -0.2654
vn -0.0621 0.7067 -0.7047
vn -0.9629 0.1961 -0.1856
vn -0.0621 0.9860 -0.1547
vn -0.9629 0.2677 -0.0348
vn -0.0621 0.8886 0.4544
vn -0.9629 0.2371 0.1292
vn -0.0621 0.4518 0.8899
vn -0.9629 0.1159 0.2438
vn 0.9629 -0.0349 0.2677
vn 0.0621 -0.1547 0.9860
vn 0.9629 -0.1856 0.1961
vn 0.0621 -0.7047 0.7067
vn 0.9629 -0.2654 0.0496
vn 0.0621 -0.9856 0.1575
vn 0.9629 -0.2438 -0.1159
vn 0.0621 -0.8899 -0.4519
vn 0.9629 -0.1292 -0.2371
vn 0.0621 -0.4544 -0.8886
vn 0.9629 0.0349 -0.2677
vn 0.0621 0.1547 -0.9860
vn 0.9629 0.1856 -0.1961
vn 0.0621 0.7047 -0.7067
vn 0.9629 0.2654 -0.0496
vn 0.0621 0.9856 -0.1575
vn 0.9629 0.2438 0.1159
vn 0.0621 0.8899 0.4519
vn 0.9629 0.1292 0.2371
vn 0.0621 0.4544 0.8886
vn -0.0000 0.3720 0.9282
vn -0.1408 0.3289 0.9338
vn -0.0173 -0.2024 0.9791
vn 0.2248 0.2923 0.9295
vn 0.0093 -0.1086 0.9940
vn 0.0536 -0.5523 0.8319
vn -0.1016 -0.5271 0.8437
vn -0.0327 -0.3148 0.9486
vn 0.0292 -0.2724 0.9618
vn -0.0000 0.6071 0.7947
vn -0.0000 0.5869 0.8097
vn -0.0000 0.9643 0.2648
vn -0.0000 0.9601 0.2796
vn -0.0000 0.9996 0.0275
vn -0.7071 -0.0000 0.7071
vn 0.7071 -0.0000 0.7071
vn 0.8861 -0.4372 0.1538
vn 0.8959 -0.3979 0.1978
vn -0.9111 -0.3824 0.1537
vn -0.9089 -0.3853 0.1596
vn 0.9924 -0.0579 0.1085
vn 0.9919 -0.0485 0.1170
vn -0.9907 -0.0521 0.1258
vn -0.9917 -0.0676 0.1097
vn -0.9189 0.2533 0.3024
vn -0.9334 0.2241 0.2802
vn -0.9704 0.0548 0.2353
vn -0.9754 0.0343 0.2177
vn 0.9909 -0.1216 -0.0581
vn 0.7954 -0.5983 -0.0966
vn 0.9877 -0.1384 -0.0727
vn 0.7867 -0.6109 -0.0890
vn -0.9337 0.2959 0.2016
vn -0.9365 0.2920 0.1942
vn -0.9447 0.2630 0.1959
vn -0.8907 0.3895 0.2344
vn -0.8801 0.4064 0.2453
vn -0.8486 0.4580 0.2647
vn -0.8509 0.4466 0.2765
vn 0.6659 -0.7449 -0.0410
vn 0.6994 -0.7147 0.0093
vn -0.9760 -0.0000 0.2178
vn -0.9754 0.0342 0.2177
vn 0.9982 -0.0096 -0.0599
vn 0.9981 -0.0093 -0.0605
vn -0.0998 0.2382 -0.9661
vn -0.0620 0.2817 -0.9575
vn -0.0345 0.2474 -0.9683
vn -0.0188 0.2875 -0.9576
vn -0.1598 0.1582 -0.9744
vn -0.0643 0.1679 -0.9837
vn -0.1819 0.0650 -0.9812
vn -0.0906 0.0552 -0.9944
vn -0.1609 0.0032 -0.9870
vn -0.1058 0.0044 -0.9944
vn -0.1748 0.2180 -0.9602
vn -0.1187 0.2632 -0.9574
vn -0.2465 0.1427 -0.9586
vn -0.2851 0.0884 -0.9544
vn -0.4395 0.0321 -0.8977
vn -0.4723 0.0437 -0.8804
vn -0.5742 0.0689 -0.8158
vn -0.5704 0.0710 -0.8183
vn -0.2161 0.1991 -0.9559
vn -0.1556 0.2430 -0.9575
vn -0.2819 0.1251 -0.9513
vn -0.3092 0.0829 -0.9474
vn -0.3225 0.0018 -0.9466
vn -0.3177 0.0036 -0.9482
vn -0.9213 0.1363 -0.3641
vn -0.9344 0.1341 -0.3300
vn -0.9225 0.1361 -0.3612
vn -0.9353 0.1340 -0.3276
vn -0.1176 -0.8960 -0.4283
vn -0.1175 -0.9396 -0.3214
vn -0.0847 -0.9813 -0.1731
vn -0.0666 -0.9843 -0.1634
vn -0.0464 -0.9857 -0.1621
vn -0.0465 -0.9858 -0.1616
vn 0.7057 0.2036 -0.6786
vn 0.7064 0.1899 -0.6819
vn 0.4104 0.2622 -0.8734
vn 0.2978 0.2425 -0.9233
vn 0.6708 0.1661 -0.7228
vn 0.2273 0.1681 -0.9592
vn 0.6516 0.0923 -0.7529
vn 0.7073 0.0230 -0.7065
vn 0.7015 0.0267 -0.7121
vn 0.7071 0.0030 -0.7071
vn -0.0286 0.0555 -0.9980
vn -0.0321 0.0035 -0.9995
vn -0.0000 -0.1619 -0.9868
vn -0.0000 -0.2447 -0.9696
vn -0.0001 -0.2447 -0.9696
vn -0.0000 -0.9876 -0.1572
vn -0.0000 0.9983 0.0585
vn -0.0189 0.2875 0.9576
vn -0.0620 0.2817 0.9575
vn -0.0345 0.2474 0.9683
vn -0.0998 0.2382 0.9661
vn -0.0643 0.1679 0.9837
vn -0.1598 0.1582 0.9744
vn -0.0906 0.0552 0.9944
vn -0.1819 0.0650 0.9812
vn -0.1058 0.0044 0.9944
vn -0.1609 0.0032 0.9870
vn -0.1186 0.2632 0.9574
vn -0.1748 0.2180 0.9602
vn -0.2465 0.1427 0.9586
vn -0.2851 0.0884 0.9544
vn -0.5704 0.0710 0.8183
vn -0.4723 0.0437 0.8804
vn -0.5742 0.0689 0.8158
vn -0.4395 0.0321 0.8977
vn -0.1556 0.2430 0.9575
vn -0.2161 0.1991 0.9559
vn -0.2818 0.1252 0.9513
vn -0.3092 0.0829 0.9474
vn -0.3174 0.0037 0.9483
vn -0.3225 0.0018 0.9466
vn -0.9353 0.1340 0.3276
vn -0.9344 0.1341 0.3300
vn -0.9225 0.1361 0.3612
vn -0.9213 0.1363 0.3641
vn -0.1176 -0.8960 0.4283
vn -0.0847 -0.9812 0.1731
vn -0.1175 -0.9396 0.3214
vn -0.0667 -0.9843 0.1634
vn -0.0464 -0.9857 0.1620
vn -0.0465 -0.9858 0.1616
vn 0.9889 0.0427 0.1423
vn 0.4104 0.2622 0.8734
vn 0.9897 0.0384 0.1379
vn 0.2978 0.2425 0.9233
vn 0.9587 0.0637 0.2771
vn 0.2273 0.1681 0.9592
vn 0.9680 0.0305 0.2490
vn 0.2148 0.0499 0.9754
vn 0.9703 0.0079 0.2416
vn 0.2129 0.0036 0.9771
vn 0.9784 0.0017 0.2066
vn -0.0000 0.3660 0.9306
vn -0.0000 -0.2447 0.9696
vn -0.0000 -0.9876 0.1572
vn -0.0000 0.9983 -0.0585
vn -0.0000 0.9650 0.2621
vn 0.0001 0.9650 0.2621
vn -0.0000 0.4472 0.8944
vn -0.0000 0.4471 0.8945
vn 0.2825 -0.0000 0.9593
vn 0.4021 -0.0000 0.9156
vn 0.1104 -0.0000 0.9939
vn 0.9346 -0.0622 0.3501
vn 0.9988 -0.0480 -0.0000
vn 0.1190 -0.1677 0.9786
vn 0.8632 -0.0000 0.5049
vn 0.8631 -0.0000 0.5050
vn 0.1208 -0.0000 0.9927
vn -0.8890 0.4579 -0.0000
vn -0.0001 1.0000 -0.0000
vn -0.2825 -0.0000 0.9593
vn -0.4021 -0.0000 0.9156
vn -0.1103 -0.0000 0.9939
vn -0.1104 -0.0000 0.9939
vn -0.9969 0.0786 -0.0000
vn -0.8631 -0.0000 0.5050
vn -0.8632 -0.0000 0.5049
vn -0.1208 -0.0000 0.9927
vn -0.3647 0.0322 -0.9306
vn -0.3755 -0.0000 -0.9268
vn -0.5708 0.0196 -0.8208
vn -0.5726 -0.0000 -0.8199
vn -0.6095 0.4008 -0.6840
vn -0.3956 0.4957 -0.7732
vn -0.6354 0.6761 -0.3730
vn -0.4221 0.8088 -0.4095
vn -0.6432 0.7560 0.1211
vn -0.4395 0.8879 0.1362
vn -0.6213 0.5322 0.5751
vn -0.4073 0.6523 0.6392
vn -0.5646 0.0472 0.8240
vn -0.3558 0.0748 0.9316
vn -0.3733 0.0061 0.9277
vn -0.5725 0.0047 0.8199
vn 0.5986 0.0198 -0.8008
vn 0.2854 0.0345 -0.9578
vn 0.6821 0.3557 -0.6389
vn 0.3692 0.4991 -0.7840
vn 0.5844 -0.0003 -0.8114
vn 0.2445 -0.0002 -0.9697
vn 0.7414 0.5836 -0.3312
vn 0.4113 0.8132 -0.4118
vn 0.7567 0.6448 0.1081
vn 0.4348 0.8899 0.1380
vn 0.3883 0.6568 0.6464
vn 0.7120 0.4664 0.5249
vn 0.2833 0.0801 0.9557
vn 0.6032 0.0468 0.7962
vn 0.5814 0.0052 0.8136
vn 0.2419 0.0067 0.9703
vn 1.0000 0.0005 -0.0001
vn 1.0000 0.0008 0.0012
vn 1.0000 -0.0007 0.0012
vn 1.0000 -0.0013 0.0007
vn 1.0000 -0.0014 -0.0002
vn 1.0000 -0.0010 -0.0010
vn 1.0000 0.0006 -0.0014
vn 1.0000 0.0001 0.0046
vn 1.0000 0.0002 0.0044
vn 1.0000 0.0001 -0.0044
vn -0.0132 -0.8193 -0.5732
vn -0.0080 -0.8179 -0.5754
vn -0.0136 -0.8184 -0.5745
vn -0.0055 -0.8162 -0.5777
vn 0.0003 0.8286 0.5599
vn -0.0073 0.8293 0.5587
vn -0.0004 0.8286 0.5598
vn -0.0112 0.8288 0.5594
vn -0.9994 0.0189 -0.0274
vn -0.9992 0.0191 -0.0360
vn -0.9989 0.0267 -0.0387
vn -0.0017 -0.7660 -0.6429
vn -0.0237 -0.8125 -0.5825
vn -0.0287 -0.8147 -0.5792
vn 0.0010 0.8278 0.5611
vn 0.0002 0.8241 0.5664
vn 0.0013 0.8279 0.5608
vn -0.0013 0.8255 0.5643
vn -0.0000 0.8246 0.5657
vn 0.0034 -0.7454 -0.6666
vn -0.0531 -0.6973 -0.7148
vn -0.0069 0.5683 -0.8228
vn -0.1025 0.5653 -0.8185
vn -0.9693 0.1392 -0.2025
vn -0.9442 0.1872 -0.2710
vn -0.9693 0.1398 -0.2023
vn -0.0000 -0.5683 0.8228
vn 0.9993 0.0210 -0.0302
vn 0.9995 0.0186 -0.0269
vn 0.9904 0.0785 -0.1139
vn 0.2668 -0.5477 0.7930
vn 0.9994 0.0204 -0.0295
vn 0.2942 0.5431 -0.7864
vn 0.0076 0.8292 0.5589
vn 0.0005 0.8314 0.5557
vn -0.0006 0.8300 0.5578
vn -0.9936 0.0643 -0.0931
vn -0.9988 0.0193 -0.0461
vn -0.9917 0.0608 -0.1130
vn -0.9990 0.0290 -0.0338
vn -0.0043 -0.8173 -0.5762
vn -0.0000 -0.8130 -0.5823
vn -0.9994 0.0190 -0.0274
vn 0.9994 0.0191 -0.0277
vn -0.0370 -0.5679 0.8223
vn -0.1325 -0.7855 -0.6046
vn -0.0782 -0.8058 -0.5870
vn -0.0442 -0.8173 -0.5746
vn -0.0434 -0.8178 -0.5739
vn 0.1287 0.5636 -0.8160
vn -0.1365 0.8448 0.5173
vn -0.0472 0.8282 0.5585
vn -0.0495 0.8257 0.5619
vn -0.0458 -0.8192 -0.5717
vn -0.0000 0.8315 0.5556
vn -0.0000 0.8313 0.5558
vn -0.9986 0.0299 -0.0434
vn 0.9986 0.0312 -0.0424
vn 0.9986 0.0318 -0.0412
vn 0.9986 0.0305 -0.0442
vn -0.9325 0.2053 -0.2972
vn -0.9981 0.0352 -0.0509
vn 0.9987 0.0287 -0.0416
vn 0.9987 0.0311 -0.0402
vn -0.0389 -0.5679 0.8222
vn -0.0048 -0.8157 -0.5785
vn 0.0009 -0.8095 -0.5871
vn -0.0016 -0.8122 -0.5834
vn 0.0389 0.5679 -0.8222
vn 0.0013 0.8408 0.5414
vn -0.0022 0.8373 0.5468
vn -0.0071 -0.8181 -0.5750
vn -0.6543 0.4298 -0.6223
vn 0.2077 -0.5559 0.8049
vn 0.0606 0.8280 0.5574
vn 0.0633 0.8259 0.5602
vn 0.9855 0.0966 -0.1398
vn 0.8095 0.3336 -0.4831
vn 0.0604 -0.8200 -0.5692
vn 0.0603 -0.8180 -0.5720
vn 0.0539 -0.8197 -0.5703
vn 0.0604 -0.8178 -0.5723
vn 0.0554 0.8270 0.5595
vn 0.2341 0.5525 -0.8000
vn 0.0499 -0.8326 -0.5517
vn 0.0387 -0.8193 -0.5720
vn -0.0000 -0.4034 -0.9150
vn -0.0000 0.2817 -0.9595
vn -0.0000 0.1150 -0.9934
vn -0.0000 0.8787 -0.4773
vn -0.0000 0.7558 -0.6549
vn -0.0000 0.9991 -0.0418
vn -0.0000 -0.3770 -0.9262
vn -0.0000 0.0691 -0.9976
vn -0.0000 0.8558 -0.5173
vn -0.0000 0.9999 -0.0132
vn -0.0000 -0.5406 0.8413
vn -0.0000 -0.9096 0.4154
vn -0.0000 -0.9898 -0.1423
vn -0.0000 -0.7558 -0.6549
vn -0.0000 0.9096 0.4154
vn -0.0000 0.5406 0.8413
vn 0.9941 -0.0585 0.0910
vn -0.0000 0.8413 0.5406
vn -0.9941 -0.0585 0.0910
vn -0.0000 -0.8413 -0.5406
vn 0.9875 -0.0851 0.1324
vn -0.9875 -0.0851 0.1324
vn 0.5341 0.2044 -0.8204
vn 0.2741 0.2421 -0.9307
vn 0.0997 0.4289 -0.8979
vn -0.0000 0.2942 -0.9557
vn 0.2786 -0.1662 -0.9459
vn 0.5408 -0.1308 -0.8309
vn 0.1025 -0.3421 -0.9341
vn -0.0000 -0.2175 -0.9761
vn 0.9339 0.0729 -0.3499
vn 0.9973 0.0730 -0.0000
vn 0.9346 -0.0622 -0.3502
vn 0.3990 -0.1245 -0.9085
vn 0.3950 0.1883 -0.8992
vn -0.5352 0.1937 -0.8222
vn -0.3993 0.1185 -0.9091
vn -0.2375 0.5418 -0.8062
vn -0.1055 0.2952 -0.9496
vn -0.2786 -0.1662 -0.9459
vn -0.5408 -0.1308 -0.8309
vn -0.1038 -0.3421 -0.9339
vn -0.9341 0.0703 -0.3499
vn -0.9346 -0.0622 -0.3502
vn -0.9988 -0.0480 -0.0000
vn -0.3990 -0.1245 -0.9085
vn -0.0000 0.9650 -0.2621
vn -0.0000 0.4472 -0.8944
vn -0.0000 0.4471 -0.8945
vn 0.1450 -0.9314 -0.3338
vn 0.3950 -0.8906 0.2255
vn 0.0529 -0.9828 0.1768
vn -0.1599 -0.9369 -0.3109
vn -0.0895 -0.9586 0.2704
vn -0.4832 -0.8586 0.1712
vn 0.2349 -0.5045 0.8309
vn 0.7138 -0.6213 0.3233
vn 0.3762 -0.6587 -0.6515
vn -0.4123 -0.6680 -0.6195
vn -0.2882 -0.5439 0.7881
vn -0.7480 -0.6207 0.2350
vn 0.0618 -0.9909 -0.1198
vn 0.3052 -0.5958 -0.7429
vn -0.0000 -0.9931 -0.1170
vn -0.0000 -0.4990 -0.8666
vn 0.2657 -0.7412 -0.6165
vn 0.2665 -0.7455 -0.6110
vn -0.2103 -0.7244 -0.6565
vn -0.2169 -0.7172 -0.6623
vn -0.6359 -0.6735 -0.3770
vn -0.6746 -0.6912 -0.2592
vn -0.2750 -0.7231 0.6337
vn -0.2130 -0.6971 0.6846
vn -0.0000 -0.5773 0.8165
vn -0.0000 -0.5774 0.8165
vn -0.2129 -0.6971 0.6847
vn 0.4545 -0.0000 -0.8908
vn 0.3994 -0.0000 -0.9168
vn 0.0005 -1.0000 0.0002
vn 0.4544 -0.0000 -0.8908
vn -0.3337 -0.0000 -0.9427
vn -0.3336 -0.0000 -0.9427
vn -0.0018 -1.0000 -0.0062
vn -0.0019 -1.0000 -0.0055
vn -0.6192 -0.0000 -0.7852
vn -0.0000 -1.0000 0.0004
vn -0.0001 -1.0000 0.0009
vn 0.1733 -0.0000 -0.9849
vn -0.1614 -0.0000 -0.9869
vn 0.2703 -0.9530 0.1368
vn 0.1547 -0.9774 0.1442
vn -0.1521 -0.9883 -0.0135
vn -0.2965 -0.9499 0.0991
vn -0.8881 -0.0000 -0.4597
vn -0.8147 -0.0000 -0.5799
vn -0.8881 -0.0000 -0.4596
vn -0.8147 -0.0000 -0.5798
vn 0.9769 -0.0000 -0.2138
vn 0.9967 0.0001 -0.0818
vn 0.9769 -0.0000 -0.2137
vn 0.9967 -0.0000 -0.0817
vn -0.8321 -0.0000 0.5546
vn -0.3125 -0.0000 0.9499
vn -0.0237 -0.9696 -0.2435
vn 0.0375 -0.9444 -0.3265
vn 1.0000 -0.0000 -0.0003
vn 0.9557 -0.0000 -0.2944
vn 0.9556 -0.0000 -0.2945
vn 0.0001 -0.0000 1.0000
vn 0.0003 -0.0000 1.0000
vn 0.3222 -0.0000 -0.9467
vn 0.2854 -0.8678 0.4068
vn -0.2492 -0.9606 0.1227
vn -0.2923 -0.9562 -0.0176
vn 0.2216 -0.9718 0.0810
vn 0.0486 -0.8609 -0.5065
vn -0.0742 -0.8419 -0.5345
vn 0.5725 -0.0000 -0.8199
vn 0.3755 -0.0000 -0.9268
vn 0.5708 0.0196 -0.8208
vn 0.3647 0.0322 -0.9306
vn 0.6095 0.4008 -0.6840
vn 0.3956 0.4957 -0.7732
vn 0.6354 0.6761 -0.3730
vn 0.4221 0.8088 -0.4095
vn 0.6432 0.7560 0.1211
vn 0.4395 0.8879 0.1362
vn 0.4073 0.6523 0.6392
vn 0.6213 0.5322 0.5751
vn 0.3558 0.0748 0.9316
vn 0.5646 0.0472 0.8240
vn 0.5725 0.0047 0.8199
vn 0.3733 0.0065 0.9277
vn -0.5986 0.0198 -0.8008
vn -0.6821 0.3557 -0.6389
vn -0.2854 0.0345 -0.9578
vn -0.3692 0.4991 -0.7840
vn -0.2445 -0.0002 -0.9697
vn -0.5845 -0.0003 -0.8114
vn -0.5844 -0.0003 -0.8114
vn -0.7414 0.5837 -0.3312
vn -0.4113 0.8132 -0.4118
vn -0.7567 0.6448 0.1081
vn -0.4348 0.8899 0.1380
vn -0.7120 0.4664 0.5249
vn -0.3883 0.6568 0.6464
vn -0.6032 0.0468 0.7962
vn -0.2833 0.0801 0.9557
vn -0.5815 0.0052 0.8136
vn -0.2419 0.0067 0.9703
vn -1.0000 0.0005 -0.0001
vn -1.0000 -0.0007 0.0012
vn -1.0000 0.0008 0.0012
vn -1.0000 -0.0013 0.0007
vn -1.0000 -0.0014 -0.0002
vn -1.0000 -0.0010 -0.0010
vn -1.0000 0.0006 -0.0014
vn -1.0000 0.0002 0.0043
vn -1.0000 0.0002 -0.0044
vn -1.0000 -0.0000 -0.0049
vn 0.9189 0.2533 -0.3024
vn 0.9334 0.2241 -0.2802
vn 0.9704 0.0548 -0.2353
vn 0.9754 0.0343 -0.2177
vn -0.9909 -0.1216 0.0581
vn -0.7954 -0.5983 0.0966
vn -0.9877 -0.1384 0.0727
vn -0.7867 -0.6109 0.0890
vn 0.9337 0.2959 -0.2016
vn 0.9365 0.2920 -0.1942
vn 0.9447 0.2630 -0.1959
vn 0.8907 0.3895 -0.2344
vn 0.8801 0.4064 -0.2453
vn 0.8486 0.4580 -0.2647
vn 0.8509 0.4466 -0.2765
vn -0.6659 -0.7449 0.0410
vn -0.6994 -0.7147 -0.0093
vn 0.9760 -0.0000 -0.2178
vn 0.9754 0.0342 -0.2177
vn -0.9982 -0.0096 0.0599
vn -0.9981 -0.0093 0.0605
vn 0.0169 0.0216 0.9996
vn 0.3893 0.4910 0.7793
vn 0.0639 0.0649 0.9958
vn 0.1819 0.1847 0.9658
vn 0.3180 0.4197 0.8501
vn 0.6450 0.6563 0.3915
vn 0.6451 0.6563 0.3913
vn 0.0089 0.0181 0.9998
vn 0.2678 0.5418 0.7967
vn 0.2269 0.4590 0.8590
vn 0.1819 0.3587 0.9156
vn 0.2563 0.5152 0.8178
vn -0.5338 -0.7553 0.3802
vn -0.2905 -0.9254 0.2433
vn -0.3987 -0.5647 0.7226
vn -0.2412 -0.6323 0.7362
vn -0.0135 -0.0354 0.9993
vn -0.0014 -0.0020 1.0000
vn 0.7086 0.7056 -0.0000
vn 0.6553 0.7554 -0.0000
vn 0.8334 -0.5527 -0.0000
vn 0.0636 0.0647 0.9959
vn 0.0632 0.0642 0.9959
vn 0.0608 0.0607 0.9963
vn 0.0632 0.0641 0.9959
vn 0.0606 0.0604 0.9963
vn 0.9376 0.3477 -0.0000
vn 0.9525 0.3045 -0.0000
vn 0.9997 -0.0232 -0.0000
vn -0.2200 -0.9755 -0.0000
vn -0.2153 -0.9543 0.2072
vn -0.1307 -0.5792 0.8046
vn -0.0139 -0.0618 0.9980
vn 0.0566 0.0972 0.9937
vn 0.0426 0.0840 0.9955
vn 0.5033 0.8641 -0.0000
vn 0.1787 0.3614 0.9151
vn 0.0610 0.1105 0.9920
vn 0.0633 0.1086 0.9921
vn 0.2976 0.6020 0.7410
vn 0.5461 0.5555 -0.6270
vn 0.3893 0.4910 -0.7793
vn 0.0639 0.0649 -0.9958
vn 0.0169 0.0216 -0.9996
vn 0.1284 0.1296 -0.9832
vn 0.1757 0.2206 -0.9594
vn 0.0089 0.0181 -0.9998
vn 0.2269 0.4590 -0.8590
vn 0.2678 0.5418 -0.7967
vn 0.1819 0.3587 -0.9156
vn 0.2563 0.5152 -0.8178
vn -0.5338 -0.7553 -0.3802
vn -0.3987 -0.5647 -0.7226
vn -0.2905 -0.9254 -0.2433
vn -0.2412 -0.6323 -0.7362
vn -0.0014 -0.0020 -1.0000
vn -0.0135 -0.0354 -0.9993
vn 0.0568 0.0704 -0.9959
vn 0.0606 0.0604 -0.9963
vn -0.2153 -0.9543 -0.2072
vn -0.1307 -0.5792 -0.8046
vn -0.0139 -0.0618 -0.9980
vn 0.0566 0.0972 -0.9937
vn 0.1786 0.3614 -0.9151
vn 0.0610 0.1105 -0.9920
vn 0.0633 0.1086 -0.9921
vn 0.2975 0.6020 -0.7410
vn 0.4963 0.0406 0.8672
vn 0.4945 -0.0366 0.8684
vn 0.3784 0.1232 0.9174
vn 0.3739 0.1093 0.9210
vn 0.0792 -0.9953 0.0555
vn 0.0395 -0.9990 -0.0195
vn 0.0187 -0.9998 0.0024
vn 0.0249 -0.9997 -0.0000
vn -0.9898 -0.1362 0.0414
vn -0.9720 -0.2104 0.1045
vn -0.9880 -0.1546 -0.0000
vn -0.9667 -0.2560 -0.0000
vn 0.4306 0.2698 0.8613
vn 0.3783 0.2644 0.8871
vn 0.0796 -0.0066 0.9968
vn 0.0797 -0.0066 0.9968
vn -0.0333 0.1136 0.9930
vn 0.1376 0.2788 0.9504
vn -0.0245 0.1162 0.9929
vn 0.1374 0.3152 0.9390
vn 0.9822 -0.1877 -0.0000
vn 0.9821 -0.1883 -0.0091
vn 0.9821 -0.1884 -0.0000
vn 0.6568 -0.0668 0.7511
vn 0.5096 -0.1002 0.8545
vn 0.0725 -0.2318 0.9701
vn -0.0049 -0.2230 0.9748
vn -0.9982 -0.0537 -0.0262
vn 0.9911 0.1309 0.0220
vn 0.9877 0.1513 -0.0399
vn 0.9911 0.1325 0.0096
vn 0.1272 -0.9320 0.3395
vn 0.1301 -0.9305 0.3424
vn 0.1295 -0.9308 0.3418
vn 0.1324 -0.9294 0.3446
vn -0.9913 -0.1312 -0.0083
vn -0.9878 -0.1504 0.0392
vn -0.9914 -0.1295 -0.0207
vn 0.9909 0.1321 0.0247
vn 0.9911 0.1312 0.0232
vn 0.9906 0.1354 0.0175
vn 0.9896 0.1355 0.0476
vn 0.2474 -0.9515 -0.1828
vn 0.1716 -0.8765 -0.4497
vn 0.2384 -0.9542 -0.1806
vn 0.1575 -0.8539 -0.4961
vn -0.9900 -0.1337 -0.0441
vn -0.9913 -0.1297 -0.0214
vn 0.0872 0.6974 0.7114
vn 0.0870 0.6973 0.7115
vn -0.0042 0.6947 0.7193
vn 0.0092 0.6988 0.7153
vn 0.0613 0.7002 0.7113
vn 0.0630 0.7011 0.7103
vn -0.9871 -0.1537 -0.0458
vn -0.9861 -0.1640 -0.0281
vn 0.0746 -0.9221 -0.3796
vn 0.0729 -0.9237 -0.3762
vn 0.0711 -0.9253 -0.3725
vn 0.0695 -0.9268 -0.3691
vn 0.9870 0.1552 0.0414
vn 0.9863 0.1623 0.0291
vn 0.9863 0.1623 0.0292
vn 0.9913 0.1294 0.0239
vn 0.1485 -0.8481 -0.5086
vn 0.0907 -0.9256 -0.3675
vn 0.1468 -0.8628 -0.4837
vn 0.0848 -0.9264 -0.3669
vn -0.9915 -0.1280 -0.0223
vn 0.1273 -0.8227 0.5540
vn 0.1324 -0.8238 0.5512
vn 0.1304 -0.8234 0.5523
vn 0.1355 -0.8244 0.5495
vn 0.5538 -0.0469 0.8313
vn -0.9642 -0.2647 0.0126
vn -0.9675 -0.2387 -0.0839
vn 0.4307 0.2698 0.8612
vn 0.6423 0.7610 0.0908
vn 0.5910 0.7777 -0.2140
vn -0.0280 -0.9996 -0.0029
vn -0.0015 -1.0000 -0.0000
vn 0.3739 0.1093 -0.9210
vn 0.4945 -0.0366 -0.8684
vn 0.3677 0.1252 -0.9215
vn 0.4963 0.0406 -0.8672
vn 0.0395 -0.9990 0.0195
vn 0.0187 -0.9998 -0.0024
vn 0.0792 -0.9953 -0.0555
vn -0.9720 -0.2104 -0.1045
vn -0.9898 -0.1362 -0.0414
vn 0.3595 0.2481 -0.8996
vn 0.3783 0.2644 -0.8871
vn 0.3676 0.1252 -0.9215
vn 0.3739 0.1094 -0.9210
vn 0.0797 -0.0066 -0.9968
vn 0.0796 -0.0066 -0.9968
vn 0.1415 0.1619 -0.9766
vn -0.0333 0.1136 -0.9930
vn 0.9821 -0.1883 0.0091
vn 0.6568 -0.0668 -0.7511
vn 0.5096 -0.1002 -0.8545
vn 0.0725 -0.2318 -0.9701
vn -0.0049 -0.2230 -0.9748
vn -0.9982 -0.0537 0.0262
vn 0.9911 0.1309 -0.0220
vn 0.9911 0.1325 -0.0096
vn 0.9877 0.1513 0.0399
vn 0.1324 -0.9294 -0.3446
vn 0.1301 -0.9305 -0.3424
vn 0.1295 -0.9308 -0.3418
vn 0.1272 -0.9320 -0.3395
vn -0.9913 -0.1312 0.0083
vn -0.9914 -0.1295 0.0207
vn -0.9878 -0.1504 -0.0393
vn 0.9909 0.1321 -0.0247
vn 0.9906 0.1354 -0.0175
vn 0.9911 0.1312 -0.0232
vn 0.9896 0.1355 -0.0476
vn 0.2474 -0.9515 0.1828
vn 0.2384 -0.9542 0.1806
vn 0.1716 -0.8765 0.4497
vn 0.1575 -0.8539 0.4961
vn -0.9913 -0.1297 0.0214
vn -0.9900 -0.1337 0.0441
vn 0.1035 0.6998 -0.7068
vn 0.0869 0.6972 -0.7116
vn 0.1017 0.6996 -0.7072
vn 0.0872 0.6974 -0.7114
vn 0.0630 0.7011 -0.7103
vn 0.0092 0.6988 -0.7153
vn 0.0613 0.7002 -0.7113
vn -0.0042 0.6947 -0.7193
vn -0.9871 -0.1537 0.0458
vn -0.9861 -0.1640 0.0281
vn 0.0746 -0.9221 0.3796
vn 0.0711 -0.9253 0.3725
vn 0.0729 -0.9237 0.3762
vn 0.0695 -0.9268 0.3691
vn 0.9870 0.1551 -0.0414
vn 0.9863 0.1623 -0.0291
vn 0.9913 0.1294 -0.0239
vn 0.1485 -0.8481 0.5086
vn 0.1468 -0.8628 0.4837
vn 0.0907 -0.9256 0.3675
vn 0.0848 -0.9264 0.3669
vn -0.9915 -0.1280 0.0223
vn 0.1355 -0.8244 -0.5495
vn 0.1324 -0.8238 -0.5512
vn 0.1304 -0.8234 -0.5523
vn 0.1273 -0.8227 -0.5540
vn 0.5538 -0.0469 -0.8313
vn -0.9675 -0.2387 0.0839
vn -0.9642 -0.2647 -0.0126
vn -0.9642 -0.2647 -0.0127
vn 0.6423 0.7610 -0.0908
vn 0.5911 0.7777 0.2140
vn -0.0280 -0.9996 0.0029
vn -0.3253 -0.1460 0.9343
vn -0.3327 -0.4276 -0.8405
vn -0.0000 -0.4488 -0.8936
vn -0.3206 0.1503 -0.9352
vn -0.3186 0.6703 -0.6703
vn -0.3186 0.9362 -0.1483
vn -0.3186 0.8446 0.4303
vn -0.3193 0.4302 0.8444
vn -0.1766 -0.4469 -0.8770
vn 0.3330 -0.4276 -0.8404
vn 0.3261 -0.1461 0.9340
vn 0.3204 0.4308 0.8437
vn 0.3197 0.8442 0.4302
vn 0.3197 0.9358 -0.1482
vn 0.3197 0.6700 -0.6700
vn 0.3217 0.1481 -0.9352
vn 0.1766 -0.8770 -0.4469
vn 0.1766 0.4468 0.8770
vn 0.1766 0.8770 0.4469
vn 0.2016 -0.5887 0.7828
vn 0.3866 -0.0626 0.9201
vn 0.1210 -0.5611 0.8189
vn 0.3185 -0.0529 0.9464
vn -0.0344 -0.8969 0.4409
vn -0.0772 -0.9003 0.4285
vn 0.9897 -0.1309 0.0572
vn 0.9757 -0.2051 0.0776
vn 0.9761 -0.2006 0.0842
vn 0.9640 -0.2544 0.0773
vn -0.9640 0.2544 -0.0773
vn -0.9757 0.2051 -0.0776
vn -0.9736 0.2106 -0.0882
vn -0.9847 0.1605 -0.0681
vn -0.3213 -0.8366 0.4438
vn -0.2909 -0.8561 0.4271
vn -0.4208 -0.4671 0.7777
vn -0.3379 -0.4776 0.8110
vn -0.3833 0.0722 0.9208
vn -0.3139 0.0579 0.9477
vn -0.1128 -0.5348 0.8374
vn -0.1889 -0.8838 0.4279
vn -0.0029 0.0005 1.0000
vn 0.1973 0.9297 -0.3111
vn 0.2184 0.9185 -0.3296
vn 0.2421 0.9192 -0.3107
vn 0.2237 0.9206 -0.3202
vn 0.1619 0.9324 -0.3233
vn 0.2302 0.9081 -0.3499
vn -0.9897 0.1432 -0.0000
vn -0.9920 0.1244 -0.0236
vn -0.9925 0.1185 -0.0310
vn -0.9931 0.1095 -0.0422
vn 0.9913 -0.1316 -0.0000
vn 0.9897 -0.1309 0.0573
vn 0.9931 -0.1112 0.0360
vn 0.9931 -0.1112 0.0361
vn 0.3966 -0.0527 0.9165
vn 0.3941 -0.0535 0.9175
vn 0.9848 -0.1738 -0.0000
vn 0.9891 -0.1436 0.0312
vn 0.9888 -0.1465 0.0283
vn 0.9905 -0.1300 0.0452
vn -0.3962 0.0699 0.9155
vn -0.3918 0.0718 0.9172
vn -0.9809 0.1944 -0.0000
vn -0.9873 0.1491 -0.0543
vn 0.9569 -0.2804 0.0752
vn 0.9233 -0.3839 -0.0058
vn -0.0758 -0.9971 -0.0070
vn -0.0239 -0.9997 -0.0106
vn -0.2044 -0.9789 -0.0042
vn -0.3300 -0.9439 -0.0088
vn -0.3825 -0.9239 -0.0140
vn -0.9233 0.3839 0.0058
vn -0.9569 0.2804 -0.0752
vn 0.3185 -0.0529 -0.9464
vn 0.3866 -0.0626 -0.9201
vn 0.1210 -0.5611 -0.8189
vn 0.2016 -0.5887 -0.7828
vn -0.0344 -0.8969 -0.4409
vn -0.0772 -0.9003 -0.4285
vn 0.9640 -0.2544 -0.0773
vn 0.9757 -0.2051 -0.0776
vn 0.9761 -0.2006 -0.0842
vn 0.9897 -0.1309 -0.0572
vn -0.9640 0.2544 0.0773
vn -0.9736 0.2105 0.0882
vn -0.9757 0.2051 0.0776
vn -0.9847 0.1605 0.0681
vn -0.3379 -0.4776 -0.8110
vn -0.2909 -0.8561 -0.4271
vn -0.4207 -0.4671 -0.7777
vn -0.3213 -0.8366 -0.4438
vn -0.3833 0.0722 -0.9208
vn -0.3139 0.0579 -0.9477
vn -0.1889 -0.8838 -0.4279
vn -0.1128 -0.5348 -0.8374
vn -0.0029 0.0005 -1.0000
vn 0.2237 0.9206 0.3202
vn 0.2184 0.9185 0.3296
vn 0.2421 0.9192 0.3107
vn 0.1974 0.9296 0.3111
vn 0.1622 0.9323 0.3234
vn 0.2302 0.9081 0.3499
vn -0.9931 0.1095 0.0422
vn -0.9920 0.1244 0.0236
vn -0.9925 0.1185 0.0310
vn 0.9931 -0.1112 -0.0361
vn 0.3941 -0.0535 -0.9175
vn 0.3966 -0.0527 -0.9165
vn 0.9905 -0.1300 -0.0452
vn 0.9891 -0.1436 -0.0313
vn 0.9888 -0.1465 -0.0283
vn -0.3921 0.0717 -0.9171
vn -0.3962 0.0699 -0.9155
vn -0.9873 0.1491 0.0543
vn 0.9233 -0.3839 0.0058
vn 0.9569 -0.2804 -0.0752
vn -0.0758 -0.9971 0.0070
vn -0.0239 -0.9997 0.0106
vn -0.2044 -0.9789 0.0042
vn -0.3300 -0.9439 0.0088
vn -0.3825 -0.9239 0.0140
vn -0.9233 0.3839 -0.0058
vn -0.9569 0.2804 0.0752
vn 0.7929 -0.6093 -0.0000
vn 0.2141 -0.1645 0.9629
vn 0.3821 -0.9241 -0.0000
vn 0.1030 -0.2495 0.9629
vn 0.3589 -0.9334 -0.0000
vn 0.0463 -0.1443 0.9885
vn 0.1756 -0.9845 -0.0000
vn 0.8011 -0.5985 -0.0000
vn -0.8210 -0.5709 -0.0000
vn -0.9895 0.1445 -0.0000
vn -0.9143 -0.4051 -0.0000
vn -0.1348 -0.0691 0.9885
vn -0.9241 -0.3821 -0.0000
vn -0.2495 -0.1030 0.9629
vn -0.9914 0.1312 -0.0000
vn -0.2676 0.0355 0.9629
vn -0.7929 0.6093 -0.0000
vn -0.2140 0.1645 0.9629
vn -0.3821 0.9241 -0.0000
vn -0.1031 0.2495 0.9629
vn -0.3589 0.9334 -0.0000
vn -0.0463 0.1443 0.9885
vn -0.1756 0.9845 -0.0000
vn -0.0941 0.9490 0.3008
vn 0.8210 0.5709 -0.0000
vn 0.7384 0.6036 0.3008
vn 0.9143 0.4051 -0.0000
vn 0.1348 0.0691 0.9885
vn 0.9241 0.3821 -0.0000
vn 0.2495 0.1031 0.9629
vn 0.9914 -0.1312 -0.0000
vn 0.2676 -0.0355 0.9629
vn -0.0852 -0.2054 0.9750
vn 0.4555 0.0306 0.8897
vn -0.3000 0.3441 0.8897
vn -0.3541 -0.8533 0.3827
vn -0.2710 -0.6531 0.7071
vn 0.6327 0.4327 0.6422
vn -0.1404 0.7536 0.6422
vn -0.9236 0.3833 -0.0000
vn 0.9236 -0.3833 -0.0000
vn 0.7774 -0.6169 0.1232
vn 0.2854 -0.9367 0.2026
vn -0.2930 -0.9334 0.2073
vn -0.7776 -0.6143 0.1340
vn -0.9981 -0.0592 0.0191
vn -0.8353 0.5476 -0.0490
vn 0.8254 0.5630 -0.0422
vn 0.9987 -0.0485 0.0127
vn 0.7561 -0.4748 0.4504
vn 0.2774 -0.6850 0.6737
vn 0.7825 -0.0828 0.6171
vn 0.2945 -0.1309 0.9466
vn -0.2774 -0.6737 0.6850
vn -0.2897 -0.1268 0.9487
vn -0.7561 -0.4504 0.4748
vn -0.7823 -0.0742 0.6185
vn -0.9948 -0.0658 0.0781
vn -0.9991 -0.0072 0.0415
vn -0.8598 0.3472 -0.3745
vn -0.8215 0.0211 -0.5698
vn 0.8598 0.3745 -0.3472
vn 0.8269 0.0253 -0.5617
vn 0.9948 -0.0781 0.0658
vn 0.9988 -0.0112 0.0481
vn 0.7505 -0.0482 -0.6591
vn 0.7480 -0.0543 -0.6615
vn 0.5408 -0.3005 -0.7857
vn 0.5352 -0.3036 -0.7883
vn 0.2168 -0.3681 -0.9041
vn 0.2102 -0.3671 -0.9061
vn -0.0977 -0.2253 -0.9694
vn -0.1028 -0.2205 -0.9699
vn -0.2827 0.0734 -0.9564
vn -0.2843 0.0801 -0.9554
vn -0.2674 0.4138 -0.8702
vn -0.2649 0.4200 -0.8680
vn -0.0578 0.6661 -0.7437
vn -0.0521 0.6692 -0.7412
vn 0.2662 0.7337 -0.6252
vn 0.2729 0.7327 -0.6234
vn 0.5808 0.5909 -0.5599
vn 0.5859 0.5862 -0.5596
vn 0.7657 0.2922 -0.5729
vn 0.7674 0.2855 -0.5741
vn -0.2937 -0.2222 0.9297
vn 0.8800 -0.4426 0.1721
vn 0.8800 -0.4426 0.1722
vn 0.4926 -0.8687 -0.0521
vn -0.0830 -0.9630 -0.2564
vn -0.0831 -0.9630 -0.2564
vn -0.6269 -0.6894 -0.3628
vn -0.9314 -0.1525 -0.3306
vn -0.9313 -0.1525 -0.3306
vn -0.8800 0.4426 -0.1722
vn -0.4925 0.8687 0.0521
vn -0.4926 0.8687 0.0521
vn 0.0831 0.9630 0.2564
vn 0.0830 0.9630 0.2564
vn 0.6269 0.6894 0.3628
vn 0.9314 0.1525 0.3306
vn 0.9672 0.2086 0.1448
vn 0.9689 0.2013 0.1436
vn 0.9264 -0.3765 -0.0080
vn 0.9236 -0.3831 -0.0105
vn 0.6606 0.7306 0.1727
vn 0.6661 0.7255 0.1732
vn 0.1236 0.9902 0.0651
vn 0.1308 0.9891 0.0671
vn -0.4387 0.8882 -0.1368
vn -0.4325 0.8916 -0.1341
vn -0.8114 0.4635 -0.3561
vn -0.8087 0.4701 -0.3537
vn -0.8522 -0.1215 -0.5088
vn -0.8539 -0.1143 -0.5077
vn -0.5456 -0.6436 -0.5368
vn -0.5511 -0.6384 -0.5373
vn -0.0086 -0.9032 -0.4292
vn -0.0158 -0.9021 -0.4312
vn 0.5537 -0.8011 -0.2272
vn 0.5475 -0.8046 -0.2300
vn 0.0093 -0.3629 0.9318
vn 0.0088 -0.3642 0.9313
vn -0.1220 -0.4996 0.8576
vn -0.1232 -0.5003 0.8571
vn -0.3126 -0.5256 0.7912
vn -0.3140 -0.5254 0.7908
vn -0.4898 -0.4310 0.7578
vn -0.4908 -0.4300 0.7577
vn -0.5857 -0.2520 0.7704
vn -0.5860 -0.2505 0.7706
vn -0.5639 -0.0568 0.8239
vn -0.5633 -0.0555 0.8244
vn -0.4325 0.0799 0.8981
vn -0.4313 0.0806 0.8986
vn -0.2419 0.1059 0.9645
vn -0.2405 0.1057 0.9649
vn -0.0648 0.0113 0.9978
vn -0.0637 0.0103 0.9979
vn 0.0312 -0.1677 0.9853
vn 0.0315 -0.1692 0.9851
vn -0.9046 0.4208 -0.0682
vn -0.9039 0.4223 -0.0677
vn -0.5169 0.8419 0.1549
vn -0.5154 0.8427 0.1555
vn 0.0561 0.9322 0.3575
vn 0.0577 0.9320 0.3579
vn 0.5954 0.6572 0.4621
vn 0.5967 0.6560 0.4622
vn 0.8951 0.1220 0.4288
vn 0.8955 0.1203 0.4285
vn 0.8407 -0.4691 0.2703
vn 0.8401 -0.4706 0.2697
vn 0.4530 -0.8903 0.0472
vn 0.4516 -0.8910 0.0465
vn -0.1199 -0.9805 -0.1554
vn -0.1216 -0.9803 -0.1558
vn -0.6593 -0.7055 -0.2600
vn -0.6605 -0.7043 -0.2601
vn -0.9590 -0.1702 -0.2267
vn -0.9593 -0.1686 -0.2264
vn -0.0263 0.2176 -0.9757
vn -0.0263 0.2176 0.9757
vn -0.0061 0.0501 -0.9987
vn -0.0057 0.0502 0.9987
vn 0.1200 -0.9928 -0.0000
vn -0.5859 -0.8104 -0.0000
vn -0.9999 0.0157 -0.0000
vn -0.9829 0.1842 -0.0000
vn -0.8422 0.5392 -0.0000
vn -0.1733 -0.0000 0.9849
vn 0.1614 -0.0000 0.9869
vn -0.2703 -0.9530 -0.1368
vn -0.1547 -0.9774 -0.1442
vn 0.1521 -0.9883 0.0135
vn 0.2965 -0.9499 -0.0990
vn 0.8881 -0.0000 0.4597
vn 0.8147 -0.0000 0.5799
vn 0.8881 -0.0000 0.4596
vn 0.8147 -0.0000 0.5798
vn -0.9769 0.0002 0.2138
vn -0.9967 -0.0000 0.0818
vn -0.9769 -0.0000 0.2137
vn -0.9967 -0.0000 0.0817
vn 0.8321 -0.0000 -0.5546
vn 0.3125 -0.0000 -0.9499
vn 0.0237 -0.9696 0.2435
vn -0.0375 -0.9444 0.3265
vn -1.0000 -0.0000 0.0003
vn -0.9557 -0.0000 0.2944
vn -0.9556 -0.0000 0.2945
vn -0.0001 -0.0000 -1.0000
vn -0.0003 -0.0000 -1.0000
vn -0.3222 -0.0000 0.9467
vn -0.2855 -0.8677 -0.4069
vn 0.2492 -0.9606 -0.1227
vn 0.2923 -0.9562 0.0176
vn -0.2216 -0.9718 -0.0810
vn -0.0486 -0.8609 0.5065
vn 0.0742 -0.8419 0.5345
vn 0.9729 -0.1500 0.1759
vn 0.9728 -0.1504 0.1762
vn 0.6977 -0.6867 0.2038
vn 0.6942 -0.6901 0.2047
vn 0.1695 -0.9511 0.2581
vn 0.1636 -0.9517 0.2597
vn -0.4136 -0.8527 0.3192
vn -0.4185 -0.8496 0.3209
vn -0.8279 -0.4271 0.3636
vn -0.8298 -0.4227 0.3644
vn -0.9155 0.1507 0.3731
vn -0.9154 0.1502 0.3736
vn -0.6578 0.6689 0.3462
vn -0.6543 0.6731 0.3449
vn -0.1355 0.9471 0.2911
vn -0.1296 0.9484 0.2893
vn 0.4495 0.8632 0.2300
vn 0.4546 0.8609 0.2287
vn 0.8737 0.4494 0.1863
vn 0.8756 0.4459 0.1857
vn 0.0999 -0.0000 0.9950
vn -0.7961 0.5932 -0.1195
vn -0.5064 0.8124 0.2891
vn 0.8163 -0.5652 -0.1195
vn 0.9316 -0.2204 0.2891
vn 0.0922 0.1284 0.9874
vn -0.1027 -0.1429 0.9844
vn 0.8122 -0.5834 -0.0000
vn -0.8122 0.5834 -0.0000
vn -0.9941 -0.0584 -0.0910
vn 0.0132 -0.8193 0.5732
vn 0.0079 -0.8181 0.5750
vn 0.0136 -0.8184 0.5745
vn 0.0055 -0.8162 0.5777
vn -0.0003 0.8288 -0.5596
vn 0.0073 0.8293 -0.5587
vn 0.0004 0.8286 -0.5598
vn 0.0112 0.8288 -0.5594
vn 0.9994 0.0189 0.0274
vn 0.9992 0.0191 0.0360
vn 0.9989 0.0267 0.0387
vn 0.0017 -0.7660 0.6429
vn 0.0237 -0.8125 0.5825
vn 0.0287 -0.8147 0.5792
vn -0.0010 0.8277 -0.5611
vn -0.0002 0.8241 -0.5664
vn -0.0013 0.8279 -0.5608
vn 0.0013 0.8255 -0.5643
vn -0.0034 -0.7454 0.6666
vn 0.0531 -0.6973 0.7148
vn 0.0069 0.5683 0.8228
vn 0.1025 0.5653 0.8185
vn 0.9693 0.1392 0.2025
vn 0.9442 0.1872 0.2710
vn 0.9693 0.1398 0.2023
vn -0.9993 0.0210 0.0302
vn -0.9995 0.0186 0.0269
vn -0.9904 0.0785 0.1139
vn -0.2668 -0.5477 -0.7930
vn -0.9994 0.0204 0.0295
vn -0.2942 0.5431 0.7864
vn -0.0076 0.8292 -0.5589
vn -0.0005 0.8314 -0.5557
vn 0.0006 0.8300 -0.5578
vn 0.9936 0.0643 0.0931
vn 0.9988 0.0193 0.0461
vn 0.9917 0.0608 0.1130
vn 0.9990 0.0290 0.0338
vn 0.0043 -0.8173 0.5762
vn 0.9994 0.0190 0.0274
vn -0.9994 0.0191 0.0277
vn 0.0370 -0.5679 -0.8223
vn 0.1325 -0.7855 0.6046
vn 0.0782 -0.8058 0.5870
vn 0.0442 -0.8173 0.5746
vn 0.0434 -0.8177 0.5740
vn -0.1287 0.5636 0.8160
vn 0.1365 0.8448 -0.5173
vn 0.0472 0.8282 -0.5585
vn 0.0495 0.8257 -0.5619
vn 0.0458 -0.8192 0.5717
vn 0.9986 0.0299 0.0434
vn -0.9986 0.0312 0.0424
vn -0.9986 0.0318 0.0412
vn -0.9986 0.0305 0.0442
vn 0.9325 0.2053 0.2972
vn 0.9981 0.0352 0.0509
vn -0.9987 0.0287 0.0416
vn -0.9987 0.0311 0.0402
vn 0.0389 -0.5679 -0.8222
vn 0.0048 -0.8157 0.5785
vn -0.0009 -0.8095 0.5871
vn 0.0016 -0.8122 0.5834
vn -0.0389 0.5679 0.8222
vn -0.0013 0.8408 -0.5414
vn 0.0022 0.8373 -0.5468
vn 0.0071 -0.8181 0.5750
vn 0.6543 0.4298 0.6223
vn -0.2077 -0.5559 -0.8049
vn -0.0606 0.8280 -0.5574
vn -0.0633 0.8259 -0.5602
vn -0.9855 0.0966 0.1398
vn -0.8095 0.3336 0.4831
vn -0.0604 -0.8200 0.5692
vn -0.0603 -0.8180 0.5720
vn -0.0539 -0.8197 0.5703
vn -0.0604 -0.8178 0.5723
vn -0.0554 0.8270 -0.5595
vn -0.2341 0.5525 0.8000
vn -0.0499 -0.8326 0.5517
vn -0.0387 -0.8193 0.5720
vn -0.1450 -0.9314 0.3338
vn -0.3950 -0.8906 -0.2255
vn -0.0529 -0.9828 -0.1768
vn 0.1599 -0.9369 0.3109
vn 0.0895 -0.9586 -0.2704
vn 0.4832 -0.8586 -0.1712
vn -0.2349 -0.5045 -0.8309
vn -0.7138 -0.6213 -0.3233
vn -0.3762 -0.6587 0.6515
vn 0.4123 -0.6680 0.6195
vn 0.2882 -0.5439 -0.7881
vn 0.7480 -0.6207 -0.2350
vn -0.0618 -0.9909 0.1198
vn -0.3052 -0.5958 0.7429
vn -0.2657 -0.7412 0.6165
vn -0.2665 -0.7455 0.6110
vn 0.2103 -0.7244 0.6565
vn 0.2170 -0.7171 0.6623
vn 0.6359 -0.6735 0.3770
vn 0.6746 -0.6912 0.2592
vn 0.2750 -0.7231 -0.6337
vn 0.2130 -0.6971 -0.6846
vn -0.0000 -0.5773 -0.8165
vn 0.2129 -0.6971 -0.6847
vn -0.4545 -0.0000 0.8908
vn -0.3994 -0.0000 0.9168
vn -0.0005 -1.0000 -0.0000
vn -0.0005 -1.0000 -0.0002
vn -0.4544 -0.0000 0.8908
vn 0.3337 -0.0000 0.9427
vn 0.3336 -0.0000 0.9427
vn 0.0018 -1.0000 0.0062
vn 0.0019 -1.0000 0.0055
vn 0.6192 -0.0000 0.7852
vn 0.0001 -1.0000 -0.0009
vn -0.1699 -0.5633 0.8086
vn -0.6207 -0.0000 0.7840
vn -0.1699 -0.5633 -0.8086
vn -0.6207 -0.0000 -0.7840
vn -0.9494 -0.3141 -0.0000
vn -0.9927 0.1205 -0.0000
vn 0.9189 0.2533 0.3024
vn 0.9704 0.0548 0.2353
vn 0.9334 0.2240 0.2802
vn 0.9754 0.0342 0.2177
vn -0.9909 -0.1216 -0.0581
vn -0.9877 -0.1384 -0.0727
vn -0.7954 -0.5983 -0.0966
vn -0.7867 -0.6109 -0.0890
vn 0.9447 0.2630 0.1959
vn 0.9365 0.2920 0.1942
vn 0.9337 0.2960 0.2016
vn 0.8907 0.3895 0.2344
vn 0.8801 0.4064 0.2453
vn 0.8486 0.4580 0.2647
vn 0.8509 0.4466 0.2765
vn -0.6994 -0.7147 0.0093
vn -0.6659 -0.7449 -0.0410
vn 0.9760 -0.0000 0.2178
vn -0.9982 -0.0096 -0.0599
vn -0.9981 -0.0093 -0.0605
vn 0.0189 0.2875 -0.9576
vn 0.0620 0.2817 -0.9575
vn 0.0345 0.2474 -0.9683
vn 0.0998 0.2382 -0.9661
vn 0.0643 0.1679 -0.9837
vn 0.1598 0.1582 -0.9744
vn 0.0906 0.0552 -0.9944
vn 0.1819 0.0650 -0.9812
vn 0.1058 0.0044 -0.9944
vn 0.1609 0.0032 -0.9870
vn 0.1186 0.2632 -0.9574
vn 0.1748 0.2180 -0.9602
vn 0.2465 0.1427 -0.9586
vn 0.2851 0.0884 -0.9544
vn 0.5704 0.0710 -0.8183
vn 0.4723 0.0437 -0.8804
vn 0.5742 0.0689 -0.8158
vn 0.4395 0.0321 -0.8977
vn 0.1556 0.2430 -0.9575
vn 0.2161 0.1991 -0.9559
vn 0.2818 0.1252 -0.9513
vn 0.3092 0.0829 -0.9474
vn 0.3177 0.0036 -0.9482
vn 0.3225 0.0018 -0.9466
vn 0.9353 0.1340 -0.3276
vn 0.9344 0.1341 -0.3300
vn 0.9225 0.1361 -0.3612
vn 0.9213 0.1363 -0.3641
vn 0.1176 -0.8960 -0.4283
vn 0.0847 -0.9813 -0.1731
vn 0.1175 -0.9396 -0.3214
vn 0.0667 -0.9843 -0.1634
vn 0.0464 -0.9857 -0.1620
vn 0.0465 -0.9858 -0.1616
vn -0.7057 0.2036 -0.6786
vn -0.4104 0.2622 -0.8734
vn -0.7064 0.1899 -0.6819
vn -0.2978 0.2425 -0.9233
vn -0.6708 0.1661 -0.7228
vn -0.2273 0.1681 -0.9592
vn -0.6516 0.0923 -0.7529
vn -0.7015 0.0267 -0.7121
vn -0.7073 0.0230 -0.7065
vn -0.7071 0.0030 -0.7071
vn 0.0286 0.0555 -0.9980
vn 0.0321 0.0035 -0.9995
vn -0.0000 -0.2446 -0.9696
vn 0.0998 0.2382 0.9661
vn 0.0620 0.2817 0.9575
vn 0.0345 0.2474 0.9683
vn 0.0189 0.2875 0.9576
vn 0.1598 0.1582 0.9744
vn 0.0643 0.1679 0.9837
vn 0.1819 0.0650 0.9812
vn 0.0906 0.0552 0.9944
vn 0.1609 0.0032 0.9870
vn 0.1058 0.0044 0.9944
vn 0.1748 0.2180 0.9602
vn 0.1187 0.2632 0.9574
vn 0.2465 0.1427 0.9586
vn 0.2851 0.0884 0.9544
vn 0.4395 0.0321 0.8977
vn 0.4723 0.0437 0.8804
vn 0.5742 0.0689 0.8158
vn 0.5704 0.0710 0.8183
vn 0.2161 0.1991 0.9559
vn 0.1556 0.2430 0.9575
vn 0.2818 0.1252 0.9513
vn 0.3092 0.0829 0.9474
vn 0.3225 0.0018 0.9466
vn 0.3177 0.0036 0.9482
vn 0.9213 0.1363 0.3641
vn 0.9344 0.1341 0.3300
vn 0.9225 0.1361 0.3612
vn 0.9353 0.1340 0.3276
vn 0.1176 -0.8960 0.4283
vn 0.1175 -0.9396 0.3214
vn 0.0847 -0.9812 0.1731
vn 0.0666 -0.9843 0.1634
vn 0.0464 -0.9857 0.1621
vn 0.0464 -0.9857 0.1619
vn 0.0465 -0.9858 0.1616
vn -0.9927 0.0347 0.1155
vn -0.9900 0.0378 0.1359
vn -0.4104 0.2622 0.8734
vn -0.2978 0.2425 0.9233
vn -0.9587 0.0637 0.2771
vn -0.2273 0.1681 0.9592
vn -0.9680 0.0305 0.2490
vn -0.9703 0.0079 0.2416
vn -0.2148 0.0499 0.9754
vn -0.9784 0.0009 0.2066
vn -0.2129 0.0037 0.9771
vn -0.5341 0.2044 0.8204
vn -0.2741 0.2421 0.9307
vn -0.0997 0.4289 0.8979
vn -0.0000 0.2942 0.9557
vn -0.2786 -0.1662 0.9459
vn -0.5408 -0.1308 0.8309
vn -0.1025 -0.3421 0.9341
vn -0.0000 -0.2175 0.9761
vn -0.9339 0.0729 0.3499
vn -0.9973 0.0730 -0.0000
vn -0.9346 -0.0622 0.3502
vn -0.3990 -0.1245 0.9085
vn -0.3950 0.1883 0.8992
vn 0.8890 0.4579 -0.0000
vn 0.5352 0.1937 0.8222
vn 0.3993 0.1185 0.9091
vn 0.2375 0.5418 0.8062
vn 0.1055 0.2952 0.9496
vn 0.2786 -0.1662 0.9459
vn 0.5408 -0.1308 0.8309
vn 0.1038 -0.3421 0.9339
vn 0.9341 0.0703 0.3499
vn 0.9346 -0.0622 0.3502
vn 0.3990 -0.1245 0.9085
vn 0.9106 0.2089 -0.3565
vn 0.9416 0.0080 -0.3367
vn 0.8999 0.3819 -0.2107
vn 0.8916 0.4471 0.0720
vn 0.9008 0.2949 0.3186
vn 0.9239 0.0219 0.3821
vn 0.9476 -0.0000 -0.3194
vn 0.9461 0.0028 0.3239
vn 0.3755 0.0001 -0.9268
vn -0.9769 0.0061 -0.2138
vn -0.9687 0.1208 -0.2170
vn -0.9728 -0.0000 -0.2315
vn -0.9672 0.2209 -0.1254
vn -0.9655 0.2567 0.0431
vn -0.9660 0.1717 0.1933
vn -0.9712 0.0147 0.2379
vn -0.9706 0.0017 0.2409
vn 0.0132 -0.8193 -0.5732
vn 0.0136 -0.8184 -0.5745
vn 0.0080 -0.8179 -0.5753
vn 0.0055 -0.8162 -0.5777
vn 0.0112 0.8288 0.5594
vn 0.0073 0.8293 0.5587
vn 0.0004 0.8286 0.5598
vn -0.0003 0.8288 0.5596
vn 0.9994 0.0189 -0.0274
vn 0.9992 0.0191 -0.0360
vn 0.9989 0.0267 -0.0387
vn 0.0017 -0.7660 -0.6429
vn 0.0287 -0.8147 -0.5792
vn 0.0237 -0.8125 -0.5825
vn -0.0010 0.8277 0.5611
vn -0.0014 0.8279 0.5608
vn -0.0002 0.8241 0.5664
vn 0.0013 0.8255 0.5643
vn -0.0034 -0.7454 -0.6666
vn 0.0531 -0.6973 -0.7148
vn 0.0069 0.5683 -0.8228
vn 0.1025 0.5653 -0.8185
vn 0.9693 0.1396 -0.2022
vn 0.9693 0.1401 -0.2021
vn 0.9442 0.1872 -0.2710
vn -0.9993 0.0209 -0.0302
vn -0.9904 0.0786 -0.1138
vn -0.9995 0.0186 -0.0269
vn -0.2668 -0.5477 0.7930
vn -0.9994 0.0204 -0.0295
vn -0.2942 0.5431 -0.7864
vn -0.0076 0.8292 0.5589
vn 0.0006 0.8300 0.5578
vn -0.0005 0.8314 0.5557
vn 0.9936 0.0643 -0.0931
vn 0.9917 0.0608 -0.1130
vn 0.9988 0.0193 -0.0461
vn 0.9990 0.0290 -0.0337
vn 0.0043 -0.8173 -0.5762
vn 0.9994 0.0190 -0.0274
vn -0.9994 0.0191 -0.0277
vn 0.0370 -0.5679 0.8223
vn 0.0434 -0.8177 -0.5740
vn 0.0782 -0.8058 -0.5870
vn 0.0442 -0.8173 -0.5746
vn 0.1325 -0.7855 -0.6046
vn -0.1287 0.5636 -0.8160
vn 0.0472 0.8282 0.5585
vn 0.1365 0.8448 0.5173
vn 0.0495 0.8257 0.5619
vn 0.0458 -0.8192 -0.5717
vn 0.9986 0.0299 -0.0434
vn -0.9986 0.0305 -0.0442
vn -0.9986 0.0318 -0.0412
vn -0.9986 0.0312 -0.0424
vn 0.9325 0.2053 -0.2972
vn 0.9981 0.0352 -0.0509
vn -0.9987 0.0287 -0.0416
vn -0.9987 0.0311 -0.0402
vn 0.0389 -0.5679 0.8222
vn 0.0048 -0.8157 -0.5785
vn 0.0016 -0.8122 -0.5834
vn -0.0009 -0.8095 -0.5871
vn -0.0389 0.5679 -0.8222
vn -0.0013 0.8408 0.5414
vn 0.0022 0.8373 0.5468
vn 0.0071 -0.8181 -0.5750
vn 0.6543 0.4298 -0.6223
vn -0.2077 -0.5559 0.8049
vn -0.0633 0.8259 0.5602
vn -0.0606 0.8280 0.5574
vn -0.9855 0.0966 -0.1398
vn -0.8095 0.3336 -0.4831
vn -0.0604 -0.8200 -0.5692
vn -0.0539 -0.8197 -0.5703
vn -0.0603 -0.8180 -0.5720
vn -0.0604 -0.8178 -0.5723
vn -0.0554 0.8270 0.5595
vn -0.2341 0.5525 -0.8000
vn -0.0499 -0.8326 -0.5517
vn -0.0387 -0.8193 -0.5720
vn 0.9941 -0.0584 0.0909
vn 0.9941 -0.0585 0.0909
vn -0.2742 0.2421 -0.9307
vn -0.5340 0.2044 -0.8204
vn -0.0997 0.4289 -0.8979
vn -0.9340 0.0730 -0.3499
vn -0.9973 0.0730 0.0003
vn -0.3949 0.1883 -0.8992
vn 0.3993 0.1185 -0.9091
vn 0.5352 0.1937 -0.8222
vn 0.2374 0.5418 -0.8062
vn 0.1055 0.2952 -0.9496
vn 0.9341 0.0703 -0.3499
vn -0.1450 -0.9314 -0.3338
vn -0.0529 -0.9828 0.1768
vn -0.3950 -0.8906 0.2255
vn 0.1599 -0.9369 -0.3109
vn 0.0895 -0.9586 0.2704
vn 0.4832 -0.8586 0.1712
vn -0.7138 -0.6213 0.3233
vn -0.2349 -0.5045 0.8309
vn -0.3763 -0.6587 -0.6515
vn 0.4123 -0.6680 -0.6195
vn 0.2882 -0.5439 0.7881
vn 0.7480 -0.6207 0.2350
vn -0.3052 -0.5958 -0.7429
vn -0.0618 -0.9909 -0.1198
vn -0.2657 -0.7412 -0.6165
vn -0.2665 -0.7455 -0.6110
vn 0.2169 -0.7172 -0.6623
vn 0.2103 -0.7244 -0.6565
vn 0.6359 -0.6735 -0.3770
vn 0.6746 -0.6912 -0.2592
vn 0.2130 -0.6971 0.6846
vn 0.2750 -0.7230 0.6337
vn -0.4545 -0.0000 -0.8908
vn -0.4544 -0.0000 -0.8908
vn -0.3994 -0.0000 -0.9168
vn -0.0005 -1.0000 0.0002
vn 0.3337 -0.0000 -0.9427
vn 0.3336 -0.0000 -0.9427
vn 0.0018 -1.0000 -0.0062
vn 0.0019 -1.0000 -0.0055
vn 0.6192 -0.0000 -0.7852
vn 0.0001 -1.0000 0.0009
vn -0.1733 0.0001 -0.9849
vn -0.1733 -0.0000 -0.9849
vn 0.1614 -0.0000 -0.9869
vn 0.2965 -0.9499 0.0991
vn -0.1547 -0.9774 0.1442
vn 0.1521 -0.9883 -0.0135
vn -0.2703 -0.9530 0.1368
vn 0.8881 -0.0000 -0.4597
vn 0.8881 -0.0000 -0.4596
vn 0.8147 -0.0000 -0.5799
vn 0.8147 -0.0000 -0.5798
vn -0.9769 -0.0000 -0.2138
vn -0.9769 -0.0000 -0.2137
vn -0.9967 -0.0000 -0.0818
vn -0.9967 -0.0000 -0.0817
vn 0.8321 -0.0000 0.5546
vn 0.3125 -0.0000 0.9499
vn 0.0237 -0.9696 -0.2435
vn -0.0375 -0.9444 -0.3266
vn -1.0000 -0.0000 -0.0003
vn -0.9557 -0.0000 -0.2945
vn -0.9556 -0.0000 -0.2945
vn -0.0001 -0.0000 1.0000
vn -0.0003 -0.0000 1.0000
vn -0.3222 -0.0000 -0.9467
vn 0.2492 -0.9606 0.1227
vn -0.2854 -0.8678 0.4069
vn 0.2923 -0.9562 -0.0176
vn -0.2216 -0.9718 0.0810
vn 0.0742 -0.8419 -0.5345
vn -0.0486 -0.8609 -0.5065
vn -0.9106 0.2089 -0.3565
vn -0.9416 0.0080 -0.3367
vn -0.8999 0.3819 -0.2107
vn -0.8916 0.4471 0.0716
vn -0.9008 0.2949 0.3186
vn -0.9239 0.0219 0.3821
vn -0.9476 -0.0000 -0.3194
vn -0.9461 0.0019 0.3239
vn 0.9769 0.0060 -0.2138
vn 0.9687 0.1208 -0.2170
vn 0.9728 -0.0000 -0.2315
vn 0.9672 0.2209 -0.1254
vn 0.9655 0.2567 0.0431
vn 0.9660 0.1717 0.1933
vn 0.9712 0.0147 0.2379
vn 0.9706 0.0017 0.2409
vn 0.1323 -0.0000 0.9912
vn 0.9438 -0.0000 0.3304
vn 0.3025 -0.4272 -0.8520
vn 0.3025 0.1552 -0.9404
vn 0.9731 -0.0994 -0.2078
vn 0.9731 0.0417 -0.2266
vn 0.9731 -0.2026 -0.1097
vn 0.3025 -0.8464 -0.4382
vn 0.9731 -0.2284 0.0303
vn 0.3025 -0.9423 0.1430
vn 0.9731 -0.1669 0.1588
vn 0.3025 -0.6783 0.6696
vn 0.9731 -0.0417 0.2266
vn 0.3025 -0.1552 0.9404
vn 0.9731 0.0994 0.2078
vn 0.3025 0.4272 0.8520
vn 0.9731 0.2026 0.1097
vn 0.3025 0.8464 0.4382
vn 0.9731 0.2284 -0.0303
vn 0.3025 0.9423 -0.1430
vn 0.9731 0.1669 -0.1588
vn 0.3025 0.6783 -0.6696
vn 1.0000 -0.0000 0.0036
vn -1.0000 -0.0000 0.0050
vn 1.0000 -0.0000 0.0035
vn -0.0001 0.1141 0.9935
vn 0.4761 0.8753 0.0848
vn 0.4894 0.8146 0.3112
vn -0.0119 0.2096 0.9777
vn -0.0538 0.2204 0.9739
vn 0.1002 0.1545 0.9829
vn 0.5196 0.8010 0.2974
vn -0.1862 -0.0236 0.9822
vn -0.2678 -0.0724 0.9607
vn -0.5809 -0.7797 0.2339
vn -0.6616 -0.7461 0.0750
vn -0.5370 -0.7307 0.4215
vn -0.0643 -0.0871 0.9941
vn -0.8136 -0.5279 0.2437
vn -0.3020 0.0682 0.9509
vn -0.0817 0.3225 0.9430
vn 0.6105 0.7543 0.2414
vn -0.8102 0.5480 0.2079
vn -0.5534 0.8076 0.2039
vn -0.8010 -0.5952 -0.0637
vn -0.8271 0.5620 0.0016
vn 0.5972 0.7919 0.1272
vn -0.5737 0.8191 -0.0045
vn -0.5967 -0.8008 -0.0522
vn 0.4758 0.8786 0.0395
vn -0.0538 0.2203 -0.9739
vn 0.4894 0.8146 -0.3112
vn -0.0120 0.2096 -0.9777
vn 0.4761 0.8753 -0.0848
vn 0.5195 0.8010 -0.2974
vn 0.1002 0.1545 -0.9829
vn -0.6616 -0.7461 -0.0750
vn -0.2678 -0.0724 -0.9607
vn -0.5809 -0.7797 -0.2339
vn -0.1862 -0.0236 -0.9822
vn -0.0643 -0.0871 -0.9941
vn -0.5370 -0.7307 -0.4215
vn -0.8136 -0.5279 -0.2437
vn -0.3020 0.0682 -0.9509
vn -0.0817 0.3225 -0.9430
vn 0.6105 0.7543 -0.2414
vn -0.5534 0.8076 -0.2039
vn -0.8102 0.5480 -0.2079
vn -0.8010 -0.5952 0.0637
vn -0.8271 0.5620 -0.0035
vn -0.5737 0.8191 0.0019
vn 0.5972 0.7919 -0.1272
vn -0.5967 -0.8008 0.0522
vn 0.4758 0.8786 -0.0395
vn 0.0538 0.2203 0.9739
vn -0.4894 0.8146 0.3112
vn 0.0120 0.2096 0.9777
vn -0.4761 0.8753 0.0848
vn -0.5195 0.8010 0.2974
vn -0.1002 0.1545 0.9829
vn 0.6616 -0.7461 0.0750
vn 0.2678 -0.0724 0.9607
vn 0.5809 -0.7797 0.2339
vn 0.1862 -0.0236 0.9822
vn 0.0643 -0.0871 0.9941
vn 0.5370 -0.7307 0.4215
vn 0.8136 -0.5279 0.2437
vn 0.3020 0.0682 0.9509
vn 0.0817 0.3225 0.9430
vn -0.6105 0.7543 0.2414
vn 0.5534 0.8076 0.2039
vn 0.8102 0.5480 0.2079
vn 0.8010 -0.5952 -0.0637
vn 0.8271 0.5620 0.0035
vn 0.5737 0.8191 -0.0019
vn -0.5972 0.7919 0.1272
vn 0.5967 -0.8008 -0.0522
vn -0.4758 0.8786 0.0395
vn -0.4761 0.8753 -0.0848
vn -0.4894 0.8146 -0.3112
vn 0.0119 0.2096 -0.9777
vn 0.0538 0.2204 -0.9739
vn -0.1002 0.1545 -0.9829
vn -0.5196 0.8010 -0.2974
vn 0.1862 -0.0236 -0.9822
vn 0.2678 -0.0724 -0.9607
vn 0.5809 -0.7797 -0.2339
vn 0.6616 -0.7461 -0.0750
vn 0.5370 -0.7307 -0.4215
vn 0.0643 -0.0871 -0.9941
vn 0.8136 -0.5279 -0.2437
vn 0.3020 0.0682 -0.9509
vn 0.0817 0.3225 -0.9430
vn -0.6105 0.7543 -0.2414
vn 0.8102 0.5480 -0.2079
vn 0.5534 0.8076 -0.2039
vn 0.8010 -0.5952 0.0637
vn 0.8271 0.5620 -0.0016
vn -0.5972 0.7919 -0.1272
vn 0.5737 0.8191 0.0045
vn 0.5967 -0.8008 0.0522
vn -0.4758 0.8786 -0.0395
vn -0.0000 0.3952 -0.9186
vn -0.0000 0.1887 -0.9820
vn -0.0003 0.1887 -0.9820
vn -0.7071 -0.2795 0.6495
vn -0.3311 0.1207 0.9358
vn -0.3280 0.1234 0.9366
vn -0.0000 -0.4906 0.8714
vn -0.0000 -0.9679 -0.2513
vn -0.0000 -0.5008 0.8656
vn -0.0000 -0.9715 -0.2370
vn 0.7071 -0.2795 0.6495
vn -0.0000 0.3701 0.9290
vn -0.0000 -0.3952 0.9186
vn -0.6204 0.7204 0.3100
vn -0.0000 0.9186 0.3952
vn -0.0509 -0.1240 0.9910
vn -0.9482 -0.0438 0.3148
vn -0.0552 -0.6164 0.7855
vn -0.9536 -0.1849 0.2377
vn -0.0599 -0.9787 0.1965
vn -0.9582 -0.2817 0.0508
vn -0.0576 -0.8358 -0.5460
vn -0.9544 -0.2406 -0.1766
vn -0.0520 -0.3687 -0.9281
vn -0.9484 -0.1046 -0.2995
vn -0.0509 0.1240 -0.9910
vn -0.9482 0.0438 -0.3148
vn -0.0552 0.6164 -0.7855
vn -0.9536 0.1849 -0.2377
vn -0.0599 0.9787 -0.1965
vn -0.9582 0.2817 -0.0508
vn -0.0575 0.8358 0.5460
vn -0.9544 0.2406 0.1765
vn -0.0520 0.3687 0.9281
vn -0.9484 0.1046 0.2995
vn 0.9474 -0.0301 0.3188
vn 0.0507 -0.1216 0.9913
vn 0.9510 -0.1771 0.2535
vn 0.0545 -0.6142 0.7872
vn 0.9573 -0.2805 0.0697
vn 0.0597 -0.9781 0.1996
vn 0.9566 -0.2447 -0.1584
vn 0.0580 -0.8374 -0.5435
vn 0.9505 -0.1160 -0.2884
vn 0.0525 -0.3710 -0.9272
vn 0.9474 0.0301 -0.3188
vn 0.0507 0.1216 -0.9913
vn 0.9510 0.1771 -0.2535
vn 0.0545 0.6142 -0.7872
vn 0.9573 0.2805 -0.0697
vn 0.0597 0.9781 -0.1996
vn 0.9566 0.2447 0.1584
vn 0.0580 0.8374 0.5435
vn 0.9505 0.1160 0.2884
vn 0.0525 0.3710 0.9272
vn -0.2905 -0.9211 0.2590
vn -0.1500 -0.9518 0.2677
vn -0.1501 -0.9518 0.2676
vn 0.1500 -0.9518 0.2677
vn 0.2905 -0.9211 0.2590
vn 0.1501 -0.9518 0.2676
vn -0.0000 0.4621 0.8868
vn -0.0000 0.2122 0.9772
vn -0.0000 0.6468 0.7626
vn -0.0000 -0.4621 -0.8868
vn -0.0000 -0.2122 -0.9772
vn -0.0000 -0.6468 -0.7626
vn 0.4556 -0.8696 0.1904
vn 0.8379 -0.5329 0.1182
vn 0.4504 -0.8268 0.3369
vn 0.8278 -0.4912 0.2710
vn 1.0000 0.0016 0.0024
vn 0.9874 0.0347 0.1546
vn 0.8368 0.5355 -0.1142
vn 0.8267 0.5611 0.0421
vn 0.4538 0.8710 -0.1882
vn 0.4486 0.8930 -0.0372
vn 0.0205 0.9770 -0.2124
vn 0.0195 0.9985 -0.0521
vn -0.0225 0.9769 -0.2125
vn -0.4556 0.8696 -0.1904
vn -0.0225 0.9984 -0.0522
vn -0.4512 0.8915 -0.0394
vn -0.8379 0.5329 -0.1182
vn -0.8286 0.5585 0.0381
vn -1.0000 -0.0016 -0.0024
vn -0.9882 0.0316 0.1498
vn -0.8368 -0.5355 0.1142
vn -0.8275 -0.4939 0.2670
vn -0.4538 -0.8710 0.1882
vn -0.4494 -0.8282 0.3347
vn -0.0205 -0.9770 0.2124
vn -0.0204 -0.9299 0.3672
vn 0.0226 -0.9769 0.2125
vn 0.0216 -0.9298 0.3673
vn -0.2832 0.6002 0.7481
vn -0.5122 0.1820 0.8394
vn -0.0027 0.2125 0.9771
vn -0.2823 -0.2358 0.9299
vn -0.0101 -0.3868 0.9221
vn 0.0071 -0.3644 0.9312
vn 0.2785 -0.2349 0.9312
vn -0.0027 0.2125 0.9772
vn 0.5075 0.1836 0.8419
vn 0.2777 0.6011 0.7494
vn 0.0060 0.7183 0.6957
vn -0.0113 0.7348 0.6781
vn -0.0536 0.2463 0.9677
vn -0.0259 0.2124 0.9768
vn -0.0535 0.1778 0.9826
vn -0.0144 0.1135 0.9934
vn 0.0094 0.1443 0.9895
vn 0.0482 0.1779 0.9829
vn 0.0204 0.2125 0.9769
vn 0.0481 0.2465 0.9680
vn 0.0092 0.2798 0.9600
vn -0.0146 0.3094 0.9508
vn 0.4557 -0.8779 -0.1472
vn 0.8379 -0.5386 -0.0888
vn 0.4504 -0.8928 0.0047
vn 0.8278 -0.5569 0.0685
vn 1.0000 0.0006 0.0028
vn 0.9874 -0.0254 0.1564
vn 0.8368 0.5395 0.0935
vn 0.8267 0.5050 0.2481
vn 0.4538 0.8784 0.1498
vn 0.4486 0.8426 0.2981
vn 0.0205 0.9858 0.1667
vn 0.0195 0.9460 0.3235
vn -0.0225 0.9858 0.1666
vn -0.4556 0.8779 0.1472
vn -0.0225 0.9460 0.3234
vn -0.4512 0.8421 0.2955
vn -0.8379 0.5386 0.0888
vn -0.8286 0.5041 0.2434
vn -1.0000 -0.0006 -0.0028
vn -0.9882 -0.0265 0.1509
vn -0.8368 -0.5395 -0.0935
vn -0.8275 -0.5578 0.0638
vn -0.4538 -0.8784 -0.1498
vn -0.4494 -0.8933 0.0021
vn -0.0205 -0.9858 -0.1667
vn -0.0204 -0.9998 -0.0055
vn 0.0226 -0.9858 -0.1666
vn 0.0216 -0.9998 -0.0054
vn -0.2832 0.2784 0.9178
vn -0.5121 -0.1437 0.8468
vn -0.0027 -0.1667 0.9860
vn -0.2823 -0.5652 0.7752
vn -0.0101 -0.7024 0.7117
vn 0.0072 -0.6850 0.7285
vn 0.2785 -0.5649 0.7767
vn 0.5075 -0.1431 0.8497
vn 0.2777 0.2787 0.9194
vn 0.0060 0.4074 0.9132
vn -0.0113 0.4294 0.9030
vn -0.0536 -0.1318 0.9898
vn -0.0259 -0.1667 0.9857
vn -0.0535 -0.2010 0.9781
vn -0.0144 -0.2647 0.9642
vn 0.0094 -0.2347 0.9720
vn 0.0482 -0.2009 0.9784
vn 0.0204 -0.1666 0.9858
vn 0.0481 -0.1318 0.9901
vn 0.0092 -0.0979 0.9952
vn -0.0146 -0.0670 0.9976
vt 0.221220 0.954077
vt 0.221220 0.961791
vt 0.189107 0.954077
vt 0.189107 0.961791
vt 0.173147 0.954077
vt 0.173147 0.961791
vt 0.137448 0.954076
vt 0.137448 0.961791
vt 0.776268 0.696736
vt 0.792254 0.704703
vt 0.767286 0.735665
vt 0.796194 0.740425
vt 0.796101 0.747136
vt 0.800896 0.782753
vt 0.769196 0.758730
vt 0.787305 0.794342
vt 0.495216 0.865401
vt 0.526747 0.865346
vt 0.521797 0.786579
vt 0.574038 0.818313
vt 0.665426 0.419424
vt 0.661081 0.471064
vt 0.705711 0.411691
vt 0.720949 0.477128
vt 0.944946 0.709394
vt 0.969648 0.709313
vt 0.944957 0.740054
vt 0.969659 0.739973
vt 0.944970 0.709393
vt 0.945012 0.740051
vt 0.785954 0.412812
vt 0.779360 0.411916
vt 0.779360 0.390778
vt 0.921900 0.537694
vt 0.918260 0.528524
vt 0.921887 0.528518
vt 0.775247 0.420510
vt 0.781438 0.421279
vt 0.750685 0.658028
vt 0.754043 0.659652
vt 0.736329 0.687388
vt 0.738772 0.691868
vt 0.732407 0.393939
vt 0.732040 0.403714
vt 0.727815 0.392181
vt 0.719395 0.603498
vt 0.713710 0.565551
vt 0.722981 0.602961
vt 0.716809 0.561635
vt 0.765055 0.461799
vt 0.762332 0.458420
vt 0.727137 0.457999
vt 0.730703 0.454513
vt 0.886233 0.592846
vt 0.921981 0.592793
vt 0.886244 0.600696
vt 0.921993 0.600643
vt 0.886139 0.528571
vt 0.886152 0.537746
vt 0.735444 0.695574
vt 0.703500 0.693666
vt 0.703602 0.697204
vt 0.703229 0.689612
vt 0.918149 0.522559
vt 0.886130 0.522606
vt 0.735705 0.699911
vt 0.703817 0.702258
vt 0.713462 0.602888
vt 0.709553 0.564800
vt 0.705938 0.565162
vt 0.709752 0.603260
vt 0.730841 0.683535
vt 0.742675 0.657505
vt 0.734273 0.685006
vt 0.746049 0.659131
vt 0.703068 0.686351
vt 0.755888 0.339386
vt 0.750233 0.357358
vt 0.747115 0.353781
vt 0.785395 0.355191
vt 0.779360 0.349625
vt 0.886116 0.513495
vt 0.886087 0.493283
vt 0.915295 0.513453
vt 0.921835 0.493231
vt 0.921864 0.513443
vt 0.863868 0.436268
vt 0.873279 0.443253
vt 0.864224 0.440935
vt 0.876974 0.442895
vt 0.877536 0.487172
vt 0.881231 0.486815
vt 0.868172 0.488769
vt 0.861335 0.440953
vt 0.861633 0.488809
vt 0.558443 0.028470
vt 0.574164 0.074408
vt 0.554128 0.026307
vt 0.573525 0.086156
vt 0.561876 0.027287
vt 0.577687 0.073195
vt 0.550699 0.027481
vt 0.570777 0.087082
vt 0.918671 0.450846
vt 0.921772 0.450842
vt 0.886018 0.446357
vt 0.886281 0.625182
vt 0.922029 0.625129
vt 0.918664 0.446309
vt 0.735172 0.598726
vt 0.732075 0.598871
vt 0.733057 0.557685
vt 0.730159 0.557820
vt 0.739278 0.596795
vt 0.737754 0.557913
vt 0.742377 0.596657
vt 0.740653 0.557785
vt 0.918951 0.641253
vt 0.886304 0.641300
vt 0.732826 0.614972
vt 0.424536 0.124143
vt 0.439930 0.093966
vt 0.439412 0.119955
vt 0.449343 0.110241
vt 0.826330 0.523913
vt 0.843792 0.488789
vt 0.761352 0.491571
vt 0.778830 0.456428
vt 0.328300 0.389069
vt 0.325375 0.393534
vt 0.328420 0.428212
vt 0.325481 0.428221
vt 0.204136 0.244743
vt 0.200905 0.244655
vt 0.207951 0.354607
vt 0.204038 0.354500
vt 0.852664 0.113677
vt 0.866822 0.008160
vt 0.829352 0.111801
vt 0.851506 0.305442
vt 0.807781 0.275647
vt 0.845528 0.438695
vt 0.779456 0.438513
vt 0.803559 0.394635
vt 0.808815 0.319833
vt 0.850037 0.328151
vt 0.807368 0.336966
vt 0.198966 0.519306
vt 0.203421 0.519431
vt 0.201143 0.587581
vt 0.202359 0.553251
vt 0.196793 0.584486
vt 0.197905 0.553101
vt 0.784021 0.299775
vt 0.773144 0.335332
vt 0.787997 0.324862
vt 0.342625 0.393482
vt 0.337266 0.393498
vt 0.342732 0.428168
vt 0.337372 0.428185
vt 0.206406 0.771476
vt 0.236124 0.771792
vt 0.206732 0.766406
vt 0.238134 0.766825
vt 0.175872 0.780100
vt 0.331936 0.392558
vt 0.332045 0.428201
vt 0.779883 0.332956
vt 0.805663 0.334655
vt 0.807365 0.321754
vt 0.790205 0.325260
vt 0.009985 0.850817
vt 0.013342 0.847555
vt 0.012744 0.811776
vt 0.015854 0.811995
vt 0.027803 0.852076
vt 0.077523 0.855590
vt 0.028049 0.848594
vt 0.077769 0.852107
vt 0.787967 0.327269
vt 0.781545 0.331473
vt 0.356286 0.862446
vt 0.392775 0.858369
vt 0.351144 0.806894
vt 0.386574 0.802932
vt 0.336915 0.803032
vt 0.179295 0.814419
vt 0.209244 0.822532
vt 0.216925 0.795498
vt 0.232024 0.799361
vt 0.288066 0.812956
vt 0.175845 0.814770
vt 0.335866 0.428189
vt 0.335757 0.392538
vt 0.237366 0.773078
vt 0.229193 0.778413
vt 0.807163 0.340066
vt 0.235065 0.800110
vt 0.131923 0.859432
vt 0.132169 0.855949
vt 0.162201 0.858045
vt 0.165555 0.861806
vt 0.237289 0.772920
vt 0.240200 0.770445
vt 0.780650 0.333096
vt 0.168822 0.353533
vt 0.171891 0.241532
vt 0.164292 0.518353
vt 0.141304 0.783613
vt 0.144792 0.817929
vt 0.690455 0.110666
vt 0.678439 0.075962
vt 0.652336 0.105804
vt 0.647328 0.076235
vt 0.618251 0.108981
vt 0.614363 0.079506
vt 0.710460 0.067195
vt 0.719640 0.096223
vt 0.690933 0.342085
vt 0.698711 0.285249
vt 0.684367 0.282251
vt 0.658044 0.343931
vt 0.651611 0.284363
vt 0.715994 0.196865
vt 0.671579 0.187569
vt 0.638102 0.190736
vt 0.707354 0.143282
vt 0.656485 0.132195
vt 0.622972 0.135579
vt 0.736469 0.131255
vt 0.669605 0.012086
vt 0.639995 0.014798
vt 0.607150 0.018302
vt 0.700441 0.007062
vt 0.099360 0.114004
vt 0.108833 0.247898
vt 0.173515 0.143394
vt 0.166266 0.226340
vt 0.086840 0.010857
vt 0.007341 0.006486
vt 0.063506 0.144240
vt 0.985788 0.145021
vt 0.985697 0.011241
vt 0.945954 0.144306
vt 0.102896 0.429105
vt 0.097569 0.574050
vt 0.148899 0.432796
vt 0.137678 0.577311
vt 0.976776 0.470106
vt 0.984934 0.324367
vt 0.929876 0.443330
vt 0.945143 0.323946
vt 0.008739 0.402238
vt 0.050702 0.402090
vt 0.008463 0.324035
vt 0.057509 0.323862
vt 0.110601 0.766555
vt 0.125166 0.724794
vt 0.105982 0.722459
vt 0.966069 0.622143
vt 0.929004 0.621764
vt 0.063879 0.483227
vt 0.009023 0.482686
vt 0.035002 0.659347
vt 0.007282 0.659073
vt 0.877745 0.010442
vt 0.860722 0.144494
vt 0.906631 0.144104
vt 0.859530 0.323950
vt 0.858495 0.402498
vt 0.905370 0.323950
vt 0.103023 0.315973
vt 0.158505 0.316726
vt 0.985350 0.212884
vt 0.945509 0.212617
vt 0.860334 0.212464
vt 0.906152 0.212467
vt 0.007828 0.144437
vt 0.060716 0.212424
vt 0.008069 0.212610
vt 0.118724 0.782062
vt 0.114854 0.777827
vt 0.006827 0.704954
vt 0.006500 0.738043
vt 0.012861 0.732531
vt 0.175914 0.116009
vt 0.178744 0.007857
vt 0.099049 0.005767
vt 0.021255 0.711926
vt 0.963165 0.669743
vt 0.929073 0.676098
vt 0.962971 0.687819
vt 0.929311 0.698341
vt 0.930120 0.706719
vt 0.963780 0.696196
vt 0.102793 0.771996
vt 0.099435 0.775900
vt 0.117220 0.792284
vt 0.115314 0.785610
vt 0.091610 0.726251
vt 0.097034 0.726737
vt 0.082256 0.573353
vt 0.088313 0.573967
vt 0.091585 0.427084
vt 0.097784 0.427735
vt 0.126939 0.794425
vt 0.125337 0.787422
vt 0.153190 0.432044
vt 0.146584 0.578107
vt 0.133708 0.728604
vt 0.765744 0.307502
vt 0.768561 0.301656
vt 0.747553 0.287983
vt 0.751326 0.282539
vt 0.763348 0.221460
vt 0.741197 0.222611
vt 0.760066 0.254072
vt 0.745355 0.255203
vt 0.802389 0.198552
vt 0.781197 0.263936
vt 0.775028 0.287289
vt 0.757811 0.268585
vt 0.765967 0.158713
vt 0.736619 0.157652
vt 0.785402 0.089797
vt 0.749284 0.081897
vt 0.775176 0.103929
vt 0.741997 0.098627
vt 0.828169 0.083140
vt 0.824143 0.113877
vt 0.791704 0.059513
vt 0.754678 0.053234
vt 0.790450 0.049668
vt 0.755329 0.043069
vt 0.834035 0.061012
vt 0.788855 0.012623
vt 0.761858 0.007607
vt 0.798741 0.014700
vt 0.843368 0.025912
vt 0.994946 0.507663
vt 0.994946 0.526915
vt 0.978826 0.507663
vt 0.978826 0.526915
vt 0.994946 0.618108
vt 0.994946 0.665834
vt 0.978826 0.618108
vt 0.978826 0.665834
vt 0.381187 0.751824
vt 0.333356 0.732002
vt 0.391426 0.735520
vt 0.994946 0.587158
vt 0.978826 0.587158
vt 0.296077 0.751518
vt 0.324989 0.773528
vt 0.216645 0.716969
vt 0.978826 0.739465
vt 0.994946 0.739465
vt 0.978826 0.826084
vt 0.994946 0.826084
vt 0.994946 0.680826
vt 0.994946 0.694309
vt 0.978826 0.680826
vt 0.978826 0.694309
vt 0.300968 0.793043
vt 0.286940 0.763656
vt 0.254771 0.781058
vt 0.994946 0.724272
vt 0.978826 0.724272
vt 0.257937 0.756131
vt 0.249829 0.766903
vt 0.495138 0.635774
vt 0.505123 0.291980
vt 0.508706 0.623705
vt 0.518634 0.290313
vt 0.481583 0.637570
vt 0.491647 0.293227
vt 0.460961 0.016833
vt 0.469384 0.122272
vt 0.453737 0.048081
vt 0.456070 0.124359
vt 0.440392 0.050089
vt 0.655248 0.464395
vt 0.632617 0.393975
vt 0.627021 0.243542
vt 0.614027 0.247376
vt 0.624756 0.440491
vt 0.600812 0.250981
vt 0.406766 0.691072
vt 0.421955 0.297208
vt 0.415571 0.691319
vt 0.430760 0.296938
vt 0.583938 0.996438
vt 0.518337 0.996438
vt 0.583938 0.982153
vt 0.578486 0.969822
vt 0.565325 0.966312
vt 0.538015 0.966312
vt 0.518337 0.982153
vt 0.524101 0.969707
vt 0.434206 0.019961
vt 0.396102 0.047976
vt 0.424475 0.009500
vt 0.390099 0.041525
vt 0.639972 0.237519
vt 0.528623 0.003437
vt 0.515665 0.009476
vt 0.502459 0.013401
vt 0.488135 0.014698
vt 0.409667 0.141899
vt 0.400929 0.142972
vt 0.399723 0.075066
vt 0.390990 0.076233
vt 0.387369 0.049143
vt 0.447485 0.017933
vt 0.186279 0.222408
vt 0.262780 0.079612
vt 0.319431 0.186917
vt 0.303423 0.064921
vt 0.356535 0.384110
vt 0.411162 0.382669
vt 0.384600 0.432600
vt 0.411961 0.413435
vt 0.400789 0.204560
vt 0.329063 0.187000
vt 0.382571 0.082384
vt 0.312521 0.062605
vt 0.375126 0.375984
vt 0.288079 0.309919
vt 0.811050 0.840102
vt 0.816918 0.832578
vt 0.830614 0.853385
vt 0.836556 0.845943
vt 0.380208 0.374864
vt 0.172208 0.220223
vt 0.219202 0.014018
vt 0.204531 0.011764
vt 0.246048 0.014081
vt 0.310864 0.013000
vt 0.365189 0.004052
vt 0.851934 0.871898
vt 0.800390 0.880034
vt 0.802589 0.872265
vt 0.794056 0.817223
vt 0.800361 0.822443
vt 0.788338 0.824862
vt 0.794585 0.830032
vt 0.858058 0.811489
vt 0.858299 0.864715
vt 0.850704 0.814994
vt 0.986219 0.986747
vt 0.861782 0.994462
vt 0.944079 0.950674
vt 0.853049 0.959841
vt 0.673894 0.752073
vt 0.679686 0.744243
vt 0.703564 0.771921
vt 0.709388 0.764245
vt 0.992330 0.979250
vt 0.950273 0.943322
vt 0.981331 0.852555
vt 0.945619 0.849921
vt 0.845523 0.813479
vt 0.834705 0.822281
vt 0.799028 0.832931
vt 0.804890 0.825403
vt 0.800252 0.867506
vt 0.807132 0.855342
vt 0.835353 0.952792
vt 0.720095 0.781419
vt 0.725851 0.773708
vt 0.935875 0.833625
vt 0.279407 0.013580
vt 0.404278 0.368462
vt 0.372883 0.377590
vt 0.285005 0.310566
vt 0.356529 0.456083
vt 0.371413 0.456221
vt 0.689960 0.363914
vt 0.688126 0.368467
vt 0.677635 0.361961
vt 0.677972 0.366859
vt 0.690732 0.364307
vt 0.695395 0.375737
vt 0.699556 0.373131
vt 0.699950 0.373903
vt 0.697004 0.385891
vt 0.701902 0.386228
vt 0.701766 0.387083
vt 0.692337 0.395051
vt 0.696101 0.398202
vt 0.695488 0.398815
vt 0.683177 0.399718
vt 0.684369 0.404480
vt 0.683514 0.404616
vt 0.673023 0.398109
vt 0.671189 0.402663
vt 0.670417 0.402270
vt 0.665753 0.390840
vt 0.661593 0.393446
vt 0.661200 0.392675
vt 0.664145 0.380686
vt 0.659247 0.380349
vt 0.659383 0.379494
vt 0.668812 0.371526
vt 0.665048 0.368375
vt 0.665661 0.367762
vt 0.676780 0.362097
vt 0.695176 0.359863
vt 0.704000 0.368687
vt 0.706156 0.372919
vt 0.708108 0.385245
vt 0.707366 0.389936
vt 0.701700 0.401055
vt 0.698341 0.404414
vt 0.687222 0.410080
vt 0.682531 0.410823
vt 0.670205 0.408870
vt 0.665973 0.406714
vt 0.657149 0.397890
vt 0.654992 0.393658
vt 0.653040 0.381332
vt 0.653784 0.376641
vt 0.659449 0.365522
vt 0.662808 0.362163
vt 0.673927 0.356497
vt 0.678618 0.355754
vt 0.690944 0.357707
vt 0.680574 0.383289
vt 0.823895 0.645614
vt 0.826823 0.652092
vt 0.809139 0.645581
vt 0.806317 0.652260
vt 0.834471 0.691213
vt 0.834895 0.712735
vt 0.799932 0.691841
vt 0.800399 0.713399
vt 0.261412 0.594702
vt 0.269605 0.573328
vt 0.272578 0.594667
vt 0.234886 0.605380
vt 0.232697 0.626722
vt 0.224500 0.605348
vt 0.221531 0.626688
vt 0.230866 0.573451
vt 0.230914 0.588395
vt 0.237338 0.594779
vt 0.256771 0.626794
vt 0.263239 0.605465
vt 0.263194 0.620409
vt 0.826818 0.630104
vt 0.806435 0.629953
vt 0.281997 0.633577
vt 0.273118 0.633606
vt 0.278037 0.618370
vt 0.268195 0.618402
vt 0.802209 0.667565
vt 0.831287 0.667125
vt 0.212119 0.665600
vt 0.216076 0.650392
vt 0.220999 0.665628
vt 0.225918 0.650422
vt 0.805416 0.644488
vt 0.801499 0.629264
vt 0.827685 0.644567
vt 0.831708 0.629449
vt 0.799741 0.607648
vt 0.805164 0.608673
vt 0.828554 0.608975
vt 0.834058 0.608085
vt 0.262464 0.597856
vt 0.231645 0.629875
vt 0.799555 0.604113
vt 0.804764 0.604115
vt 0.828984 0.604451
vt 0.834186 0.604608
vt 0.799988 0.579944
vt 0.800153 0.570882
vt 0.834548 0.580502
vt 0.834701 0.571453
vt 0.800424 0.555933
vt 0.834959 0.556516
vt 0.790030 0.949009
vt 0.802032 0.949203
vt 0.790046 0.956480
vt 0.801948 0.956363
vt 0.814340 0.949230
vt 0.813941 0.956373
vt 0.827269 0.949956
vt 0.826629 0.957087
vt 0.718039 0.949648
vt 0.718525 0.956863
vt 0.705132 0.950631
vt 0.705860 0.957686
vt 0.730367 0.949143
vt 0.730522 0.956772
vt 0.742399 0.949147
vt 0.742449 0.956758
vt 0.754319 0.949129
vt 0.754355 0.956727
vt 0.766210 0.949073
vt 0.766255 0.956667
vt 0.778108 0.948989
vt 0.778151 0.956585
vt 0.790007 0.959686
vt 0.801852 0.959583
vt 0.813616 0.959573
vt 0.825148 0.960054
vt 0.707459 0.960730
vt 0.718805 0.960143
vt 0.730566 0.960007
vt 0.742435 0.959967
vt 0.754330 0.959925
vt 0.766229 0.959863
vt 0.778125 0.959783
vt 0.718238 0.995243
vt 0.705318 0.994438
vt 0.718647 0.988017
vt 0.705960 0.987308
vt 0.827412 0.993786
vt 0.814493 0.994655
vt 0.826701 0.986727
vt 0.814034 0.987528
vt 0.802184 0.994790
vt 0.802051 0.987600
vt 0.790200 0.995061
vt 0.790143 0.987605
vt 0.778287 0.995203
vt 0.778244 0.987635
vt 0.766397 0.995257
vt 0.766350 0.987693
vt 0.754513 0.995341
vt 0.754458 0.987777
vt 0.742601 0.995459
vt 0.742564 0.987893
vt 0.730568 0.995589
vt 0.730650 0.988021
vt 0.718975 0.984816
vt 0.707440 0.984342
vt 0.825110 0.983678
vt 0.813764 0.984247
vt 0.802012 0.984367
vt 0.790155 0.984398
vt 0.778268 0.984437
vt 0.766373 0.984496
vt 0.754480 0.984579
vt 0.742597 0.984686
vt 0.730745 0.984799
vt 0.781913 0.613586
vt 0.773095 0.610488
vt 0.781534 0.608212
vt 0.774733 0.605823
vt 0.814042 0.778913
vt 0.808536 0.778557
vt 0.814006 0.767241
vt 0.808665 0.766198
vt 0.807739 0.742452
vt 0.812840 0.742038
vt 0.779483 0.564253
vt 0.789742 0.585143
vt 0.771989 0.582814
vt 0.785751 0.596270
vt 0.779787 0.689158
vt 0.771876 0.670772
vt 0.789553 0.668034
vt 0.785319 0.656998
vt 0.824004 0.767124
vt 0.822981 0.741934
vt 0.829274 0.765954
vt 0.828069 0.742242
vt 0.830362 0.778293
vt 0.824864 0.778847
vt 0.775498 0.651557
vt 0.773741 0.646935
vt 0.782235 0.648995
vt 0.782478 0.643613
vt 0.817910 0.741836
vt 0.819028 0.767643
vt 0.819429 0.779102
vt 0.767789 0.635007
vt 0.767680 0.629935
vt 0.779080 0.634640
vt 0.779424 0.629520
vt 0.778067 0.624572
vt 0.766636 0.624880
vt 0.814041 0.790562
vt 0.808681 0.791281
vt 0.831266 0.786855
vt 0.826085 0.788374
vt 0.763989 0.558894
vt 0.759722 0.570112
vt 0.812627 0.725650
vt 0.807425 0.725769
vt 0.817781 0.725569
vt 0.822920 0.725566
vt 0.828123 0.725582
vt 0.764475 0.695017
vt 0.760030 0.683868
vt 0.084825 0.099015
vt 0.084825 0.078980
vt 0.093869 0.099015
vt 0.093869 0.078980
vt 0.084825 0.058946
vt 0.093869 0.058946
vt 0.245377 0.564283
vt 0.231121 0.550206
vt 0.246013 0.563639
vt 0.231757 0.549562
vt 0.119301 0.962793
vt 0.099267 0.962793
vt 0.119301 0.953749
vt 0.099267 0.953749
vt 0.079232 0.962793
vt 0.079232 0.953749
vt 0.059198 0.962793
vt 0.059198 0.953749
vt 0.039164 0.962793
vt 0.039164 0.953749
vt 0.019130 0.962793
vt 0.019130 0.953749
vt 0.309036 0.471298
vt 0.323292 0.485375
vt 0.308400 0.471943
vt 0.322656 0.486019
vt 0.084825 0.159118
vt 0.084825 0.139083
vt 0.093869 0.159117
vt 0.093869 0.139083
vt 0.084825 0.119049
vt 0.093869 0.119049
vt 0.296770 0.551186
vt 0.277452 0.556493
vt 0.277207 0.517791
vt 0.258067 0.551430
vt 0.243812 0.537354
vt 0.238504 0.518036
vt 0.243567 0.498652
vt 0.257643 0.484396
vt 0.276962 0.479088
vt 0.296346 0.484151
vt 0.310601 0.498227
vt 0.315909 0.517545
vt 0.310846 0.536930
vt 0.240511 0.540697
vt 0.254767 0.554773
vt 0.313902 0.494884
vt 0.299647 0.480808
vt 0.236134 0.545130
vt 0.250390 0.559206
vt 0.318279 0.490452
vt 0.304024 0.476375
vt 0.132138 0.962793
vt 0.132138 0.961888
vt 0.129754 0.956133
vt 0.123999 0.953749
vt 0.084825 0.046109
vt 0.093869 0.054248
vt 0.085730 0.046109
vt 0.091485 0.048493
vt 0.084825 0.171955
vt 0.085730 0.171955
vt 0.091485 0.169571
vt 0.093869 0.163815
vt 0.014431 0.953749
vt 0.006293 0.962793
vt 0.006293 0.961888
vt 0.008677 0.956133
vt 0.446507 0.954270
vt 0.447797 0.976510
vt 0.441107 0.956795
vt 0.442867 0.976424
vt 0.441266 0.988523
vt 0.446663 0.993550
vt 0.497688 0.954736
vt 0.503117 0.957103
vt 0.496300 0.976382
vt 0.501274 0.976370
vt 0.502812 0.988193
vt 0.497593 0.993038
vt 0.517248 0.966258
vt 0.426933 0.966060
vt 0.697592 0.950945
vt 0.697592 0.995640
vt 0.662236 0.950946
vt 0.662236 0.995640
vt 0.750973 0.931556
vt 0.753565 0.927891
vt 0.786329 0.931556
vt 0.783737 0.927891
vt 0.749900 0.930483
vt 0.753565 0.888380
vt 0.749900 0.885788
vt 0.750973 0.884714
vt 0.783737 0.888380
vt 0.786329 0.884714
vt 0.787403 0.930483
vt 0.787403 0.885788
vt 0.742122 0.930483
vt 0.742123 0.885788
vt 0.795180 0.930482
vt 0.795180 0.885788
vt 0.750973 0.876937
vt 0.786330 0.876937
vt 0.786329 0.939333
vt 0.750973 0.939333
vt 0.531488 0.955294
vt 0.530979 0.948769
vt 0.546243 0.954581
vt 0.546097 0.948582
vt 0.531006 0.942153
vt 0.546185 0.942579
vt 0.531587 0.935591
vt 0.546482 0.936582
vt 0.532412 0.929165
vt 0.546818 0.930514
vt 0.744366 0.636626
vt 0.757385 0.636616
vt 0.744308 0.642952
vt 0.758206 0.642836
vt 0.744361 0.630313
vt 0.756751 0.630325
vt 0.744366 0.623983
vt 0.756759 0.623996
vt 0.744391 0.617659
vt 0.757416 0.617717
vt 0.744361 0.611350
vt 0.758234 0.611487
vt 0.532178 0.961642
vt 0.546475 0.960665
vt 0.555825 0.955592
vt 0.557709 0.949065
vt 0.708607 0.901458
vt 0.715229 0.899392
vt 0.709612 0.910793
vt 0.715691 0.910765
vt 0.557725 0.942277
vt 0.722224 0.899343
vt 0.721786 0.910806
vt 0.555909 0.935784
vt 0.728935 0.901364
vt 0.727863 0.910892
vt 0.553005 0.929900
vt 0.734952 0.904757
vt 0.733973 0.911101
vt 0.763593 0.640493
vt 0.759533 0.635805
vt 0.491133 0.915162
vt 0.495760 0.919318
vt 0.488728 0.920565
vt 0.494936 0.921438
vt 0.501213 0.922057
vt 0.759537 0.618533
vt 0.507541 0.922055
vt 0.513000 0.919292
vt 0.513822 0.921438
vt 0.763657 0.613862
vt 0.517643 0.915193
vt 0.520025 0.920555
vt 0.552719 0.961545
vt 0.702749 0.904693
vt 0.703497 0.910986
vt 0.715448 0.941568
vt 0.709010 0.941386
vt 0.721894 0.941563
vt 0.728301 0.941384
vt 0.734648 0.941154
vt 0.488568 0.950104
vt 0.494891 0.950094
vt 0.501219 0.950096
vt 0.507547 0.950094
vt 0.513871 0.950090
vt 0.520199 0.950103
vt 0.702617 0.941122
vt 0.075221 0.680093
vt 0.073459 0.683396
vt 0.072940 0.678419
vt 0.070885 0.682104
vt 0.072019 0.686939
vt 0.069266 0.685983
vt 0.070937 0.690707
vt 0.068109 0.690037
vt 0.070237 0.694571
vt 0.067332 0.694213
vt 0.069901 0.698495
vt 0.067002 0.698410
vt 0.070004 0.702397
vt 0.067093 0.702632
vt 0.070452 0.706256
vt 0.067634 0.706802
vt 0.071261 0.709907
vt 0.068615 0.710925
vt 0.072342 0.713170
vt 0.070238 0.714979
vt 0.077142 0.677182
vt 0.075554 0.674873
vt 0.929460 0.818957
vt 0.932364 0.815621
vt 0.936126 0.821893
vt 0.936669 0.814595
vt 0.940812 0.816305
vt 0.943180 0.820179
vt 0.942807 0.824704
vt 0.939902 0.828093
vt 0.935578 0.829136
vt 0.931446 0.827430
vt 0.929062 0.823525
vt 0.081873 0.683463
vt 0.080420 0.686387
vt 0.079240 0.689339
vt 0.078358 0.692404
vt 0.077811 0.695537
vt 0.077586 0.698743
vt 0.077659 0.701992
vt 0.078016 0.705232
vt 0.078583 0.708484
vt 0.079251 0.711728
vt 0.083443 0.680564
vt 0.062074 0.664130
vt 0.058643 0.669563
vt 0.052632 0.715914
vt 0.054544 0.722021
vt 0.051273 0.709988
vt 0.050518 0.704030
vt 0.050379 0.698060
vt 0.050855 0.692124
vt 0.051924 0.686265
vt 0.053588 0.680528
vt 0.055825 0.674960
vt 0.056621 0.668517
vt 0.053752 0.674025
vt 0.051438 0.679802
vt 0.049715 0.685753
vt 0.048601 0.691833
vt 0.048106 0.697997
vt 0.048234 0.704205
vt 0.049029 0.710388
vt 0.050435 0.716417
vt 0.052020 0.722006
vt 0.059596 0.663478
vt 0.931152 0.800195
vt 0.936131 0.801652
vt 0.928169 0.811857
vt 0.932460 0.813111
vt 0.940987 0.803393
vt 0.945710 0.805385
vt 0.950308 0.807616
vt 0.944811 0.818214
vt 0.954772 0.810090
vt 0.948683 0.820347
vt 0.959095 0.812803
vt 0.952416 0.822694
vt 0.963278 0.815775
vt 0.955998 0.825258
vt 0.967289 0.819024
vt 0.959404 0.828040
vt 0.971103 0.822556
vt 0.962612 0.831039
vt 0.926071 0.799053
vt 0.923827 0.810854
vt 0.639803 0.483907
vt 0.639803 0.462760
vt 0.647564 0.483907
vt 0.647564 0.462760
vt 0.647564 0.584144
vt 0.700233 0.597876
vt 0.672601 0.601656
vt 0.647564 0.614698
vt 0.647564 0.642588
vt 0.639803 0.614698
vt 0.639803 0.642588
vt 0.614766 0.601656
vt 0.587133 0.597875
vt 0.639803 0.584144
vt 0.684884 0.485692
vt 0.647564 0.515030
vt 0.639803 0.515030
vt 0.602483 0.485692
vt 0.663932 0.488559
vt 0.623435 0.488559
vt 0.269424 0.966946
vt 0.269423 0.975076
vt 0.254514 0.966941
vt 0.254511 0.975071
vt 0.567992 0.554360
vt 0.578085 0.564190
vt 0.550171 0.576612
vt 0.570197 0.596105
vt 0.090917 0.205759
vt 0.099047 0.205758
vt 0.090920 0.233366
vt 0.099049 0.233365
vt 0.090921 0.249751
vt 0.099051 0.249750
vt 0.090926 0.289895
vt 0.099055 0.289894
vt 0.307459 0.966937
vt 0.307461 0.975067
vt 0.273780 0.966946
vt 0.273781 0.975075
vt 0.099050 0.243868
vt 0.090921 0.243869
vt 0.099050 0.238453
vt 0.090920 0.238454
vt 0.144440 0.735363
vt 0.149834 0.735887
vt 0.144440 0.762970
vt 0.149834 0.766087
vt 0.099045 0.190117
vt 0.090915 0.190118
vt 0.099044 0.184723
vt 0.090915 0.184724
vt 0.099046 0.200192
vt 0.090916 0.200192
vt 0.090913 0.172989
vt 0.099043 0.172988
vt 0.090914 0.180346
vt 0.099044 0.180345
vt 0.149837 0.719723
vt 0.149834 0.729797
vt 0.144443 0.719721
vt 0.144440 0.729796
vt 0.190098 0.732818
vt 0.190098 0.747727
vt 0.186946 0.733052
vt 0.186946 0.749132
vt 0.186946 0.729810
vt 0.153266 0.729798
vt 0.153266 0.736221
vt 0.144440 0.768058
vt 0.147568 0.772478
vt 0.249128 0.966939
vt 0.249125 0.975069
vt 0.186946 0.752095
vt 0.153266 0.768070
vt 0.153266 0.773939
vt 0.153269 0.722441
vt 0.548155 0.578772
vt 0.566707 0.596855
vt 0.566845 0.549488
vt 0.545629 0.575880
vt 0.569552 0.549603
vt 0.581093 0.560842
vt 0.572831 0.600084
vt 0.582281 0.562561
vt 0.565029 0.601477
vt 0.543678 0.580666
vt 0.544941 0.576988
vt 0.569167 0.601113
vt 0.054555 0.750787
vt 0.060010 0.751016
vt 0.053700 0.790436
vt 0.057495 0.790606
vt 0.052851 0.806984
vt 0.056647 0.807206
vt 0.049756 0.836670
vt 0.058640 0.836683
vt 0.086215 0.836991
vt 0.071691 0.800144
vt 0.022207 0.835894
vt 0.038054 0.799460
vt 0.417712 0.085761
vt 0.427939 0.085761
vt 0.421220 0.095784
vt 0.431243 0.092275
vt 0.435243 0.085761
vt 0.435243 0.081125
vt 0.427939 0.081125
vt 0.431243 0.074612
vt 0.421220 0.071103
vt 0.417712 0.081125
vt 0.313889 0.554920
vt 0.321921 0.559056
vt 0.310508 0.563217
vt 0.317220 0.566638
vt 0.324796 0.561928
vt 0.328834 0.570016
vt 0.320639 0.573351
vt 0.329464 0.573989
vt 0.327970 0.582905
vt 0.319459 0.580790
vt 0.326164 0.586444
vt 0.319734 0.592794
vt 0.314131 0.586116
vt 0.316227 0.594577
vt 0.307303 0.595977
vt 0.306690 0.587294
vt 0.295361 0.591292
vt 0.299979 0.583872
vt 0.303425 0.595363
vt 0.288400 0.580476
vt 0.296560 0.577160
vt 0.292565 0.588499
vt 0.289112 0.567586
vt 0.297740 0.569720
vt 0.287775 0.576528
vt 0.297302 0.557554
vt 0.303068 0.564394
vt 0.290952 0.563983
vt 0.309856 0.554281
vt 0.300936 0.555705
vt 0.308599 0.575255
vt 0.077911 0.728034
vt 0.080699 0.728034
vt 0.077911 0.749117
vt 0.080700 0.749117
vt 0.077912 0.782030
vt 0.080701 0.782030
vt 0.077912 0.797419
vt 0.080701 0.797419
vt 0.087947 0.795606
vt 0.090009 0.768032
vt 0.070666 0.795606
vt 0.068603 0.768033
vt 0.077842 0.297886
vt 0.077842 0.299977
vt 0.070332 0.297886
vt 0.070332 0.299977
vt 0.077842 0.301954
vt 0.070332 0.301954
vt 0.077842 0.234020
vt 0.077842 0.235996
vt 0.070332 0.234020
vt 0.070332 0.235996
vt 0.077842 0.238087
vt 0.070332 0.238088
vt 0.077842 0.240286
vt 0.070332 0.240286
vt 0.077842 0.261720
vt 0.077842 0.263919
vt 0.070332 0.261720
vt 0.070332 0.263919
vt 0.077842 0.266010
vt 0.070332 0.266010
vt 0.077842 0.267987
vt 0.070332 0.267987
vt 0.077842 0.269964
vt 0.070332 0.269964
vt 0.077842 0.272055
vt 0.070332 0.272055
vt 0.077842 0.274254
vt 0.070332 0.274254
vt 0.077842 0.295687
vt 0.070332 0.295687
vt 0.037736 0.717340
vt 0.038970 0.716540
vt 0.038970 0.719063
vt 0.040204 0.717340
vt 0.040776 0.719063
vt 0.040777 0.738807
vt 0.040205 0.740530
vt 0.038971 0.738807
vt 0.038971 0.741330
vt 0.037737 0.740530
vt 0.037165 0.738807
vt 0.037164 0.719063
vt 0.571344 0.026514
vt 0.572536 0.024553
vt 0.573167 0.026462
vt 0.574413 0.023458
vt 0.574836 0.025082
vt 0.576564 0.023427
vt 0.577041 0.025338
vt 0.578655 0.024489
vt 0.580227 0.026559
vt 0.578754 0.027010
vt 0.584248 0.047796
vt 0.585745 0.047442
vt 0.585479 0.049927
vt 0.583641 0.049926
vt 0.584261 0.051842
vt 0.582396 0.052908
vt 0.581978 0.051277
vt 0.580272 0.052942
vt 0.579798 0.051033
vt 0.578199 0.051908
vt 0.576630 0.049883
vt 0.578100 0.049434
vt 0.571141 0.029007
vt 0.572642 0.028652
vt 0.575353 0.026480
vt 0.574353 0.027433
vt 0.576663 0.026821
vt 0.577627 0.028296
vt 0.582436 0.048908
vt 0.582651 0.047257
vt 0.581446 0.049851
vt 0.580139 0.049488
vt 0.579245 0.048165
vt 0.574241 0.029204
vt 0.690980 0.895490
vt 0.681136 0.890063
vt 0.690980 0.890063
vt 0.681136 0.884635
vt 0.690980 0.884635
vt 0.681136 0.944336
vt 0.690980 0.938909
vt 0.690980 0.944336
vt 0.650718 0.895490
vt 0.650718 0.890063
vt 0.660562 0.890063
vt 0.650718 0.884635
vt 0.660562 0.884635
vt 0.650718 0.944336
vt 0.650718 0.938909
vt 0.660562 0.944336
vt 0.650718 0.917199
vt 0.650718 0.911772
vt 0.690980 0.917199
vt 0.690980 0.911772
vt 0.650718 0.906345
vt 0.690980 0.906345
vt 0.650718 0.900917
vt 0.690980 0.900918
vt 0.650718 0.933482
vt 0.690980 0.933482
vt 0.650718 0.928054
vt 0.690980 0.928054
vt 0.650718 0.922627
vt 0.690980 0.922627
vt 0.753977 0.734621
vt 0.752844 0.729579
vt 0.762138 0.733206
vt 0.760800 0.727370
vt 0.744175 0.705008
vt 0.752061 0.702311
vt 0.756571 0.765847
vt 0.756618 0.760465
vt 0.765168 0.765288
vt 0.764932 0.759734
vt 0.736451 0.738800
vt 0.735231 0.733377
vt 0.728185 0.713882
vt 0.738308 0.764871
vt 0.738564 0.759441
vt 0.361326 0.879460
vt 0.365361 0.924904
vt 0.297614 0.881008
vt 0.289056 0.931727
vt 0.214071 0.916275
vt 0.137510 0.913569
vt 0.202793 0.866090
vt 0.139086 0.867977
vt 0.365538 0.926667
vt 0.289263 0.933799
vt 0.486882 0.876449
vt 0.485071 0.914184
vt 0.474028 0.876929
vt 0.026407 0.871527
vt 0.017395 0.909307
vt 0.013602 0.871719
vt 0.017160 0.860246
vt 0.023254 0.860040
vt 0.482745 0.865173
vt 0.476532 0.865283
vt 0.018675 0.986519
vt 0.057030 0.985733
vt 0.018814 0.993103
vt 0.057159 0.992317
vt 0.246123 0.983221
vt 0.246067 0.989124
vt 0.186023 0.983226
vt 0.186008 0.988457
vt 0.072341 0.382881
vt 0.067111 0.329286
vt 0.083670 0.381776
vt 0.078439 0.328180
vt 0.073567 0.456991
vt 0.075689 0.457178
vt 0.068447 0.520486
vt 0.057524 0.644641
vt 0.058657 0.632791
vt 0.065211 0.645380
vt 0.066344 0.633513
vt 0.058140 0.650826
vt 0.064597 0.651447
vt 0.006480 0.986782
vt 0.006623 0.993366
vt 0.240543 0.864261
vt 0.240360 0.917718
vt 0.229865 0.917287
vt 0.326539 0.967113
vt 0.323104 0.967473
vt 0.319181 0.964553
vt 0.320716 0.967446
vt 0.290947 0.993398
vt 0.307266 0.988501
vt 0.319687 0.996995
vt 0.318366 0.990283
vt 0.256173 0.881222
vt 0.259186 0.934986
vt 0.179150 0.989489
vt 0.179184 0.991287
vt 0.179021 0.982292
vt 0.077882 0.521350
vt 0.291350 0.983118
vt 0.291027 0.991406
vt 0.267177 0.983438
vt 0.267028 0.989587
vt 0.312218 0.956212
vt 0.366833 0.933435
vt 0.192448 0.939982
vt 0.136605 0.920405
vt 0.213141 0.940020
vt 0.291562 0.957446
vt 0.244186 0.864072
vt 0.244073 0.917922
vt 0.323596 0.991410
vt 0.323174 0.989863
vt 0.083973 0.385448
vt 0.074960 0.386262
vt 0.306326 0.984225
vt 0.084406 0.410250
vt 0.084702 0.423533
vt 0.078397 0.410616
vt 0.078835 0.423528
vt 0.259825 0.878935
vt 0.276359 0.878910
vt 0.316132 0.982149
vt 0.312242 0.979370
vt 0.239405 0.941068
vt 0.236460 0.924944
vt 0.235818 0.940652
vt 0.222368 0.840725
vt 0.235456 0.840091
vt 0.084172 0.457875
vt 0.085176 0.437669
vt 0.077402 0.437275
vt 0.276786 0.854521
vt 0.263684 0.854542
vt 0.219084 0.854312
vt 0.280759 0.867933
vt 0.297617 0.878878
vt 0.683831 0.668009
vt 0.715264 0.654931
vt 0.705029 0.668284
vt 0.684406 0.624504
vt 0.715527 0.633482
vt 0.704513 0.624754
vt 0.709867 0.676812
vt 0.723219 0.658664
vt 0.679400 0.677628
vt 0.706411 0.677996
vt 0.675000 0.673844
vt 0.675748 0.618446
vt 0.724296 0.631329
vt 0.723994 0.655961
vt 0.680256 0.614785
vt 0.705858 0.615099
vt 0.708228 0.615744
vt 0.722552 0.627809
vt 0.191807 0.561586
vt 0.190715 0.584985
vt 0.187585 0.561478
vt 0.186532 0.587300
vt 0.203263 0.603217
vt 0.208178 0.600560
vt 0.208643 0.601706
vt 0.206556 0.631745
vt 0.201397 0.630096
vt 0.206183 0.632628
vt 0.183944 0.651061
vt 0.185464 0.656099
vt 0.160423 0.560194
vt 0.154756 0.648902
vt 0.155869 0.559900
vt 0.149965 0.652310
vt 0.151749 0.653949
vt 0.183800 0.656321
vt 0.030541 0.978987
vt 0.030333 0.968642
vt 0.054639 0.978536
vt 0.054466 0.968193
vt 0.200338 0.604273
vt 0.187080 0.590779
vt 0.006622 0.969146
vt 0.006843 0.979487
vt 0.084822 0.978108
vt 0.084696 0.967751
vt 0.198621 0.628805
vt 0.241185 0.967212
vt 0.241194 0.977556
vt 0.148326 0.967317
vt 0.148345 0.977660
vt 0.116132 0.977797
vt 0.116061 0.967453
vt 0.184544 0.646349
vt 0.161284 0.589203
vt 0.157738 0.644361
vt 0.605675 0.607480
vt 0.620922 0.606602
vt 0.623597 0.621702
vt 0.623198 0.634228
vt 0.604066 0.633619
vt 0.633289 0.606995
vt 0.632812 0.621995
vt 0.632414 0.634520
vt 0.622767 0.647790
vt 0.631983 0.648082
vt 0.603635 0.647181
vt 0.717731 0.330441
vt 0.696094 0.328176
vt 0.718129 0.221119
vt 0.730967 0.221228
vt 0.751179 0.328672
vt 0.729504 0.330547
vt 0.716200 0.381051
vt 0.730094 0.381181
vt 0.915346 0.697267
vt 0.919731 0.697221
vt 0.915316 0.706870
vt 0.919700 0.706825
vt 0.915277 0.716474
vt 0.919655 0.716420
vt 0.915239 0.726086
vt 0.919593 0.725976
vt 0.915254 0.735736
vt 0.919532 0.735359
vt 0.915542 0.745541
vt 0.919965 0.743894
vt 0.915773 0.649051
vt 0.920379 0.650648
vt 0.915449 0.658790
vt 0.919851 0.659165
vt 0.915386 0.668439
vt 0.919774 0.668482
vt 0.915377 0.678056
vt 0.919762 0.678023
vt 0.915366 0.687663
vt 0.919752 0.687617
vt 0.872233 0.697212
vt 0.876619 0.697167
vt 0.872213 0.706815
vt 0.876599 0.706769
vt 0.872202 0.716407
vt 0.876589 0.716374
vt 0.872190 0.725943
vt 0.876579 0.725989
vt 0.872120 0.735251
vt 0.876518 0.735634
vt 0.871581 0.743761
vt 0.876185 0.745368
vt 0.872005 0.650540
vt 0.876426 0.648908
vt 0.872426 0.659079
vt 0.876705 0.658710
vt 0.872368 0.668464
vt 0.876722 0.668355
vt 0.872307 0.678017
vt 0.876685 0.677964
vt 0.872264 0.687610
vt 0.876648 0.687566
vt 0.234823 0.491859
vt 0.227809 0.495433
vt 0.225817 0.482852
vt 0.238397 0.484845
vt 0.237166 0.477070
vt 0.231599 0.471503
vt 0.223824 0.470272
vt 0.216810 0.473846
vt 0.213236 0.480860
vt 0.214468 0.488635
vt 0.220034 0.494202
vt 0.235141 0.517911
vt 0.231567 0.524925
vt 0.222561 0.515918
vt 0.224553 0.528498
vt 0.216778 0.527267
vt 0.211212 0.521700
vt 0.209980 0.513925
vt 0.213554 0.506911
vt 0.220568 0.503337
vt 0.228343 0.504569
vt 0.233910 0.510135
vt 0.016117 0.754172
vt 0.011699 0.752466
vt 0.016166 0.740743
vt 0.011753 0.737599
vt 0.073269 0.096289
vt 0.081293 0.096289
vt 0.073269 0.111156
vt 0.081293 0.111156
vt 0.018636 0.756150
vt 0.015957 0.799167
vt 0.016004 0.785739
vt 0.018537 0.783780
vt 0.011521 0.802280
vt 0.011574 0.787413
vt 0.081293 0.200866
vt 0.081293 0.215732
vt 0.073269 0.200866
vt 0.073269 0.215732
vt 0.081293 0.188351
vt 0.073269 0.188351
vt 0.081293 0.123671
vt 0.073269 0.123671
vt 0.026627 0.802333
vt 0.022214 0.799189
vt 0.026859 0.737654
vt 0.022423 0.740767
vt 0.389325 0.973668
vt 0.417231 0.973773
vt 0.387450 0.976765
vt 0.419078 0.976896
vt 0.420660 0.982398
vt 0.385818 0.982269
vt 0.420783 0.990993
vt 0.385630 0.990828
vt 0.013054 0.736307
vt 0.025568 0.736354
vt 0.012813 0.803581
vt 0.025327 0.803624
vt 0.389332 0.972044
vt 0.417236 0.972150
vt 0.418855 0.973301
vt 0.420378 0.976689
vt 0.387581 0.973167
vt 0.386105 0.976522
vt 0.421957 0.982296
vt 0.384554 0.982125
vt 0.422455 0.990827
vt 0.384008 0.990684
vt 0.240412 0.441692
vt 0.234176 0.465176
vt 0.254225 0.447353
vt 0.246540 0.470250
vt 0.251576 0.402544
vt 0.267448 0.409166
vt 0.262835 0.362855
vt 0.281258 0.372303
vt 0.280308 0.321532
vt 0.300525 0.333280
vt 0.226012 0.436313
vt 0.221470 0.460190
vt 0.233354 0.396052
vt 0.239794 0.356990
vt 0.251378 0.304218
vt 0.238888 0.343992
vt 0.275503 0.318904
vt 0.259562 0.357323
vt 0.211380 0.430911
vt 0.208600 0.455269
vt 0.214467 0.389483
vt 0.216820 0.348197
vt 0.226501 0.290847
vt 0.218082 0.333889
vt 0.771348 0.511868
vt 0.794255 0.552597
vt 0.797607 0.520814
vt 0.740908 0.552597
vt 0.748599 0.495776
vt 0.723262 0.486803
vt 0.746553 0.490599
vt 0.700664 0.552597
vt 0.700664 0.491590
vt 0.706017 0.486238
vt 0.260100 0.477440
vt 0.269807 0.453670
vt 0.253649 0.473176
vt 0.262796 0.450837
vt 0.279584 0.429058
vt 0.278069 0.413758
vt 0.289866 0.404690
vt 0.300663 0.382268
vt 0.293943 0.378695
vt 0.321932 0.345553
vt 0.315372 0.341768
vt 0.309765 0.659211
vt 0.291507 0.675918
vt 0.309949 0.702169
vt 0.283776 0.682529
vt 0.248942 0.702168
vt 0.248942 0.682691
vt 0.846645 0.490329
vt 0.839806 0.515998
vt 0.880322 0.506780
vt 0.868943 0.526983
vt 0.834181 0.540988
vt 0.854719 0.552237
vt 0.841115 0.702741
vt 0.863233 0.702741
vt 0.841115 0.633131
vt 0.863233 0.633131
vt 0.863233 0.622959
vt 0.863233 0.588125
vt 0.841115 0.622959
vt 0.841115 0.588125
vt 0.841115 0.740222
vt 0.863233 0.740222
vt 0.307709 0.633697
vt 0.302774 0.607226
vt 0.951185 0.795396
vt 0.951185 0.746192
vt 0.962476 0.795395
vt 0.962476 0.746192
vt 0.968429 0.795396
vt 0.968429 0.746192
vt 0.972640 0.795396
vt 0.972640 0.746192
vt 0.540580 0.003569
vt 0.545202 0.015545
vt 0.541172 0.013669
vt 0.561743 0.004034
vt 0.553302 0.017533
vt 0.561442 0.017712
vt 0.607731 0.951797
vt 0.607731 0.996239
vt 0.603285 0.951797
vt 0.603285 0.996239
vt 0.616071 0.951797
vt 0.616071 0.996239
vt 0.624213 0.951797
vt 0.624213 0.996239
vt 0.838587 0.757151
vt 0.844885 0.756742
vt 0.846933 0.760688
vt 0.849267 0.768694
vt 0.839910 0.777464
vt 0.849797 0.776818
vt 0.598392 0.951797
vt 0.598392 0.996239
vt 0.590096 0.951796
vt 0.590096 0.996239
vt 0.843443 0.756020
vt 0.601673 0.951797
vt 0.601673 0.996239
vt 0.842837 0.752796
vt 0.834558 0.753333
vt 0.537324 0.003497
vt 0.537141 0.011791
vt 0.540388 0.012259
vt 0.586161 0.004571
vt 0.582714 0.013190
vt 0.581870 0.014563
vt 0.577761 0.016261
vt 0.569582 0.017890
vt 0.640694 0.951797
vt 0.645141 0.951797
vt 0.640694 0.996239
vt 0.645141 0.996239
vt 0.632354 0.951797
vt 0.632354 0.996239
vt 0.841243 0.797776
vt 0.849058 0.793183
vt 0.847540 0.797362
vt 0.850329 0.784941
vt 0.650033 0.951797
vt 0.658330 0.951796
vt 0.650034 0.996239
vt 0.658330 0.996239
vt 0.846205 0.798265
vt 0.646753 0.951797
vt 0.646753 0.996239
vt 0.837745 0.802086
vt 0.846024 0.801541
vt 0.585979 0.012865
vt 0.346716 0.549792
vt 0.343937 0.539771
vt 0.366369 0.541684
vt 0.356481 0.559370
vt 0.370011 0.561384
vt 0.382145 0.555069
vt 0.388250 0.542829
vt 0.365471 0.447257
vt 0.342849 0.447598
vt 0.388109 0.447036
vt 0.331814 0.542092
vt 0.330728 0.447828
vt 0.332122 0.543365
vt 0.335503 0.556556
vt 0.337141 0.558730
vt 0.349758 0.571432
vt 0.352713 0.572659
vt 0.370413 0.575339
vt 0.389363 0.566498
vt 0.373553 0.574891
vt 0.399589 0.548281
vt 0.391887 0.564441
vt 0.400410 0.546026
vt 0.400286 0.447040
vt 0.336255 0.618562
vt 0.329400 0.615441
vt 0.339568 0.607459
vt 0.333422 0.602518
vt 0.332854 0.705177
vt 0.329189 0.615975
vt 0.324830 0.709343
vt 0.334268 0.601607
vt 0.350554 0.597109
vt 0.347297 0.589498
vt 0.348466 0.589085
vt 0.365518 0.595113
vt 0.366102 0.586774
vt 0.367278 0.586922
vt 0.382991 0.595247
vt 0.378843 0.602212
vt 0.384142 0.596047
vt 0.392036 0.611974
vt 0.385466 0.615839
vt 0.392519 0.612994
vt 0.385462 0.706461
vt 0.393360 0.710923
vt 0.322785 0.613471
vt 0.326975 0.600589
vt 0.329645 0.596719
vt 0.342791 0.584717
vt 0.347596 0.582575
vt 0.365247 0.580294
vt 0.386132 0.589400
vt 0.370359 0.581160
vt 0.398203 0.609005
vt 0.390112 0.593155
vt 0.361197 0.617351
vt 0.317789 0.708941
vt 0.322296 0.615646
vt 0.399359 0.612929
vt 0.400461 0.710774
vt 0.359060 0.711193
vt 0.574409 0.901588
vt 0.581358 0.872195
vt 0.580495 0.903121
vt 0.589329 0.874227
vt 0.570223 0.938503
vt 0.562490 0.937764
vt 0.607398 0.904811
vt 0.613260 0.878890
vt 0.614143 0.904740
vt 0.620843 0.879374
vt 0.611079 0.936028
vt 0.603469 0.936382
vt 0.620299 0.851442
vt 0.613350 0.851550
vt 0.591798 0.849807
vt 0.585529 0.848785
vt 0.613896 0.841104
vt 0.592548 0.839280
vt 0.619575 0.847190
vt 0.622703 0.831232
vt 0.615389 0.830034
vt 0.586161 0.844185
vt 0.585708 0.828395
vt 0.592850 0.828081
vt 0.637476 0.891991
vt 0.559543 0.879592
vt 0.635957 0.850865
vt 0.570798 0.844176
vt 0.617300 0.755337
vt 0.560598 0.755332
vt 0.560598 0.697033
vt 0.617300 0.697028
vt 0.503924 0.755332
vt 0.447223 0.755337
vt 0.447223 0.697028
vt 0.503924 0.697033
vt 0.906860 0.795308
vt 0.944268 0.796306
vt 0.906715 0.750717
vt 0.944123 0.751580
vt 0.864494 0.796174
vt 0.864347 0.752529
vt 0.905744 0.795536
vt 0.944263 0.795831
vt 0.177276 0.236868
vt 0.865385 0.252376
vt 0.730389 0.994724
vt 0.269609 0.994724
vt 0.179494 0.018640
vt 0.861895 0.002079
vt 0.266631 0.175449
vt 0.775605 0.178784
vt 0.271259 0.010605
vt 0.770130 0.010222
s 1
usemtl Raven_sketchfab:lambert5SG
f 3/1/1 4/2/1 5/3/1
f 5/3/1 4/2/1 6/4/1
f 5/3/2 6/4/2 7/5/2
f 7/5/2 6/4/2 8/6/2
f 7/5/3 8/6/3 1/7/3
f 1/7/3 8/6/3 2/8/3
f 8/9/4 6/10/4 2/11/4
f 2/11/4 6/10/4 4/12/4
f 3/13/5 5/14/5 1/15/5
f 1/15/5 5/14/5 7/16/5
f 63/31/4 66/32/4 83/33/4
f 63/34/8 75/35/9 70/36/10
f 71/37/11 66/32/4 70/38/4
f 70/38/4 66/32/4 63/31/4
f 74/39/12 55/40/13 77/41/14
f 77/41/14 55/40/13 57/42/15
f 90/43/4 91/44/16 64/45/4
f 75/46/9 76/47/17 70/48/10
f 70/48/10 76/47/17 57/49/18
f 57/50/4 73/51/4 70/38/4
f 70/38/4 73/51/4 71/37/11
f 55/52/4 88/53/19 57/50/4
f 57/50/4 88/53/19 73/51/4
f 58/54/20 59/55/20 68/56/21
f 68/56/21 59/55/20 67/57/21
f 69/58/22 75/35/9 62/59/8
f 62/59/8 75/35/9 63/34/8
f 57/42/18 76/60/17 56/61/8
f 56/61/8 76/60/17 72/62/8
f 65/63/23 77/41/14 56/61/23
f 56/61/23 77/41/14 57/42/15
f 75/35/9 69/58/22 79/64/24
f 79/64/24 69/58/22 78/65/24
f 76/60/25 81/66/26 72/62/27
f 72/62/27 81/66/26 80/67/28
f 75/46/29 79/68/30 76/47/31
f 76/47/31 79/68/30 81/69/32
f 81/69/33 79/68/34 73/70/33
f 73/70/33 79/68/34 71/71/34
f 73/72/33 88/73/19 81/74/33
f 81/74/33 88/73/19 89/75/35
f 81/74/36 89/75/35 77/41/37
f 77/41/37 89/75/35 74/39/38
f 81/74/39 77/41/40 80/76/41
f 80/76/41 77/41/40 65/63/42
f 61/77/4 96/78/4 82/79/4
f 63/31/4 83/33/4 59/80/4
f 59/80/4 83/33/4 67/81/4
f 62/59/43 63/34/43 58/54/43
f 58/54/43 63/34/43 59/55/43
f 84/82/44 85/83/45 86/84/44
f 86/84/44 85/83/45 83/85/46
f 83/85/46 66/86/44 86/84/44
f 79/64/47 78/65/47 86/84/47
f 86/84/47 78/65/47 84/82/47
f 87/87/48 92/88/49 93/89/50
f 71/37/11 91/44/16 66/32/4
f 66/32/4 91/44/16 90/43/4
f 92/88/49 91/90/16 79/91/51
f 79/91/51 91/90/16 71/92/11
f 93/89/50 92/88/49 86/93/52
f 86/93/52 92/88/49 79/91/53
f 90/94/54 93/89/54 66/95/54
f 66/95/54 93/89/54 86/93/54
f 89/96/35 92/97/49 74/98/38
f 74/98/38 92/97/49 87/99/48
f 89/96/35 88/100/19 92/97/49
f 92/97/49 88/100/19 91/101/16
f 88/53/19 55/52/4 91/44/16
f 91/44/16 55/52/4 64/45/4
f 74/98/55 87/99/56 55/102/57
f 55/102/57 87/99/56 64/103/58
f 83/85/46 97/104/59 96/105/59
f 95/106/59 97/104/59 85/83/45
f 85/83/45 97/104/59 83/85/46
f 68/56/21 67/57/21 60/107/60
f 60/107/60 67/57/21 61/108/60
f 83/33/4 96/78/4 67/81/4
f 67/81/4 96/78/4 61/77/4
f 95/106/59 94/109/59 97/104/59
f 94/110/61 82/111/62 87/112/63
f 87/112/63 82/111/62 64/113/63
f 94/110/64 87/112/48 97/114/65
f 97/114/65 87/112/48 93/115/50
f 97/114/66 93/115/66 96/116/66
f 96/116/66 93/115/66 90/117/66
f 90/43/4 64/45/4 96/78/4
f 96/78/4 64/45/4 82/79/4
f 61/108/67 94/118/61 60/107/67
f 60/107/67 94/118/61 95/119/67
f 61/120/67 82/111/62 94/110/61
f 102/31/5 116/33/5 104/32/5
f 102/34/8 106/36/68 110/35/9
f 102/31/5 104/32/5 106/38/5
f 106/38/5 104/32/5 107/37/5
f 99/42/69 98/40/70 112/41/71
f 112/41/71 98/40/70 109/39/72
f 121/43/5 103/45/5 122/44/5
f 110/46/9 106/48/68 111/47/73
f 111/47/73 106/48/68 99/49/74
f 99/50/5 106/38/5 108/51/5
f 108/51/5 106/38/5 107/37/5
f 98/52/5 99/50/5 119/53/5
f 119/53/5 99/50/5 108/51/5
f 58/54/20 68/56/21 100/55/20
f 100/55/20 68/56/21 105/57/21
f 69/58/22 62/59/8 110/35/9
f 110/35/9 62/59/8 102/34/8
f 72/62/8 111/60/73 56/61/8
f 56/61/8 111/60/73 99/42/74
f 65/63/23 56/61/23 112/41/71
f 112/41/71 56/61/23 99/42/69
f 110/35/9 113/64/24 69/58/22
f 69/58/22 113/64/24 78/65/24
f 80/67/28 114/66/75 72/62/27
f 72/62/27 114/66/75 111/60/25
f 114/69/76 113/68/77 111/47/78
f 111/47/78 113/68/77 110/46/79
f 114/69/34 108/70/34 113/68/34
f 113/68/34 108/70/34 107/71/34
f 108/72/80 114/74/80 119/73/80
f 119/73/80 114/74/80 120/75/80
f 114/74/81 112/41/82 120/75/83
f 120/75/83 112/41/82 109/39/84
f 65/63/42 112/41/85 80/76/41
f 80/76/41 112/41/85 114/74/86
f 101/77/5 115/79/5 126/78/5
f 102/31/5 100/80/5 116/33/5
f 116/33/5 100/80/5 105/81/5
f 62/59/43 58/54/43 102/34/43
f 102/34/43 58/54/43 100/55/43
f 116/85/46 85/83/45 117/84/44
f 117/84/44 85/83/45 84/82/44
f 116/85/46 117/84/44 104/86/44
f 84/82/47 78/65/47 117/84/47
f 117/84/47 78/65/47 113/64/47
f 118/87/87 124/89/88 123/88/89
f 107/37/5 104/32/5 122/44/5
f 122/44/5 104/32/5 121/43/5
f 123/88/51 113/91/51 122/90/51
f 122/90/51 113/91/51 107/92/51
f 124/89/88 117/93/90 123/88/89
f 123/88/89 117/93/90 113/91/91
f 117/93/54 124/89/54 104/95/54
f 104/95/54 124/89/54 121/94/54
f 118/99/87 123/97/89 109/98/84
f 109/98/84 123/97/89 120/96/83
f 120/96/92 123/97/92 119/100/92
f 119/100/92 123/97/92 122/101/92
f 119/53/5 122/44/5 98/52/5
f 98/52/5 122/44/5 103/45/5
f 103/103/58 118/99/93 98/102/94
f 98/102/94 118/99/93 109/98/95
f 116/85/46 126/105/59 127/104/59
f 116/85/46 127/104/59 85/83/45
f 85/83/45 127/104/59 95/106/59
f 68/56/21 60/107/60 105/57/21
f 105/57/21 60/107/60 101/108/60
f 101/77/5 126/78/5 105/81/5
f 105/81/5 126/78/5 116/33/5
f 95/106/59 127/104/59 125/109/59
f 125/110/61 118/112/63 115/111/62
f 115/111/62 118/112/63 103/113/63
f 125/110/96 127/114/97 118/112/87
f 118/112/87 127/114/97 124/115/88
f 127/114/66 126/116/66 124/115/66
f 124/115/66 126/116/66 121/117/66
f 115/79/5 103/45/5 126/78/5
f 126/78/5 103/45/5 121/43/5
f 95/119/67 125/118/61 60/107/67
f 60/107/67 125/118/61 101/108/67
f 101/120/67 125/110/61 115/111/62
f 148/125/98 132/126/98 149/127/98
f 149/127/98 132/126/98 139/128/98
f 144/129/99 153/130/100 145/131/101
f 145/131/101 153/130/100 152/132/101
f 136/133/102 218/134/103 138/135/104
f 138/135/104 218/134/103 219/136/105
f 137/137/106 136/138/107 138/139/108
f 135/140/5 137/137/106 141/141/5
f 141/141/5 137/137/106 138/139/108
f 132/126/5 133/142/5 150/143/5
f 150/143/5 133/142/5 140/144/5
f 135/140/5 142/145/109 174/146/5
f 174/146/5 142/145/109 175/147/110
f 154/148/111 141/149/112 219/136/105
f 219/136/105 141/149/112 138/135/104
f 144/150/99 134/151/113 153/152/100
f 153/152/100 134/151/113 151/153/114
f 134/154/5 144/155/5 143/156/115
f 141/141/5 134/154/5 142/145/109
f 142/145/109 134/154/5 143/156/115
f 135/140/5 141/141/5 142/145/109
f 141/149/112 154/148/111 134/151/113
f 134/151/113 154/148/111 151/153/114
f 153/157/116 157/158/116 152/159/116
f 152/159/116 157/158/116 156/160/116
f 158/161/4 157/162/4 151/163/4
f 151/163/4 157/162/4 153/164/4
f 154/165/4 158/161/4 151/163/4
f 144/129/117 145/131/118 172/166/119
f 172/166/119 145/131/118 159/167/118
f 144/155/5 173/168/120 143/156/115
f 175/147/110 142/145/109 176/169/121
f 176/169/121 142/145/109 164/170/122
f 142/145/109 143/156/115 164/170/122
f 164/170/122 143/156/115 165/171/123
f 139/172/124 161/173/124 149/174/124
f 149/174/124 161/173/124 166/175/124
f 150/176/125 140/177/126 162/178/127
f 162/178/127 140/177/126 163/179/126
f 143/156/115 173/168/120 165/180/128
f 165/180/128 173/168/120 167/181/129
f 169/182/130 168/183/130 161/184/130
f 161/184/130 168/183/130 166/185/130
f 162/186/131 169/182/132 161/184/133
f 170/187/134 177/188/135 164/189/122
f 164/189/122 177/188/135 176/190/121
f 163/191/136 169/182/132 162/186/131
f 154/165/137 220/192/138 170/187/139
f 156/160/140 157/158/141 160/193/140
f 160/193/140 157/158/141 167/194/142
f 167/195/142 157/162/141 165/196/143
f 157/162/141 158/161/144 165/196/143
f 165/196/143 158/161/144 164/189/122
f 164/189/122 158/161/144 154/165/145
f 164/189/122 154/165/145 170/187/134
f 139/172/124 150/176/125 161/173/124
f 161/173/124 150/176/125 162/178/127
f 132/126/5 150/143/5 139/128/5
f 159/167/146 160/193/146 172/166/146
f 172/166/146 160/193/146 167/194/146
f 174/146/5 175/147/110 178/197/5
f 177/188/135 179/198/147 176/190/121
f 133/142/5 174/146/5 140/144/5
f 140/144/5 174/146/5 178/197/5
f 140/177/126 178/199/148 163/179/126
f 163/179/126 178/199/148 179/200/148
f 169/182/132 163/191/136 177/188/135
f 177/188/135 163/191/136 179/198/147
f 144/155/5 178/197/5 173/168/120
f 173/168/120 178/197/5 175/147/110
f 179/200/149 178/199/150 172/201/119
f 172/201/119 178/199/150 144/202/117
f 176/190/121 179/198/147 167/203/151
f 167/203/151 179/198/147 172/204/152
f 173/168/120 175/147/110 167/205/129
f 167/205/129 175/147/110 176/169/121
f 148/125/98 149/127/98 180/126/98
f 180/126/98 149/127/98 187/128/98
f 152/132/101 195/130/153 145/131/101
f 145/131/101 195/130/153 192/129/154
f 216/136/155 146/206/156 215/134/157
f 215/134/157 146/206/156 147/207/158
f 185/137/159 186/139/160 184/138/161
f 183/140/4 189/141/4 185/137/159
f 185/137/159 189/141/4 186/139/160
f 216/136/155 196/148/162 146/206/156
f 146/206/156 196/148/162 155/208/163
f 180/126/4 193/143/4 181/142/4
f 181/142/4 193/143/4 188/144/4
f 210/147/164 190/145/165 209/146/4
f 209/146/4 190/145/165 183/140/4
f 192/150/154 195/152/153 182/151/166
f 182/151/166 195/152/153 194/153/167
f 182/154/4 191/156/168 192/155/4
f 191/156/168 182/154/4 190/145/165
f 190/145/165 182/154/4 189/141/4
f 183/140/4 190/145/165 189/141/4
f 194/153/167 196/148/162 182/151/166
f 182/151/166 196/148/162 189/149/169
f 195/157/116 152/159/116 197/158/116
f 197/158/116 152/159/116 156/160/116
f 195/164/5 197/162/5 194/163/5
f 194/163/5 197/162/5 198/161/5
f 196/165/5 194/163/5 198/161/5
f 192/129/170 207/166/171 145/131/118
f 145/131/118 207/166/171 159/167/118
f 192/155/4 191/156/168 208/168/172
f 210/147/164 211/169/173 190/145/165
f 190/145/165 211/169/173 202/170/174
f 190/145/165 202/170/174 191/156/168
f 191/156/168 202/170/174 203/171/123
f 187/172/124 149/174/124 199/173/124
f 199/173/124 149/174/124 166/175/124
f 193/176/125 200/178/127 188/177/126
f 188/177/126 200/178/127 201/179/126
f 191/156/168 203/180/175 208/168/172
f 208/168/172 203/180/175 204/181/176
f 166/185/130 168/183/130 199/184/130
f 199/184/130 168/183/130 205/182/130
f 200/186/177 199/184/178 205/182/179
f 211/190/173 212/188/180 202/189/174
f 202/189/174 212/188/180 206/187/181
f 201/191/182 200/186/177 205/182/179
f 155/209/139 196/165/183 171/210/184
f 171/210/184 196/165/183 217/192/185
f 204/194/186 197/158/187 160/193/140
f 160/193/140 197/158/187 156/160/140
f 204/195/186 203/196/188 197/162/187
f 203/196/188 198/161/189 197/162/187
f 203/196/188 202/189/174 198/161/189
f 198/161/189 202/189/174 196/165/190
f 202/189/174 206/187/191 196/165/190
f 187/172/124 199/173/124 193/176/125
f 193/176/125 199/173/124 200/178/127
f 180/126/4 187/128/4 193/143/4
f 159/167/146 207/166/146 160/193/146
f 160/193/146 207/166/146 204/194/146
f 209/146/4 213/197/4 210/147/164
f 212/188/180 211/190/173 214/198/192
f 213/197/4 209/146/4 188/144/4
f 188/144/4 209/146/4 181/142/4
f 188/177/126 201/179/126 213/199/148
f 213/199/148 201/179/126 214/200/148
f 214/198/192 201/191/182 212/188/180
f 212/188/180 201/191/182 205/182/179
f 192/155/4 208/168/172 213/197/4
f 213/197/4 208/168/172 210/147/164
f 192/202/170 213/199/193 207/201/171
f 207/201/171 213/199/193 214/200/149
f 207/204/194 214/198/192 204/203/176
f 204/203/176 214/198/192 211/190/173
f 208/168/172 204/205/176 210/147/164
f 210/147/164 204/205/176 211/169/173
f 184/133/195 186/135/196 215/134/157
f 215/134/157 186/135/196 216/136/155
f 196/148/162 216/136/155 189/149/169
f 189/149/169 216/136/155 186/135/196
f 217/192/185 196/165/183 206/187/139
f 219/136/105 218/134/103 146/206/156
f 146/206/156 218/134/103 147/207/158
f 219/136/105 146/206/156 154/148/111
f 154/148/111 146/206/156 155/208/163
f 220/192/138 154/165/137 171/210/184
f 171/210/184 154/165/137 155/209/139
f 237/211/44 223/212/44 238/213/44
f 238/213/44 223/212/44 224/214/44
f 238/213/197 224/214/198 239/215/199
f 239/215/199 224/214/198 226/216/200
f 225/217/201 223/212/202 240/218/203
f 240/218/203 223/212/202 237/211/204
f 222/219/44 227/220/44 228/221/44
f 222/219/205 228/221/206 221/222/205
f 221/222/205 228/221/206 229/223/207
f 227/220/44 230/224/44 228/221/44
f 228/221/44 230/224/44 231/225/44
f 228/221/206 231/225/208 229/223/207
f 229/223/207 231/225/208 232/226/209
f 230/224/44 233/227/44 231/225/44
f 231/225/44 233/227/44 234/228/44
f 231/225/208 234/228/210 232/226/209
f 232/226/209 234/228/210 235/229/211
f 233/227/44 237/211/44 234/228/44
f 234/228/44 237/211/44 238/213/44
f 234/228/210 238/213/197 235/229/211
f 235/229/211 238/213/197 239/215/199
f 233/227/212 236/230/213 237/211/204
f 237/211/204 236/230/213 240/218/203
f 223/212/44 241/231/44 224/214/44
f 224/214/44 241/231/44 242/232/44
f 224/214/198 242/232/214 226/216/200
f 226/216/200 242/232/214 243/233/214
f 225/217/201 244/234/215 223/212/202
f 223/212/202 244/234/215 241/231/216
f 255/235/124 266/236/217 256/237/124
f 256/237/124 266/236/217 265/238/124
f 254/239/218 250/240/218 268/241/218
f 266/242/217 255/243/219 273/244/220
f 294/245/221 293/246/222 292/247/223
f 292/247/223 293/246/222 291/248/224
f 258/249/225 252/250/226 259/251/227
f 259/251/227 252/250/226 272/252/228
f 264/253/44 263/254/44 262/255/44
f 262/255/44 263/254/44 261/256/44
f 295/257/229 297/258/230 296/259/231
f 248/260/232 258/249/225 246/261/233
f 246/261/233 258/249/225 259/251/227
f 259/262/234 260/263/235 246/264/236
f 246/264/236 260/263/235 270/265/237
f 254/266/238 268/267/239 267/268/240
f 261/269/241 263/270/242 253/271/243
f 253/271/243 263/270/242 259/251/227
f 259/262/244 263/254/245 260/263/246
f 260/263/246 263/254/245 264/253/247
f 285/272/248 294/245/221 290/273/249
f 290/273/249 294/245/221 292/247/223
f 285/274/248 266/242/217 286/275/250
f 286/275/250 266/242/217 273/244/220
f 288/276/251 287/277/252 268/267/239
f 268/267/239 287/277/252 267/268/240
f 268/241/253 269/278/254 288/279/44
f 288/279/44 269/278/254 289/280/44
f 298/281/255 297/258/230 299/282/256
f 297/258/230 295/257/229 299/282/256
f 279/283/257 245/284/44 277/285/44
f 293/246/222 296/259/231 291/248/224
f 291/248/224 296/259/231 297/258/230
f 272/252/228 253/271/243 259/251/227
f 273/244/220 267/268/240 286/275/250
f 286/275/250 267/268/240 287/277/252
f 255/243/219 254/266/238 273/244/220
f 273/244/220 254/266/238 267/268/240
f 249/286/118 250/287/258 255/235/259
f 255/235/259 250/287/258 254/288/260
f 255/235/124 256/237/124 249/286/124
f 250/240/261 269/278/254 268/241/253
f 278/289/262 246/264/236 279/283/257
f 279/283/257 246/264/236 270/265/237
f 276/290/263 278/291/264 275/292/265
f 275/292/265 278/291/264 277/293/266
f 248/260/232 246/261/233 276/290/263
f 276/290/263 246/261/233 278/291/264
f 245/294/267 247/295/268 277/293/266
f 277/293/266 247/295/268 275/292/265
f 274/296/269 276/297/263 275/298/265
f 277/285/44 278/289/262 279/283/257
f 284/299/270 274/296/269 275/298/265
f 276/297/263 274/296/269 248/300/232
f 248/300/232 274/296/269 281/301/271
f 258/302/225 248/300/232 282/303/272
f 282/303/272 248/300/232 281/301/271
f 252/304/226 258/302/225 283/305/273
f 283/305/273 258/302/225 282/303/272
f 252/250/226 285/274/248 272/252/228
f 272/252/228 285/274/248 286/275/250
f 253/271/243 272/252/228 287/277/252
f 287/277/252 272/252/228 286/275/250
f 261/269/241 253/271/243 288/276/251
f 288/276/251 253/271/243 287/277/252
f 262/255/44 261/256/44 289/280/44
f 289/280/44 261/256/44 288/279/44
f 265/238/124 266/236/217 290/273/249
f 290/273/249 266/236/217 285/272/248
f 285/272/248 252/304/226 283/305/273
f 247/306/268 280/307/274 275/298/265
f 275/298/265 280/307/274 284/299/270
f 251/308/4 292/247/4 257/309/4
f 257/309/4 292/247/4 291/248/4
f 293/246/222 294/245/221 282/303/272
f 282/303/272 294/245/221 283/305/273
f 274/296/269 295/257/229 281/301/271
f 281/301/271 295/257/229 296/259/231
f 290/273/4 292/247/4 251/308/4
f 283/305/273 294/245/221 285/272/248
f 280/307/274 298/281/255 284/299/270
f 284/299/270 298/281/255 299/282/256
f 284/299/270 299/282/256 274/296/269
f 274/296/269 299/282/256 295/257/229
f 297/258/4 298/281/4 271/310/4
f 291/248/4 297/258/4 257/309/4
f 257/309/4 297/258/4 271/310/4
f 281/301/271 296/259/231 282/303/272
f 282/303/272 296/259/231 293/246/222
f 265/238/124 310/236/275 256/237/124
f 256/237/124 310/236/275 305/235/124
f 304/239/276 312/241/277 250/240/261
f 310/242/275 314/244/278 305/243/279
f 291/248/280 328/246/281 292/247/282
f 292/247/282 328/246/281 329/245/283
f 306/249/284 307/251/285 302/250/286
f 302/250/286 307/251/285 313/252/287
f 264/253/44 262/255/44 309/254/44
f 309/254/44 262/255/44 308/256/44
f 330/257/288 331/259/289 297/258/290
f 307/251/285 306/249/284 300/261/291
f 300/261/291 306/249/284 301/260/292
f 270/265/237 260/263/235 300/264/293
f 300/264/293 260/263/235 307/262/294
f 304/266/295 311/268/296 312/267/297
f 307/251/285 309/270/298 303/271/299
f 303/271/299 309/270/298 308/269/300
f 307/262/301 260/263/246 309/254/302
f 309/254/302 260/263/246 264/253/247
f 324/272/303 290/273/249 329/245/283
f 329/245/283 290/273/249 292/247/282
f 324/274/303 325/275/304 310/242/275
f 310/242/275 325/275/304 314/244/278
f 311/268/296 326/277/305 312/267/297
f 312/267/297 326/277/305 327/276/306
f 289/280/44 269/278/254 327/279/44
f 327/279/44 269/278/254 312/241/277
f 298/281/307 332/282/308 297/258/290
f 332/282/308 330/257/288 297/258/290
f 279/283/257 318/285/44 245/284/44
f 297/258/290 331/259/289 291/248/280
f 291/248/280 331/259/289 328/246/281
f 313/252/287 307/251/285 303/271/299
f 314/244/278 325/275/304 311/268/296
f 311/268/296 325/275/304 326/277/305
f 305/243/279 314/244/278 304/266/295
f 304/266/295 314/244/278 311/268/296
f 249/286/118 305/235/309 250/287/258
f 250/287/258 305/235/309 304/288/310
f 305/235/124 249/286/124 256/237/124
f 250/240/261 312/241/277 269/278/254
f 319/289/311 279/283/257 300/264/293
f 300/264/293 279/283/257 270/265/237
f 317/290/312 316/292/313 319/291/314
f 319/291/314 316/292/313 318/293/315
f 319/291/314 300/261/291 317/290/312
f 317/290/312 300/261/291 301/260/292
f 245/294/267 318/293/315 247/295/268
f 247/295/268 318/293/315 316/292/313
f 315/296/316 316/298/313 317/297/312
f 318/285/44 279/283/257 319/289/311
f 323/299/317 316/298/313 315/296/316
f 320/301/318 315/296/316 301/300/292
f 301/300/292 315/296/316 317/297/312
f 320/301/318 301/300/292 321/303/319
f 321/303/319 301/300/292 306/302/284
f 321/303/319 306/302/284 322/305/320
f 322/305/320 306/302/284 302/304/286
f 302/250/286 313/252/287 324/274/303
f 324/274/303 313/252/287 325/275/304
f 325/275/304 313/252/287 326/277/305
f 326/277/305 313/252/287 303/271/299
f 326/277/305 303/271/299 327/276/306
f 327/276/306 303/271/299 308/269/300
f 262/255/44 289/280/44 308/256/44
f 308/256/44 289/280/44 327/279/44
f 265/238/124 290/273/249 310/236/275
f 310/236/275 290/273/249 324/272/303
f 324/272/303 322/305/320 302/304/286
f 247/306/268 316/298/313 280/307/274
f 280/307/274 316/298/313 323/299/317
f 322/305/320 329/245/283 321/303/319
f 321/303/319 329/245/283 328/246/281
f 315/296/316 320/301/318 330/257/288
f 330/257/288 320/301/318 331/259/289
f 322/305/320 324/272/303 329/245/283
f 280/307/274 323/299/317 298/281/307
f 298/281/307 323/299/317 332/282/308
f 323/299/317 315/296/316 332/282/308
f 332/282/308 315/296/316 330/257/288
f 280/307/5 298/281/5 271/310/5
f 320/301/318 321/303/319 331/259/289
f 331/259/289 321/303/319 328/246/281
f 339/311/321 341/312/322 337/313/323
f 337/313/323 341/312/322 340/314/324
f 347/315/325 346/316/326 344/317/327
f 344/317/327 346/316/326 345/318/328
f 348/319/329 347/315/330 343/320/331
f 343/320/331 347/315/330 344/317/332
f 341/312/322 334/321/333 340/314/324
f 340/314/324 334/321/333 333/322/334
f 334/321/333 343/320/331 333/322/334
f 333/322/334 343/320/331 344/317/332
f 340/314/335 333/322/336 344/317/327
f 337/313/337 340/314/335 345/318/328
f 345/318/328 340/314/335 344/317/327
f 353/323/338 352/324/339 347/315/325
f 347/315/325 352/324/339 346/316/326
f 348/319/329 353/323/340 347/315/330
f 355/325/341 354/326/342 350/327/343
f 350/327/343 354/326/342 349/328/344
f 356/329/345 355/325/345 351/330/346
f 351/330/346 355/325/345 350/327/347
f 350/327/343 349/328/344 353/323/338
f 353/323/338 349/328/344 352/324/339
f 348/319/329 351/330/346 353/323/340
f 353/323/340 351/330/346 350/327/347
f 358/331/348 357/332/349 355/325/341
f 355/325/341 357/332/349 354/326/342
f 356/329/345 358/331/345 355/325/345
f 358/331/348 360/333/350 357/332/349
f 357/332/349 360/333/350 359/334/351
f 356/329/345 361/335/345 358/331/345
f 358/331/345 361/335/345 360/333/345
f 360/333/350 342/336/352 359/334/351
f 359/334/351 342/336/352 338/337/44
f 360/333/350 336/338/353 342/336/352
f 335/339/345 336/338/345 361/335/345
f 361/335/345 336/338/345 360/333/345
f 339/311/321 337/313/323 367/312/354
f 367/312/354 337/313/323 366/314/355
f 345/318/328 346/316/326 370/317/356
f 370/317/356 346/316/326 371/315/357
f 370/317/358 371/315/359 369/320/360
f 369/320/360 371/315/359 372/319/361
f 367/312/354 366/314/355 363/321/362
f 363/321/362 366/314/355 362/322/363
f 370/317/358 369/320/360 362/322/363
f 362/322/363 369/320/360 363/321/362
f 366/314/364 370/317/356 362/322/365
f 337/313/337 345/318/328 366/314/364
f 366/314/364 345/318/328 370/317/356
f 346/316/326 352/324/339 371/315/357
f 371/315/357 352/324/339 375/323/366
f 372/319/361 371/315/359 375/323/367
f 349/328/344 354/326/342 373/327/368
f 373/327/368 354/326/342 376/325/369
f 373/327/370 376/325/371 374/330/372
f 374/330/372 376/325/371 377/329/371
f 352/324/339 349/328/344 375/323/366
f 375/323/366 349/328/344 373/327/368
f 372/319/361 375/323/367 374/330/372
f 374/330/372 375/323/367 373/327/370
f 354/326/342 357/332/349 376/325/369
f 376/325/369 357/332/349 378/331/373
f 377/329/371 376/325/371 378/331/371
f 378/331/373 357/332/349 379/333/374
f 379/333/374 357/332/349 359/334/351
f 377/329/371 378/331/371 380/335/371
f 380/335/371 378/331/371 379/333/374
f 379/333/374 359/334/351 368/336/375
f 368/336/375 359/334/351 338/337/44
f 379/333/374 368/336/375 365/338/376
f 379/333/374 365/338/376 380/335/371
f 380/335/371 365/338/376 364/339/371
f 400/340/377 401/341/378 382/342/377
f 382/342/377 401/341/378 385/343/379
f 393/344/380 394/345/44 388/346/380
f 388/346/380 394/345/44 387/347/44
f 385/348/4 383/349/4 382/350/4
f 401/341/378 392/351/381 385/343/379
f 385/343/379 392/351/381 381/352/381
f 384/353/4 383/349/4 381/354/4
f 381/354/4 383/349/4 385/348/4
f 383/349/4 384/353/4 386/355/4
f 384/356/382 398/357/382 386/358/382
f 386/358/382 398/357/382 399/359/382
f 395/360/383 396/361/383 391/362/383
f 391/362/383 396/361/383 390/363/383
f 381/354/4 388/364/4 389/365/4
f 389/365/4 388/364/4 387/366/4
f 381/352/381 392/351/381 388/346/380
f 388/346/380 392/351/381 393/344/380
f 397/367/383 398/357/383 389/368/383
f 389/368/383 398/357/383 384/356/383
f 384/353/4 381/354/4 389/365/4
f 396/361/124 397/367/124 390/363/124
f 390/363/124 397/367/124 389/368/124
f 389/365/4 387/366/4 390/369/4
f 390/369/4 387/366/4 391/370/4
f 391/362/384 387/347/384 395/360/384
f 395/360/384 387/347/384 394/345/384
f 400/340/377 403/342/377 401/341/378
f 401/341/378 403/342/377 406/343/379
f 393/344/380 409/346/380 394/345/44
f 394/345/44 409/346/380 408/347/44
f 406/348/5 403/350/5 404/349/5
f 401/341/378 406/343/379 392/351/381
f 392/351/381 406/343/379 402/352/381
f 406/348/5 404/349/5 402/354/5
f 402/354/5 404/349/5 405/353/5
f 404/349/5 407/355/5 405/353/5
f 405/356/382 407/358/382 398/357/382
f 398/357/382 407/358/382 399/359/382
f 395/360/383 412/362/383 396/361/383
f 396/361/383 412/362/383 411/363/383
f 408/366/5 409/364/5 410/365/5
f 410/365/5 409/364/5 402/354/5
f 402/352/381 409/346/380 392/351/381
f 392/351/381 409/346/380 393/344/380
f 397/367/383 410/368/383 398/357/383
f 398/357/383 410/368/383 405/356/383
f 405/353/5 410/365/5 402/354/5
f 396/361/124 411/363/124 397/367/124
f 397/367/124 411/363/124 410/368/124
f 410/365/5 411/369/5 408/366/5
f 408/366/5 411/369/5 412/370/5
f 412/362/384 395/360/384 408/347/384
f 408/347/384 395/360/384 394/345/384
f 418/371/385 419/372/386 416/373/387
f 416/373/387 419/372/386 420/374/388
f 417/375/389 421/376/390 418/371/391
f 418/371/391 421/376/390 419/372/386
f 432/377/392 440/378/393 447/379/394
f 440/378/393 441/380/395 447/379/394
f 447/379/394 441/380/395 446/381/396
f 422/382/397 424/383/398 426/384/399
f 426/384/399 424/383/398 425/385/400
f 423/386/401 427/387/402 424/383/398
f 424/383/398 427/387/402 425/385/400
f 434/388/403 435/389/404 437/390/403
f 437/390/403 435/389/404 436/391/404
f 416/373/387 420/374/388 423/386/401
f 423/386/401 420/374/388 427/387/402
f 415/392/405 414/393/405 431/394/405
f 431/394/405 414/393/405 433/395/405
f 433/395/405 414/393/405 432/396/405
f 432/396/405 414/393/405 428/397/405
f 414/393/405 429/398/405 428/397/405
f 429/398/405 430/399/405 428/397/405
f 421/376/406 417/375/407 436/391/408
f 436/391/408 417/375/407 437/390/409
f 431/400/410 439/401/411 415/402/410
f 415/402/410 439/401/411 438/403/412
f 413/404/413 426/384/399 414/405/413
f 414/405/413 426/384/399 429/406/414
f 426/384/399 425/385/400 429/406/414
f 429/406/414 425/385/400 430/407/415
f 425/385/400 427/387/402 430/407/415
f 430/407/415 427/387/402 428/408/416
f 420/374/388 432/377/392 427/387/402
f 427/387/402 432/377/392 428/408/416
f 419/372/386 440/378/393 420/374/388
f 420/374/388 440/378/393 432/377/392
f 419/372/386 421/376/390 440/378/393
f 440/378/393 421/376/390 441/380/395
f 442/409/417 441/380/395 436/391/418
f 436/391/418 441/380/395 421/376/390
f 436/391/404 435/389/404 442/409/419
f 442/409/419 435/389/404 443/410/419
f 445/411/419 444/412/419 439/401/411
f 439/401/411 444/412/419 438/413/412
f 431/400/420 446/381/396 439/401/421
f 439/401/421 446/381/396 445/411/422
f 447/379/394 446/381/396 433/414/423
f 433/414/423 446/381/396 431/400/420
f 432/377/392 447/379/394 433/414/423
f 452/374/424 451/372/425 448/373/426
f 448/373/426 451/372/425 450/371/427
f 451/372/425 453/376/428 450/371/427
f 450/371/427 453/376/428 449/375/429
f 464/377/430 474/379/431 469/378/432
f 469/378/432 474/379/431 470/380/433
f 470/380/433 474/379/431 473/381/434
f 454/382/435 458/384/436 456/383/437
f 456/383/437 458/384/436 457/385/438
f 457/385/438 459/387/439 456/383/437
f 456/383/437 459/387/439 455/386/440
f 434/388/403 467/390/403 435/389/404
f 435/389/404 467/390/403 466/391/404
f 448/373/426 455/386/440 452/374/424
f 452/374/424 455/386/440 459/387/439
f 414/393/405 415/392/405 461/398/405
f 461/398/405 415/392/405 462/399/405
f 462/399/405 415/392/405 460/397/405
f 460/397/405 415/392/405 464/396/405
f 415/392/405 463/394/405 464/396/405
f 463/394/405 465/395/405 464/396/405
f 453/376/428 466/391/441 449/375/429
f 449/375/429 466/391/441 467/390/442
f 438/403/412 468/401/411 415/402/410
f 415/402/410 468/401/411 463/400/410
f 413/404/413 414/405/413 458/384/436
f 458/384/436 414/405/413 461/406/443
f 458/384/436 461/406/443 457/385/438
f 457/385/438 461/406/443 462/407/444
f 457/385/438 462/407/444 459/387/439
f 459/387/439 462/407/444 460/408/445
f 460/408/445 464/377/430 459/387/439
f 459/387/439 464/377/430 452/374/424
f 464/377/430 469/378/432 452/374/424
f 452/374/424 469/378/432 451/372/425
f 451/372/425 469/378/432 453/376/428
f 453/376/428 469/378/432 470/380/433
f 471/409/446 466/391/441 470/380/433
f 470/380/433 466/391/441 453/376/428
f 466/391/404 471/409/419 435/389/404
f 435/389/404 471/409/419 443/410/419
f 472/411/419 468/401/411 444/412/419
f 444/412/419 468/401/411 438/413/412
f 463/400/447 468/401/448 473/381/434
f 473/381/434 468/401/448 472/411/449
f 474/379/431 465/414/450 473/381/434
f 473/381/434 465/414/450 463/400/447
f 464/377/430 465/414/450 474/379/431
f 479/415/451 503/416/452 477/417/453
f 477/417/453 503/416/452 480/418/454
f 501/419/455 475/420/456 502/421/457
f 502/421/457 475/420/456 504/422/458
f 506/423/459 478/424/460 505/425/461
f 505/425/461 478/424/460 481/426/462
f 508/427/463 507/428/464 477/417/465
f 477/417/465 507/428/464 479/415/466
f 497/429/467 499/430/468 482/431/468
f 482/431/468 499/430/468 483/432/468
f 477/417/469 478/424/470 508/427/471
f 508/427/471 478/424/472 509/433/473
f 479/415/474 511/434/474 476/435/475
f 476/435/475 511/434/474 500/436/476
f 502/437/477 503/416/452 476/435/478
f 476/435/478 503/416/452 479/415/451
f 481/426/479 480/418/454 475/438/480
f 505/425/461 481/426/462 501/439/481
f 501/439/481 481/426/462 475/438/482
f 490/440/483 491/441/484 489/442/485
f 492/443/486 488/444/487 491/445/488
f 491/445/488 488/444/487 489/446/489
f 492/447/490 493/448/491 488/449/492
f 477/450/493 480/451/494 484/452/495
f 484/452/495 480/451/494 485/453/496
f 480/454/497 481/455/498 485/456/499
f 485/456/499 481/455/498 486/457/500
f 478/458/460 487/459/501 481/460/462
f 481/460/462 487/459/501 486/461/502
f 477/450/469 484/452/503 478/458/470
f 478/458/470 484/452/503 487/459/504
f 490/440/505 482/431/506 493/448/507
f 493/448/507 482/431/506 483/432/508
f 493/448/491 483/432/509 488/449/492
f 488/449/492 483/432/509 498/462/510
f 483/432/509 499/463/510 498/462/510
f 489/446/511 488/444/512 496/464/513
f 496/464/513 488/444/512 498/465/514
f 490/440/483 489/442/485 482/431/515
f 489/442/485 496/466/516 482/431/515
f 496/466/516 497/467/516 482/431/515
f 484/452/495 494/468/517 490/440/483
f 490/440/483 494/468/517 491/441/484
f 494/469/518 495/470/519 491/445/520
f 491/445/520 495/470/519 492/443/521
f 487/459/501 493/448/491 495/471/522
f 495/471/522 493/448/491 492/447/490
f 487/459/504 484/452/503 493/448/507
f 493/448/507 484/452/503 490/440/505
f 484/452/495 485/453/496 494/468/517
f 485/456/499 486/457/500 494/469/518
f 494/469/518 486/457/500 495/470/519
f 486/461/502 487/459/501 495/471/522
f 496/464/523 498/465/524 497/429/525
f 497/429/525 498/465/524 499/430/526
f 504/472/527 503/416/452 502/437/477
f 503/416/452 504/472/527 480/418/454
f 480/418/454 504/472/527 475/438/480
f 510/473/528 509/433/529 506/423/459
f 506/423/459 509/433/530 478/424/460
f 508/427/463 513/474/531 507/428/464
f 507/428/464 513/474/531 512/475/532
f 501/419/455 502/421/457 500/476/533
f 500/476/533 502/421/457 476/477/534
f 519/418/535 540/416/536 516/417/537
f 516/417/537 540/416/536 518/415/538
f 541/422/539 514/420/540 539/421/541
f 539/421/541 514/420/540 501/419/455
f 520/426/542 517/424/543 505/425/461
f 505/425/461 517/424/543 506/423/459
f 543/427/544 516/417/537 542/428/545
f 516/417/537 518/415/538 542/428/545
f 522/432/546 538/430/546 521/431/546
f 521/431/546 538/430/546 536/429/547
f 544/433/548 517/424/549 543/427/544
f 543/427/544 517/424/549 516/417/537
f 518/415/474 515/435/550 511/434/474
f 511/434/474 515/435/550 500/436/476
f 539/437/551 515/435/552 540/416/536
f 540/416/536 515/435/552 518/415/538
f 520/426/553 514/438/554 519/418/535
f 514/438/555 520/426/542 501/439/481
f 501/439/481 520/426/542 505/425/461
f 529/440/556 528/442/557 530/441/558
f 528/446/559 527/444/560 530/445/561
f 530/445/561 527/444/560 531/443/562
f 531/447/563 527/449/564 532/448/565
f 516/450/566 523/452/567 519/451/568
f 519/451/568 523/452/567 524/453/569
f 519/454/570 524/456/571 520/455/572
f 520/455/572 524/456/571 525/457/573
f 525/461/574 526/459/575 520/460/542
f 520/460/542 526/459/575 517/458/543
f 526/459/576 523/452/577 517/458/578
f 517/458/578 523/452/577 516/450/579
f 522/432/580 521/431/581 532/448/582
f 532/448/582 521/431/581 529/440/583
f 532/448/565 527/449/564 522/432/584
f 527/449/564 537/462/585 522/432/584
f 537/462/585 538/463/585 522/432/584
f 528/446/586 535/464/587 527/444/588
f 527/444/588 535/464/587 537/465/589
f 529/440/556 521/431/590 528/442/557
f 528/442/557 521/431/590 535/466/591
f 521/431/590 536/467/592 535/466/591
f 523/452/567 529/440/556 533/468/593
f 533/468/593 529/440/556 530/441/558
f 533/469/594 530/445/595 534/470/596
f 534/470/596 530/445/595 531/443/597
f 531/447/563 532/448/565 534/471/598
f 534/471/598 532/448/565 526/459/575
f 526/459/576 532/448/582 523/452/577
f 523/452/577 532/448/582 529/440/583
f 523/452/567 533/468/593 524/453/569
f 524/456/571 533/469/594 525/457/573
f 525/457/573 533/469/594 534/470/596
f 525/461/574 534/471/598 526/459/575
f 538/430/599 537/465/600 536/429/601
f 536/429/601 537/465/600 535/464/602
f 541/472/603 539/437/551 540/416/536
f 514/438/554 541/472/603 519/418/535
f 519/418/535 541/472/603 540/416/536
f 517/424/543 544/433/604 506/423/459
f 506/423/459 544/433/604 545/473/605
f 543/427/544 542/428/545 547/474/606
f 547/474/606 542/428/545 546/475/607
f 515/477/608 539/421/541 500/476/533
f 500/476/533 539/421/541 501/419/455
f 559/478/609 560/479/610 577/480/611
f 577/480/611 560/479/610 578/481/612
f 560/479/610 559/482/609 562/483/613
f 562/483/613 559/482/609 561/484/614
f 562/483/613 561/485/614 564/486/615
f 564/486/615 561/485/614 563/487/616
f 564/486/615 563/488/616 566/489/617
f 566/489/617 563/488/616 565/490/618
f 566/489/617 565/491/618 568/492/619
f 568/492/619 565/491/618 567/493/620
f 568/492/619 567/494/620 570/495/621
f 570/495/621 567/494/620 569/496/622
f 570/495/621 569/497/622 572/498/623
f 572/498/623 569/497/622 571/499/624
f 572/498/623 571/500/624 574/501/625
f 574/501/625 571/500/624 573/502/626
f 574/501/625 573/503/626 576/504/627
f 576/504/627 573/503/626 575/505/628
f 576/504/627 575/506/628 578/481/612
f 578/481/612 575/506/628 577/507/611
f 548/508/629 549/509/630 559/482/609
f 559/482/609 549/509/630 561/484/614
f 549/510/630 550/511/631 561/485/614
f 561/485/614 550/511/631 563/487/616
f 550/512/631 551/513/632 563/488/616
f 563/488/616 551/513/632 565/490/618
f 551/514/632 552/515/633 565/491/618
f 565/491/618 552/515/633 567/493/620
f 552/516/633 553/517/634 567/494/620
f 567/494/620 553/517/634 569/496/622
f 553/518/634 554/519/635 569/497/622
f 569/497/622 554/519/635 571/499/624
f 554/520/635 555/521/636 571/500/624
f 571/500/624 555/521/636 573/502/626
f 555/522/636 556/523/637 573/503/626
f 573/503/626 556/523/637 575/505/628
f 556/524/637 557/525/638 575/506/628
f 575/506/628 557/525/638 577/507/611
f 557/526/638 548/527/629 577/480/611
f 577/480/611 548/527/629 559/478/609
f 560/479/610 562/483/613 558/528/4
f 562/483/613 564/486/615 558/528/4
f 564/486/615 566/489/617 558/528/4
f 566/489/617 568/492/619 558/528/4
f 568/492/619 570/495/621 558/528/4
f 570/495/621 572/498/623 558/528/4
f 572/498/623 574/501/625 558/528/4
f 574/501/625 576/504/627 558/528/4
f 576/504/627 578/481/612 558/528/4
f 578/481/612 560/479/610 558/528/4
f 595/529/124 590/530/124 592/531/124
f 592/531/124 590/530/124 591/532/124
f 582/533/639 584/534/640 581/535/641
f 581/535/641 584/534/640 583/536/640
f 586/537/642 584/538/4 582/539/643
f 587/540/5 585/541/644 583/542/5
f 583/542/5 585/541/644 581/543/645
f 584/538/4 586/537/646 580/544/4
f 580/544/4 586/537/646 608/545/4
f 586/537/646 609/546/4 608/545/4
f 585/541/644 587/540/5 606/547/5
f 579/548/5 607/549/5 587/540/5
f 587/540/5 607/549/5 606/547/5
f 605/550/647 595/529/648 600/551/649
f 600/551/649 595/529/648 592/531/648
f 590/552/650 589/553/650 603/554/651
f 603/554/651 589/553/650 604/555/652
f 591/532/653 590/530/653 602/556/654
f 602/556/654 590/530/653 603/557/655
f 591/558/656 602/559/657 588/560/656
f 588/560/656 602/559/657 601/561/658
f 588/562/124 592/531/124 591/532/124
f 592/531/659 588/562/660 600/551/661
f 600/551/661 588/562/660 601/563/662
f 595/529/663 605/550/664 589/564/665
f 589/564/665 605/550/664 604/565/666
f 590/530/124 595/529/124 589/564/124
f 596/566/667 597/567/668 601/563/662
f 601/563/662 597/567/668 600/551/661
f 597/567/669 598/568/670 600/551/649
f 600/551/649 598/568/670 605/550/647
f 605/550/664 598/568/671 604/565/666
f 604/565/666 598/568/671 599/569/672
f 599/570/673 582/539/643 604/555/652
f 604/555/652 582/539/643 603/554/651
f 602/556/654 603/557/655 581/535/641
f 581/535/641 603/557/655 582/533/639
f 596/571/674 601/561/658 581/543/645
f 581/543/645 601/561/658 602/559/657
f 585/572/675 593/573/676 596/566/667
f 596/566/667 593/573/676 597/567/668
f 594/574/677 598/568/670 593/573/678
f 593/573/678 598/568/670 597/567/669
f 598/568/671 594/574/679 599/569/672
f 599/569/672 594/574/679 586/575/675
f 586/537/642 582/539/643 599/570/673
f 581/543/645 585/541/644 596/571/674
f 606/576/680 607/577/681 609/578/682
f 609/578/682 607/577/681 608/579/681
f 579/580/683 580/581/683 607/577/683
f 607/577/683 580/581/683 608/579/683
f 606/576/680 609/578/682 593/573/678
f 593/573/678 609/578/682 594/574/677
f 606/576/124 593/573/676 585/572/675
f 594/574/679 609/578/124 586/575/675
f 619/582/684 610/583/685 629/584/686
f 629/584/686 610/583/685 620/585/687
f 610/583/685 611/586/631 620/585/687
f 620/585/687 611/586/631 621/587/688
f 611/586/631 612/588/689 621/587/688
f 621/587/688 612/588/689 622/589/690
f 613/590/691 623/591/692 612/592/689
f 612/592/689 623/591/692 622/593/690
f 614/594/693 624/595/694 613/590/691
f 613/590/691 624/595/694 623/591/692
f 614/594/693 615/596/637 624/595/694
f 624/595/694 615/596/637 625/597/695
f 615/596/637 616/598/636 625/597/695
f 625/597/695 616/598/636 626/599/696
f 616/598/636 617/600/635 626/599/696
f 626/599/696 617/600/635 627/601/697
f 617/600/635 618/602/698 627/601/697
f 627/601/697 618/602/698 628/603/699
f 618/602/698 619/582/684 628/603/699
f 628/603/699 619/582/684 629/584/686
f 629/584/686 620/585/687 639/604/700
f 639/604/700 620/585/687 630/605/701
f 620/585/687 621/587/688 630/605/701
f 630/605/701 621/587/688 631/606/702
f 621/587/688 622/589/690 631/606/702
f 631/606/702 622/589/690 632/607/703
f 622/593/690 623/591/692 632/608/703
f 632/608/703 623/591/692 633/609/704
f 623/591/692 624/595/694 633/609/704
f 633/609/704 624/595/694 634/610/705
f 624/595/694 625/597/695 634/610/705
f 634/610/705 625/597/695 635/611/706
f 625/597/695 626/599/696 635/611/706
f 635/611/706 626/599/696 636/612/707
f 626/599/696 627/601/697 636/612/707
f 636/612/707 627/601/697 637/613/708
f 627/601/697 628/603/699 637/613/708
f 637/613/708 628/603/699 638/614/709
f 628/603/699 629/584/686 638/614/709
f 638/614/709 629/584/686 639/604/700
f 640/615/63 641/616/710 650/617/711
f 650/617/711 641/616/710 651/618/712
f 641/619/710 642/620/631 651/621/712
f 651/621/712 642/620/631 652/622/713
f 642/620/631 643/623/714 652/622/713
f 652/622/713 643/623/714 653/624/715
f 644/625/716 654/626/717 643/623/714
f 643/623/714 654/626/717 653/624/715
f 645/627/718 655/628/719 644/625/716
f 644/625/716 655/628/719 654/626/717
f 645/627/718 646/629/635 655/628/719
f 655/628/719 646/629/635 656/630/720
f 646/629/635 647/631/636 656/630/720
f 656/630/720 647/631/636 657/632/721
f 647/631/636 648/633/637 657/632/721
f 657/632/721 648/633/637 658/634/722
f 648/633/637 649/635/723 658/634/722
f 658/634/722 649/635/723 659/636/724
f 649/635/723 640/615/63 659/636/724
f 659/636/724 640/615/63 650/617/711
f 650/617/711 651/618/712 660/637/725
f 660/637/725 651/618/712 661/638/726
f 651/621/712 652/622/713 661/639/726
f 661/639/726 652/622/713 662/640/727
f 652/622/713 653/624/715 662/640/727
f 662/640/727 653/624/715 663/641/728
f 653/624/715 654/626/717 663/641/728
f 663/641/728 654/626/717 664/642/729
f 654/626/717 655/628/719 664/642/729
f 664/642/729 655/628/719 665/643/730
f 655/628/719 656/630/720 665/643/730
f 665/643/730 656/630/720 666/644/731
f 656/630/720 657/632/721 666/644/731
f 666/644/731 657/632/721 667/645/732
f 657/632/721 658/634/722 667/645/732
f 667/645/732 658/634/722 668/646/733
f 658/634/722 659/636/724 668/646/733
f 668/646/733 659/636/724 669/647/734
f 659/636/724 650/617/711 669/647/734
f 669/647/734 650/617/711 660/637/725
f 633/609/704 660/637/725 632/608/703
f 632/608/703 660/637/725 661/638/726
f 632/607/703 661/639/726 631/606/702
f 631/606/702 661/639/726 662/640/727
f 631/606/702 662/640/727 630/605/701
f 630/605/701 662/640/727 663/641/728
f 630/605/701 663/641/728 639/604/700
f 639/604/700 663/641/728 664/642/729
f 639/604/700 664/642/729 638/614/709
f 638/614/709 664/642/729 665/643/730
f 638/614/709 665/643/730 637/613/708
f 637/613/708 665/643/730 666/644/731
f 637/613/708 666/644/731 636/612/707
f 636/612/707 666/644/731 667/645/732
f 636/612/707 667/645/732 635/611/706
f 635/611/706 667/645/732 668/646/733
f 635/611/706 668/646/733 634/610/705
f 634/610/705 668/646/733 669/647/734
f 634/610/705 669/647/734 633/609/704
f 633/609/704 669/647/734 660/637/725
f 687/648/683 697/649/683 688/650/683
f 688/650/683 697/649/683 698/651/683
f 686/652/735 673/653/736 685/654/737
f 685/654/737 673/653/736 675/655/738
f 700/656/739 701/657/740 675/655/738
f 675/655/738 701/657/740 685/654/737
f 700/658/741 675/659/742 699/660/743
f 699/660/743 675/659/742 673/661/744
f 704/662/745 691/663/746 674/664/747
f 674/664/747 691/663/746 672/665/748
f 679/666/749 703/667/750 674/668/751
f 674/668/751 703/667/750 704/669/752
f 672/670/753 680/671/754 674/668/751
f 674/668/751 680/671/754 679/666/749
f 692/672/683 693/673/683 690/674/683
f 690/674/683 693/673/683 689/675/683
f 703/667/750 679/666/749 702/676/755
f 702/676/755 679/666/749 682/677/756
f 680/671/754 683/678/757 679/666/749
f 679/666/749 683/678/757 682/677/756
f 694/679/758 695/680/759 680/681/760
f 680/681/760 695/680/759 683/682/761
f 701/657/740 702/676/755 685/654/737
f 685/654/737 702/676/755 682/677/756
f 683/678/757 686/652/735 682/677/756
f 682/677/756 686/652/735 685/654/737
f 683/682/761 695/680/759 686/683/762
f 686/683/762 695/680/759 696/684/763
f 696/684/764 697/649/765 686/683/766
f 686/683/766 697/649/765 687/648/767
f 699/660/743 673/661/744 698/651/768
f 698/651/768 673/661/744 688/650/769
f 686/652/735 687/685/770 673/653/736
f 673/653/736 687/685/770 688/686/771
f 694/679/772 680/681/773 693/673/774
f 693/673/774 680/681/773 689/675/775
f 672/670/753 690/687/776 680/671/754
f 680/671/754 690/687/776 689/688/777
f 691/663/746 692/672/778 672/665/748
f 672/665/748 692/672/778 690/674/779
f 677/689/780 700/658/741 671/690/781
f 671/690/781 700/658/741 699/660/743
f 684/691/782 701/657/740 677/692/783
f 677/692/783 701/657/740 700/656/739
f 681/693/784 702/676/755 684/691/782
f 684/691/782 702/676/755 701/657/740
f 678/694/785 703/667/750 681/693/784
f 681/693/784 703/667/750 702/676/755
f 703/667/750 678/694/785 704/669/752
f 704/669/752 678/694/785 676/695/786
f 676/696/787 670/697/788 704/662/745
f 704/662/745 670/697/788 691/663/746
f 722/648/683 723/650/683 732/649/683
f 732/649/683 723/650/683 733/651/683
f 710/655/789 708/653/790 720/654/791
f 720/654/791 708/653/790 721/652/792
f 735/656/793 710/655/789 736/657/794
f 736/657/794 710/655/789 720/654/791
f 708/661/795 710/659/796 734/660/797
f 734/660/797 710/659/796 735/658/798
f 739/662/799 709/664/800 726/663/801
f 726/663/801 709/664/800 707/665/802
f 739/669/803 738/667/804 709/668/805
f 709/668/805 738/667/804 714/666/806
f 707/670/807 709/668/805 715/671/808
f 715/671/808 709/668/805 714/666/806
f 727/672/683 725/674/683 728/673/683
f 728/673/683 725/674/683 724/675/683
f 717/677/809 714/666/806 737/676/810
f 737/676/810 714/666/806 738/667/804
f 717/677/809 718/678/811 714/666/806
f 714/666/806 718/678/811 715/671/808
f 718/682/812 730/680/813 715/681/814
f 715/681/814 730/680/813 729/679/815
f 736/657/794 720/654/791 737/676/810
f 737/676/810 720/654/791 717/677/809
f 720/654/791 721/652/792 717/677/809
f 717/677/809 721/652/792 718/678/811
f 718/682/812 721/683/816 730/680/813
f 730/680/813 721/683/816 731/684/817
f 722/648/767 732/649/818 721/683/819
f 721/683/819 732/649/818 731/684/820
f 723/650/769 708/661/821 733/651/822
f 733/651/823 708/661/795 734/660/797
f 723/686/824 722/685/825 708/653/790
f 708/653/790 722/685/825 721/652/792
f 724/675/775 715/681/826 728/673/827
f 728/673/827 715/681/826 729/679/828
f 724/688/829 725/687/830 715/671/808
f 715/671/808 725/687/830 707/670/807
f 725/674/779 727/672/831 707/665/802
f 707/665/802 727/672/831 726/663/801
f 734/660/797 735/658/798 706/690/832
f 706/690/832 735/658/798 712/689/833
f 719/691/834 712/692/835 736/657/794
f 736/657/794 712/692/835 735/656/793
f 716/693/836 719/691/834 737/676/810
f 737/676/810 719/691/834 736/657/794
f 713/694/837 716/693/836 738/667/804
f 738/667/804 716/693/836 737/676/810
f 711/695/838 713/694/837 739/669/803
f 739/669/803 713/694/837 738/667/804
f 711/696/839 739/662/799 705/697/840
f 705/697/840 739/662/799 726/663/801
f 740/698/841 741/699/842 752/700/843
f 752/700/843 741/699/842 753/701/842
f 741/699/842 742/702/844 753/701/842
f 753/701/842 742/702/844 754/703/845
f 765/704/846 766/705/847 772/706/848
f 772/706/848 766/705/847 770/707/849
f 743/708/850 744/709/851 755/710/850
f 755/710/850 744/709/851 756/711/851
f 744/709/851 745/712/852 756/711/851
f 756/711/851 745/712/852 757/713/852
f 745/712/852 746/714/853 757/713/852
f 757/713/852 746/714/853 758/715/854
f 746/714/853 747/716/855 758/715/854
f 758/715/854 747/716/855 759/717/855
f 747/716/855 748/718/856 759/717/855
f 759/717/857 748/718/856 760/719/856
f 767/720/858 768/721/859 778/722/860
f 778/722/860 768/721/859 776/723/861
f 749/724/862 750/725/863 761/726/862
f 761/726/862 750/725/863 762/727/863
f 750/725/863 751/728/864 762/727/863
f 762/727/863 751/728/864 763/729/864
f 751/728/864 740/698/841 763/729/864
f 763/729/864 740/698/841 752/700/843
f 752/730/124 753/731/124 764/732/124
f 753/731/124 754/733/124 764/732/124
f 754/733/124 755/734/124 764/732/124
f 755/734/124 756/735/124 764/732/124
f 756/735/124 757/736/124 764/732/124
f 757/736/124 758/737/124 764/732/124
f 758/737/124 759/738/124 764/732/124
f 759/738/124 760/739/124 764/732/124
f 760/739/124 761/740/124 764/732/124
f 761/740/124 762/741/124 764/732/124
f 762/741/124 763/742/124 764/732/124
f 763/742/124 752/730/124 764/732/124
f 755/734/124 754/733/124 771/743/865
f 771/743/865 754/733/124 774/744/865
f 761/740/124 760/739/124 777/745/866
f 777/745/866 760/739/124 780/746/866
f 770/707/867 769/747/868 772/706/867
f 772/706/867 769/747/868 773/748/868
f 769/747/868 771/743/865 773/748/868
f 773/748/868 771/743/865 774/744/865
f 776/723/869 775/749/870 778/722/869
f 778/722/869 775/749/870 779/750/870
f 775/749/870 777/745/866 779/750/870
f 779/750/870 777/745/866 780/746/866
f 766/751/847 743/708/871 770/752/849
f 770/752/872 743/708/871 769/753/871
f 769/753/871 743/708/871 771/754/871
f 743/708/871 755/710/871 771/754/871
f 742/702/844 765/755/846 754/703/845
f 754/703/845 765/755/846 774/756/873
f 765/755/846 772/757/848 774/756/873
f 772/757/848 773/758/873 774/756/873
f 768/759/859 749/724/873 776/760/861
f 776/760/861 749/724/873 775/761/873
f 775/761/873 749/724/873 777/762/873
f 749/724/873 761/726/873 777/762/873
f 760/719/871 748/718/871 780/763/871
f 767/764/858 778/765/860 748/718/871
f 778/765/860 779/766/871 748/718/871
f 748/718/871 779/766/871 780/763/871
f 784/767/874 786/768/875 783/769/876
f 783/769/876 786/768/875 785/770/877
f 785/770/877 786/768/875 792/771/878
f 792/771/878 786/768/875 791/772/879
f 787/773/880 788/774/881 790/775/882
f 790/775/882 788/774/881 789/776/883
f 789/776/883 793/777/884 790/775/882
f 790/775/882 793/777/884 794/778/885
f 786/768/875 790/775/882 791/772/879
f 791/772/879 790/775/882 794/778/885
f 793/777/884 789/776/883 782/779/4
f 782/779/4 789/776/883 788/774/881
f 792/771/878 781/780/5 785/770/877
f 785/770/877 781/780/5 783/769/876
f 786/768/875 784/767/874 790/775/882
f 790/775/882 784/767/874 787/773/880
f 797/781/886 798/782/886 795/783/887
f 795/783/887 798/782/886 796/784/888
f 799/785/889 800/786/889 804/787/890
f 804/787/890 800/786/889 803/788/891
f 800/786/892 799/789/893 801/790/894
f 801/790/894 799/789/893 802/791/895
f 801/790/896 802/792/896 805/793/896
f 805/793/896 802/792/896 806/794/896
f 804/795/890 803/788/891 806/796/897
f 806/796/897 803/788/891 805/793/897
f 795/797/887 796/798/888 799/789/893
f 799/789/893 796/798/888 802/791/895
f 800/786/892 801/790/894 803/788/898
f 803/788/898 801/790/894 805/793/898
f 804/795/899 806/796/900 797/799/899
f 797/799/899 806/796/900 798/800/900
f 796/801/4 798/802/4 802/792/4
f 802/792/4 798/802/4 806/794/4
f 797/803/899 795/804/5 804/787/899
f 804/787/899 795/804/5 799/785/5
f 807/805/901 808/806/902 817/807/903
f 817/807/903 808/806/902 818/808/904
f 808/806/902 809/809/905 818/808/904
f 818/808/904 809/809/905 819/810/906
f 810/811/907 820/812/908 809/809/905
f 809/809/905 820/812/908 819/810/906
f 811/813/909 821/814/910 810/811/907
f 810/811/907 821/814/910 820/812/908
f 812/815/911 822/816/912 811/817/909
f 811/817/909 822/816/912 821/818/910
f 813/819/913 823/820/914 812/815/911
f 812/815/911 823/820/914 822/816/912
f 813/819/913 814/821/915 823/820/914
f 823/820/914 814/821/915 824/822/916
f 814/821/915 815/823/917 824/822/916
f 824/822/916 815/823/917 825/824/918
f 815/823/917 816/825/919 825/824/918
f 825/824/918 816/825/919 826/826/920
f 816/827/919 807/805/901 826/828/920
f 826/828/920 807/805/901 817/807/903
f 817/807/903 818/808/904 827/829/921
f 827/829/921 818/808/904 829/830/922
f 827/831/921 829/832/922 828/833/923
f 828/833/923 829/832/922 830/834/924
f 818/808/904 819/810/906 829/830/922
f 829/830/922 819/810/906 831/835/925
f 829/832/922 831/836/925 830/834/924
f 830/834/924 831/836/925 832/837/926
f 819/810/906 820/812/908 831/835/925
f 831/835/925 820/812/908 833/838/927
f 831/836/925 833/839/927 832/837/926
f 832/837/926 833/839/927 834/840/928
f 820/812/908 821/814/910 833/838/927
f 833/838/927 821/814/910 835/841/929
f 833/839/927 835/842/929 834/840/928
f 834/840/928 835/842/929 836/843/930
f 821/818/910 822/816/912 835/844/929
f 835/844/929 822/816/912 837/845/931
f 835/846/929 837/847/931 836/848/930
f 836/848/930 837/847/931 838/849/932
f 822/816/912 823/820/914 837/845/931
f 837/847/931 823/850/914 838/849/932
f 824/822/916 825/824/918 839/851/933
f 824/852/916 839/853/933 840/854/934
f 825/824/918 826/826/920 839/851/933
f 839/851/933 826/826/920 841/855/935
f 839/853/933 841/856/935 840/854/934
f 840/854/934 841/856/935 842/857/936
f 826/828/920 817/807/903 841/858/935
f 841/858/935 817/807/903 827/829/921
f 841/859/935 827/831/921 842/860/936
f 842/860/936 827/831/921 828/833/923
f 830/834/924 844/861/937 828/833/923
f 828/833/923 844/861/937 843/862/938
f 830/834/924 832/837/926 844/861/937
f 844/861/937 832/837/926 845/863/939
f 832/837/926 834/840/928 845/863/939
f 845/863/939 834/840/928 846/864/940
f 834/840/928 836/843/930 846/864/940
f 846/864/940 836/843/930 847/865/941
f 836/848/930 838/849/932 847/866/941
f 847/866/941 838/849/932 848/867/942
f 838/849/932 823/850/914 848/867/942
f 848/867/942 823/850/914 849/868/943
f 823/850/914 824/852/916 849/868/943
f 849/868/943 824/852/916 850/869/944
f 840/854/934 851/870/945 824/852/916
f 824/852/916 851/870/945 850/869/944
f 842/857/936 852/871/946 840/854/934
f 840/854/934 852/871/946 851/870/945
f 828/833/923 843/862/938 842/860/936
f 842/860/936 843/862/938 852/872/946
f 873/873/947 874/874/948 892/875/949
f 892/875/949 874/874/948 891/876/950
f 874/874/948 875/877/951 891/876/950
f 891/876/950 875/877/951 890/878/952
f 875/877/951 876/879/953 890/878/952
f 890/878/952 876/879/953 889/880/954
f 876/879/953 877/881/955 889/880/954
f 889/880/954 877/881/955 888/882/956
f 877/881/955 878/883/957 888/882/956
f 888/882/956 878/883/957 887/884/958
f 878/883/957 879/885/959 887/884/958
f 887/884/958 879/885/959 886/886/960
f 879/885/959 880/887/961 886/886/960
f 886/886/960 880/887/961 885/888/962
f 880/887/961 881/889/963 885/888/962
f 885/888/962 881/889/963 884/890/964
f 881/889/963 882/891/965 884/890/964
f 884/890/964 882/891/965 883/892/966
f 882/893/965 873/873/947 883/894/966
f 883/894/966 873/873/947 892/875/949
f 903/895/967 905/896/967 904/897/967
f 905/896/967 906/898/967 904/897/967
f 906/898/967 907/899/967 904/897/967
f 907/899/967 908/900/967 904/897/967
f 908/900/967 909/901/967 904/897/967
f 909/901/967 910/902/967 904/897/967
f 910/902/967 911/903/967 904/897/967
f 911/903/967 912/904/967 904/897/967
f 912/904/967 913/905/967 904/897/967
f 913/905/967 903/895/967 904/897/967
f 853/906/968 854/907/969 873/873/970
f 873/873/970 854/907/969 874/874/969
f 854/907/969 855/908/971 874/874/969
f 874/874/969 855/908/971 875/877/972
f 855/908/971 856/909/973 875/877/972
f 875/877/972 856/909/973 876/879/973
f 856/909/973 857/910/974 876/879/973
f 876/879/973 857/910/974 877/881/975
f 857/910/974 858/911/976 877/881/975
f 877/881/975 858/911/976 878/883/976
f 858/911/976 859/912/977 878/883/976
f 878/883/976 859/912/977 879/885/978
f 859/912/977 860/913/979 879/885/978
f 879/885/978 860/913/979 880/887/980
f 860/913/979 861/914/981 880/887/980
f 880/887/980 861/914/981 881/889/981
f 861/914/981 862/915/982 881/889/981
f 881/889/981 862/915/982 882/891/982
f 862/916/982 853/906/968 882/893/982
f 882/893/982 853/906/968 873/873/970
f 883/894/983 892/875/984 872/917/985
f 872/917/985 892/875/984 863/918/986
f 884/890/987 883/892/983 871/919/988
f 871/919/988 883/892/983 872/920/985
f 885/888/989 884/890/987 870/921/990
f 870/921/990 884/890/987 871/919/988
f 886/886/991 885/888/989 869/922/992
f 869/922/992 885/888/989 870/921/990
f 887/884/993 886/886/991 868/923/994
f 868/923/994 886/886/991 869/922/992
f 888/882/995 887/884/993 867/924/996
f 867/924/996 887/884/993 868/923/994
f 889/880/997 888/882/995 866/925/998
f 866/925/998 888/882/995 867/924/996
f 890/878/999 889/880/997 865/926/1000
f 865/926/1000 889/880/997 866/925/998
f 891/876/1001 890/878/999 864/927/1002
f 864/927/1002 890/878/999 865/926/1000
f 892/875/984 891/876/1001 863/918/986
f 863/918/986 891/876/1001 864/927/1002
f 863/918/1003 864/927/1004 893/928/1005
f 893/928/1005 864/927/1004 894/929/1006
f 864/927/1004 865/926/1007 894/929/1006
f 894/929/1006 865/926/1007 895/930/1008
f 865/926/1007 866/925/1009 895/930/1008
f 895/930/1008 866/925/1009 896/931/1010
f 866/925/1009 867/924/1011 896/931/1010
f 896/931/1010 867/924/1011 897/932/1012
f 867/924/1011 868/923/1013 897/932/1012
f 897/932/1012 868/923/1013 898/933/1014
f 868/923/1013 869/922/1015 898/933/1014
f 898/933/1014 869/922/1015 899/934/1016
f 869/922/1015 870/921/1017 899/934/1016
f 899/934/1016 870/921/1017 900/935/1018
f 870/921/1017 871/919/1019 900/935/1018
f 900/935/1018 871/919/1019 901/936/1020
f 871/919/1019 872/920/1021 901/936/1020
f 901/936/1020 872/920/1021 902/937/1022
f 872/917/1021 863/918/1003 902/938/1022
f 902/938/1022 863/918/1003 893/928/1005
f 893/939/1023 894/940/1024 903/941/1025
f 903/941/1025 894/940/1024 905/942/1026
f 894/940/1024 895/943/1027 905/942/1026
f 905/942/1026 895/943/1027 906/898/1028
f 895/943/1027 896/944/1029 906/898/1028
f 906/898/1028 896/944/1029 907/899/1030
f 896/944/1029 897/945/1031 907/899/1030
f 907/899/1030 897/945/1031 908/946/1032
f 897/945/1031 898/947/1033 908/946/1032
f 908/946/1032 898/947/1033 909/948/1034
f 898/947/1033 899/949/1035 909/948/1034
f 909/948/1034 899/949/1035 910/950/1036
f 899/949/1035 900/951/1037 910/950/1036
f 910/950/1036 900/951/1037 911/952/1038
f 900/951/1037 901/953/1039 911/952/1038
f 911/952/1038 901/953/1039 912/954/1040
f 901/953/1039 902/955/1041 912/954/1040
f 912/954/1040 902/955/1041 913/956/1042
f 902/957/1041 893/939/1023 913/958/1042
f 913/958/1042 893/939/1023 903/941/1025
f 914/959/1043 915/960/1044 916/961/1045
f 916/961/1045 915/960/1044 917/962/1046
f 922/963/124 919/964/124 918/965/124
f 918/966/1047 919/967/1047 920/968/1047
f 920/968/1047 919/967/1047 921/969/1047
f 920/970/44 921/971/44 923/972/44
f 920/968/1048 923/972/1048 918/966/1048
f 918/966/1048 923/972/1048 922/963/1048
f 917/973/1046 919/964/124 924/974/124
f 924/974/124 919/964/124 922/963/124
f 923/972/44 921/971/44 925/975/44
f 925/975/44 921/971/44 915/976/1044
f 922/963/1049 923/972/1049 924/974/1050
f 924/974/1050 923/972/1049 925/975/1050
f 916/977/1045 917/973/1046 924/974/124
f 925/975/44 915/976/1044 914/978/1043
f 924/974/1050 925/975/1050 916/961/1051
f 916/961/1051 925/975/1050 914/959/1051
f 946/979/1052 947/980/1053 952/981/1054
f 952/981/1054 947/980/1053 951/982/1054
f 962/983/1055 963/984/1056 961/985/1057
f 961/985/1057 963/984/1056 964/986/1058
f 942/987/44 943/988/44 950/989/44
f 950/989/44 943/988/44 949/990/44
f 928/991/1059 931/992/1060 940/993/1061
f 940/993/1061 931/992/1060 939/994/1062
f 932/995/1063 933/996/1063 938/997/1064
f 938/997/1064 933/996/1063 941/998/1065
f 959/999/1066 960/1000/1066 930/1001/1067
f 930/1001/1067 960/1000/1066 929/1002/1067
f 943/1003/118 957/1004/1068 949/1005/118
f 949/1005/118 957/1004/1068 958/1006/1069
f 934/1007/1070 935/1008/1070 955/1009/1071
f 955/1009/1071 935/1008/1070 954/1010/1072
f 927/1011/1073 926/1012/1073 934/1007/1074
f 934/1007/1074 926/1012/1073 935/1008/1074
f 933/1013/1063 932/1014/1063 936/1015/1075
f 936/1015/1075 932/1014/1063 937/1016/1075
f 955/1017/118 956/1018/118 934/1019/118
f 934/1019/118 956/1018/118 927/1020/118
f 946/1021/118 952/1022/118 945/1023/1076
f 945/1023/1076 952/1022/118 953/1024/1077
f 946/979/1052 938/997/1064 947/980/1053
f 947/980/1053 938/997/1064 941/998/1065
f 927/1011/1073 943/988/44 926/1012/1073
f 926/1012/1073 943/988/44 942/987/44
f 957/1004/1068 943/1003/118 956/1018/118
f 956/1018/118 943/1003/118 927/1020/118
f 938/1025/118 945/1023/1076 932/1026/118
f 932/1026/118 945/1023/1076 944/1027/1078
f 946/1021/118 945/1023/1076 938/1025/118
f 949/1005/118 958/1006/1069 930/1028/118
f 930/1028/118 958/1006/1069 959/1029/118
f 950/989/44 949/990/44 929/1002/1067
f 929/1002/1067 949/990/44 930/1001/1067
f 939/1030/1062 952/981/1054 940/1031/1061
f 940/1031/1061 952/981/1054 951/982/1054
f 953/1024/1077 952/1022/118 939/1032/118
f 953/1024/1077 939/1032/118 948/1033/1079
f 948/1033/1079 939/1032/118 931/1034/118
f 955/1009/1071 954/1010/1072 937/1016/1075
f 937/1016/1075 954/1010/1072 936/1015/1075
f 932/1026/118 956/1018/118 937/1035/118
f 937/1035/118 956/1018/118 955/1017/118
f 944/1027/1078 957/1004/1068 932/1026/118
f 932/1026/118 957/1004/1068 956/1018/118
f 965/1036/1080 961/985/1057 966/1037/1081
f 966/1037/1081 961/985/1057 964/986/1058
f 958/1006/1069 948/1033/1079 959/1029/118
f 959/1029/118 948/1033/1079 931/1034/118
f 928/991/1059 960/1000/1066 931/992/1060
f 931/992/1060 960/1000/1066 959/999/1066
f 945/1038/1076 962/983/1055 944/1039/1078
f 944/1039/1078 962/983/1055 961/985/1057
f 945/1040/1076 953/1041/1077 962/983/1055
f 962/983/1055 953/1041/1077 963/984/1056
f 948/1042/1079 964/986/1058 953/1043/1077
f 953/1043/1077 964/986/1058 963/984/1056
f 958/1044/1069 957/1045/1068 966/1037/1081
f 966/1037/1081 957/1045/1068 965/1036/1080
f 957/1045/1068 944/1046/1078 965/1036/1080
f 965/1036/1080 944/1046/1078 961/985/1057
f 958/1044/1069 966/1037/1081 948/1047/1079
f 948/1047/1079 966/1037/1081 964/986/1058
f 967/1048/1082 968/1049/1082 969/1050/1082
f 969/1050/1082 968/1049/1082 970/1051/1082
f 969/1050/124 970/1051/124 971/1052/124
f 971/1052/124 970/1051/124 972/1053/124
f 971/1052/1083 972/1053/1083 973/1054/1083
f 973/1054/1083 972/1053/1083 974/1055/1083
f 968/1056/1084 974/1055/1085 970/1057/1086
f 970/1057/1086 974/1055/1087 972/1053/1088
f 967/1058/1089 969/1059/1090 973/1054/1091
f 973/1054/1091 969/1059/1090 971/1052/1092
f 976/1060/683 978/1061/683 975/1062/683
f 975/1062/683 978/1061/683 977/1063/683
f 977/1064/1093 978/1061/1093 979/1065/1093
f 979/1065/1093 978/1061/1093 980/1066/1093
f 979/1067/118 980/1066/118 981/1068/118
f 981/1068/118 980/1066/118 982/1069/118
f 976/1060/1094 982/1069/1094 978/1061/1094
f 978/1061/1094 982/1069/1094 980/1066/1094
f 992/1070/1095 983/1071/1096 1002/1072/1097
f 1002/1072/1097 983/1071/1096 993/1073/1098
f 983/1074/1096 984/1075/1099 993/1073/1098
f 993/1073/1098 984/1075/1099 994/1076/1100
f 984/1077/1099 985/1078/1101 994/1076/1100
f 994/1076/1100 985/1078/1101 995/1079/1102
f 985/1080/1101 986/1081/1103 995/1079/1102
f 995/1079/1102 986/1081/1103 996/1082/1104
f 986/1083/1103 987/1084/1105 996/1082/1104
f 996/1082/1104 987/1084/1105 997/1085/1106
f 988/1086/1107 998/1087/1108 987/1088/1105
f 987/1088/1105 998/1087/1108 997/1085/1106
f 989/1089/1109 999/1090/1110 988/1091/1107
f 988/1091/1107 999/1090/1110 998/1087/1108
f 990/1092/1111 1000/1093/1112 989/1094/1109
f 989/1094/1109 1000/1093/1112 999/1090/1110
f 991/1095/1113 1001/1096/1114 990/1097/1111
f 990/1097/1111 1001/1096/1114 1000/1093/1112
f 992/1098/1095 1002/1072/1097 991/1099/1113
f 991/1099/1113 1002/1072/1097 1001/1096/1114
f 1002/1072/1115 993/1073/1115 1003/1100/1115
f 993/1073/1115 994/1076/1115 1003/1100/1115
f 994/1076/1115 995/1079/1115 1003/1100/1115
f 995/1079/1115 996/1082/1115 1003/1100/1115
f 996/1082/1115 997/1085/1115 1003/1100/1115
f 997/1085/1115 998/1087/1115 1003/1100/1115
f 998/1087/1115 999/1090/1115 1003/1100/1115
f 999/1090/1115 1000/1093/1115 1003/1100/1115
f 1000/1093/1115 1001/1096/1115 1003/1100/1115
f 1001/1096/1115 1002/1072/1115 1003/1100/1115
f 1004/1101/1116 1005/1102/1117 1006/1103/1118
f 1006/1103/1118 1005/1102/1117 1007/1104/1119
f 1006/1103/1118 1007/1104/1119 1008/1105/1120
f 1008/1105/1120 1007/1104/1119 1009/1106/1120
f 1008/1105/1120 1009/1106/1120 1010/1107/1121
f 1010/1107/1121 1009/1106/1120 1011/1108/1121
f 1011/1109/1122 1009/1106/1122 1005/1110/1117
f 1005/1110/1117 1009/1106/1122 1007/1104/1119
f 1010/1111/1123 1004/1112/1116 1008/1105/1123
f 1008/1105/1123 1004/1112/1116 1006/1103/1118
f 1012/1113/1124 1013/1114/1125 1024/1115/1126
f 1024/1115/1126 1013/1114/1125 1025/1116/1127
f 1013/1114/1125 1014/1117/1128 1025/1116/1127
f 1025/1116/1127 1014/1117/1128 1026/1118/1129
f 1014/1119/1128 1015/1120/1130 1026/1121/1129
f 1026/1121/1129 1015/1120/1130 1027/1122/1131
f 1015/1120/1130 1016/1123/1132 1027/1122/1131
f 1027/1122/1131 1016/1123/1132 1028/1124/1133
f 1016/1123/1132 1036/1125/1134 1028/1124/1133
f 1028/1124/1133 1036/1125/1134 1037/1126/1135
f 1017/1127/1136 1018/1128/1137 1029/1129/1138
f 1029/1129/1138 1018/1128/1137 1030/1130/1139
f 1018/1128/1137 1019/1131/1140 1030/1130/1139
f 1030/1130/1139 1019/1131/1140 1031/1132/1141
f 1019/1131/1140 1020/1133/1142 1031/1132/1141
f 1031/1132/1141 1020/1133/1142 1032/1134/1143
f 1020/1133/1142 1021/1135/1144 1032/1134/1143
f 1032/1134/1143 1021/1135/1144 1033/1136/1145
f 1021/1135/1144 1022/1137/1146 1033/1136/1145
f 1033/1136/1145 1022/1137/1146 1034/1138/1147
f 1022/1137/1146 1023/1139/1148 1034/1138/1147
f 1034/1138/1147 1023/1139/1148 1035/1140/1149
f 1038/1141/1150 1012/1113/1124 1039/1142/1151
f 1039/1142/1151 1012/1113/1124 1024/1115/1126
f 1050/1143/1152 1052/1144/1153 1051/1145/1154
f 1052/1144/1153 1053/1146/1155 1051/1145/1154
f 1053/1146/1155 1054/1147/1156 1051/1145/1154
f 1055/1148/1157 1056/1149/1158 1057/1150/1154
f 1056/1149/1158 1058/1151/1159 1057/1150/1154
f 1058/1151/1159 1059/1152/1160 1057/1150/1154
f 1059/1152/1160 1060/1153/1161 1057/1150/1154
f 1061/1154/1162 1050/1143/1152 1051/1145/1154
f 1057/1150/1154 1051/1145/1154 1055/1148/1157
f 1055/1148/1157 1051/1145/1154 1054/1147/1156
f 1060/1153/1161 1061/1154/1162 1057/1150/1154
f 1057/1150/1154 1061/1154/1162 1051/1145/1154
f 1023/1139/1148 1038/1141/1150 1035/1140/1149
f 1035/1140/1149 1038/1141/1150 1039/1142/1151
f 1029/1129/1138 1037/1126/1135 1017/1127/1136
f 1017/1127/1136 1037/1126/1135 1036/1125/1134
f 1024/1155/1126 1025/1156/1127 1040/1157/1163
f 1026/1158/1129 1041/1159/1164 1025/1156/1127
f 1025/1156/1127 1041/1159/1164 1040/1157/1163
f 1026/1158/1129 1027/1160/1131 1041/1159/1164
f 1041/1159/1164 1027/1160/1131 1042/1161/1165
f 1027/1160/1131 1028/1162/1133 1042/1161/1165
f 1037/1163/1135 1043/1164/1166 1028/1162/1133
f 1028/1162/1133 1043/1164/1166 1042/1161/1165
f 1043/1164/1166 1037/1163/1135 1044/1165/1167
f 1044/1165/1167 1037/1163/1135 1029/1166/1138
f 1029/1166/1138 1030/1167/1139 1044/1165/1167
f 1044/1165/1167 1030/1167/1139 1045/1168/1168
f 1030/1167/1139 1031/1169/1141 1045/1168/1168
f 1032/1170/1143 1046/1171/1169 1031/1169/1141
f 1031/1169/1141 1046/1171/1169 1045/1168/1168
f 1032/1170/1143 1033/1172/1145 1046/1171/1169
f 1046/1171/1169 1033/1172/1145 1047/1173/1170
f 1033/1172/1145 1034/1174/1147 1047/1173/1170
f 1035/1175/1149 1048/1176/1171 1034/1174/1147
f 1034/1174/1147 1048/1176/1171 1047/1173/1170
f 1035/1175/1149 1039/1177/1151 1048/1176/1171
f 1048/1176/1171 1039/1177/1151 1049/1178/1172
f 1039/1177/1151 1024/1155/1126 1049/1178/1172
f 1049/1178/1172 1024/1155/1126 1040/1157/1163
f 1041/1159/1164 1052/1179/1153 1040/1157/1163
f 1040/1157/1163 1052/1179/1153 1050/1180/1152
f 1041/1159/1164 1042/1161/1165 1052/1179/1153
f 1052/1179/1153 1042/1161/1165 1053/1181/1155
f 1042/1161/1165 1043/1164/1166 1053/1181/1155
f 1053/1181/1155 1043/1164/1166 1054/1182/1156
f 1045/1168/1168 1056/1183/1158 1044/1165/1167
f 1044/1165/1167 1056/1183/1158 1055/1184/1157
f 1046/1171/1169 1058/1185/1159 1045/1168/1168
f 1045/1168/1168 1058/1185/1159 1056/1183/1158
f 1046/1171/1169 1047/1173/1170 1058/1185/1159
f 1058/1185/1159 1047/1173/1170 1059/1186/1160
f 1047/1173/1170 1048/1176/1171 1059/1186/1160
f 1059/1186/1160 1048/1176/1171 1060/1187/1161
f 1040/1157/1163 1050/1180/1152 1049/1178/1172
f 1049/1178/1172 1050/1180/1152 1061/1188/1162
f 1055/1184/1157 1054/1182/1156 1044/1165/1167
f 1044/1165/1167 1054/1182/1156 1043/1164/1166
f 1060/1187/1161 1048/1176/1171 1061/1188/1162
f 1061/1188/1162 1048/1176/1171 1049/1178/1172
f 1077/1189/1173 1086/1190/1174 1078/1191/1175
f 1086/1190/1174 1087/1192/1176 1078/1191/1175
f 1078/1191/1175 1087/1192/1176 1079/1193/1177
f 1087/1194/1176 1080/1195/1178 1079/1196/1177
f 1066/1197/1179 1067/1198/1175 1084/1199/1180
f 1067/1198/1175 1068/1200/1177 1084/1199/1180
f 1084/1199/1180 1068/1200/1177 1085/1201/1181
f 1068/1202/1177 1069/1203/1182 1085/1204/1181
f 1062/1205/1183 1063/1206/1184 1073/1207/1183
f 1073/1207/1183 1063/1206/1184 1074/1208/1184
f 1063/1206/1184 1064/1209/1185 1074/1208/1184
f 1074/1208/1184 1064/1209/1185 1075/1210/1185
f 1064/1209/1185 1065/1211/1186 1075/1210/1185
f 1075/1210/1185 1065/1211/1186 1076/1212/1186
f 1065/1211/1186 1066/1197/1179 1076/1212/1186
f 1076/1212/1186 1066/1197/1179 1077/1189/1173
f 1066/1197/1179 1084/1199/1180 1077/1189/1173
f 1077/1189/1173 1084/1199/1180 1086/1190/1174
f 1085/1204/1181 1069/1203/1182 1087/1194/1176
f 1087/1194/1176 1069/1203/1182 1080/1195/1178
f 1069/1203/1182 1070/1213/1187 1080/1195/1178
f 1080/1195/1178 1070/1213/1187 1081/1214/1187
f 1070/1213/1187 1071/1215/1188 1081/1214/1187
f 1081/1214/1187 1071/1215/1188 1082/1216/1188
f 1071/1215/1188 1072/1217/44 1082/1216/1188
f 1082/1216/1188 1072/1217/44 1083/1218/44
f 1072/1217/44 1062/1205/1183 1083/1218/44
f 1083/1218/44 1062/1205/1183 1073/1207/1183
f 1092/1219/1189 1093/1220/1189 1088/1221/5
f 1088/1221/5 1093/1220/1189 1089/1222/5
f 1093/1220/1190 1094/1223/1190 1089/1222/1190
f 1089/1222/1190 1094/1223/1190 1090/1224/1190
f 1094/1225/1191 1095/1226/1192 1090/1227/4
f 1090/1227/4 1095/1226/1193 1091/1228/4
f 1095/1226/1194 1092/1219/1194 1091/1228/1194
f 1091/1228/1194 1092/1219/1194 1088/1221/1194
f 1084/1229/1195 1085/1230/1195 1092/1219/1189
f 1092/1219/1189 1085/1230/1195 1093/1220/1189
f 1085/1230/1190 1087/1231/1190 1093/1220/1190
f 1093/1220/1190 1087/1231/1190 1094/1223/1190
f 1087/1232/1196 1086/1233/1196 1094/1225/1191
f 1094/1225/1191 1086/1233/1196 1095/1226/1192
f 1086/1233/1194 1084/1229/1194 1095/1226/1194
f 1095/1226/1194 1084/1229/1194 1092/1219/1194
f 1116/1234/1197 1117/1235/1198 1114/1236/1199
f 1114/1236/1199 1117/1235/1198 1113/1237/1200
f 1111/1238/1201 1119/1239/1202 1110/1240/1203
f 1110/1240/1203 1119/1239/1202 1120/1241/1204
f 1117/1235/1205 1118/1242/1205 1113/1237/1206
f 1113/1237/1206 1118/1242/1205 1112/1243/1207
f 1098/1244/1208 1099/1245/1209 1104/1246/1210
f 1105/1247/1211 1097/1248/1212 1096/1249/1213
f 1096/1249/1213 1108/1250/1214 1105/1247/1211
f 1105/1247/1211 1108/1250/1214 1106/1251/1215
f 1098/1244/1208 1104/1246/1210 1109/1252/1216
f 1109/1252/1216 1104/1246/1210 1107/1253/1217
f 1096/1254/1218 1097/1255/1219 1098/1256/1218
f 1098/1256/1218 1097/1255/1219 1099/1257/1219
f 1125/1258/1220 1126/1259/1221 1124/1260/1222
f 1124/1260/1222 1126/1259/1221 1123/1261/1222
f 1100/1262/1223 1101/1263/1223 1102/1264/1223
f 1102/1264/1223 1101/1263/1223 1103/1265/1223
f 1114/1266/1224 1115/1267/1225 1116/1268/1226
f 1107/1269/1227 1104/1270/1227 1106/1271/1227
f 1106/1271/1227 1104/1270/1227 1105/1272/1227
f 1107/1269/1228 1106/1271/1228 1109/1273/1228
f 1109/1273/1228 1106/1271/1228 1108/1274/1228
f 1096/1254/1218 1098/1256/1218 1108/1275/1229
f 1108/1275/1229 1098/1256/1218 1109/1276/1229
f 1127/1277/1230 1128/1278/1231 1132/1279/1232
f 1133/1280/1233 1134/1281/1233 1136/1282/1233
f 1136/1282/1233 1134/1281/1233 1135/1283/1233
f 1113/1284/1206 1131/1285/1234 1101/1286/1235
f 1101/1286/1235 1131/1285/1234 1129/1287/1236
f 1100/1288/1237 1113/1237/1200 1101/1289/1238
f 1099/1245/1209 1117/1235/1198 1104/1246/1210
f 1104/1246/1210 1117/1235/1198 1116/1234/1197
f 1099/1257/1205 1118/1290/1205 1117/1291/1205
f 1119/1292/1239 1118/1290/1205 1097/1255/1205
f 1097/1255/1205 1118/1290/1205 1099/1257/1205
f 1120/1241/1204 1119/1239/1202 1105/1247/1211
f 1105/1247/1211 1119/1239/1202 1097/1248/1212
f 1116/1268/1226 1120/1293/1226 1104/1270/1240
f 1104/1270/1240 1120/1293/1226 1105/1272/1240
f 1111/1294/1241 1112/1295/1241 1121/1296/1241
f 1121/1296/1241 1112/1295/1241 1122/1297/1241
f 1112/1243/1242 1118/1242/1243 1126/1298/1244
f 1126/1298/1244 1118/1242/1243 1123/1299/1245
f 1119/1292/1246 1124/1260/1246 1118/1290/1246
f 1118/1290/1246 1124/1260/1246 1123/1261/1246
f 1111/1238/1201 1125/1300/1247 1119/1239/1202
f 1119/1239/1202 1125/1300/1247 1124/1301/1248
f 1125/1300/1247 1111/1238/1201 1121/1302/1249
f 1121/1296/4 1122/1297/4 1125/1258/1220
f 1125/1258/1220 1122/1297/4 1126/1259/1221
f 1112/1243/1242 1126/1298/1244 1122/1303/1250
f 1102/1304/1251 1103/1305/1252 1127/1277/1230
f 1127/1277/1230 1103/1305/1252 1128/1278/1231
f 1101/1286/1235 1129/1287/1236 1103/1306/1253
f 1103/1306/1253 1129/1287/1236 1128/1307/1253
f 1127/1308/1254 1130/1309/1255 1102/1264/1254
f 1102/1264/1254 1130/1309/1255 1100/1262/1256
f 1132/1310/1257 1131/1285/1234 1111/1294/1258
f 1127/1277/1230 1132/1279/1232 1111/1238/1201
f 1140/1311/1259 1143/1312/1259 1139/1313/1259
f 1139/1313/1259 1143/1312/1259 1144/1314/1259
f 1100/1288/1256 1130/1315/1255 1145/1316/1260
f 1131/1285/1234 1112/1295/1207 1111/1294/1258
f 1128/1307/1261 1129/1287/1261 1133/1280/1261
f 1133/1280/1261 1129/1287/1261 1134/1281/1261
f 1129/1287/1262 1137/1317/1263 1134/1281/1264
f 1134/1281/1264 1137/1317/1263 1135/1283/1264
f 1137/1317/1265 1138/1318/1265 1135/1283/1265
f 1135/1283/1265 1138/1318/1265 1136/1282/1265
f 1128/1278/1231 1133/1319/1266 1138/1320/1267
f 1138/1320/1267 1133/1319/1266 1136/1321/1266
f 1129/1287/1262 1131/1285/1268 1137/1317/1263
f 1131/1285/1234 1132/1310/1257 1137/1317/1269
f 1137/1317/1269 1132/1310/1257 1138/1318/1269
f 1132/1279/1232 1128/1278/1231 1138/1320/1267
f 1130/1309/1270 1127/1308/1270 1139/1313/1270
f 1139/1313/1270 1127/1308/1270 1140/1311/1270
f 1127/1277/1230 1143/1322/1271 1140/1323/1272
f 1110/1324/1273 1115/1267/1225 1141/1325/1274
f 1141/1325/1274 1115/1267/1225 1142/1326/1274
f 1144/1327/1275 1145/1316/1276 1139/1328/1277
f 1139/1328/1277 1145/1316/1276 1130/1315/1278
f 1127/1277/1230 1111/1238/1201 1110/1240/1203
f 1141/1329/1279 1127/1277/1230 1110/1240/1203
f 1143/1312/1280 1141/1325/1280 1144/1314/1280
f 1144/1314/1280 1141/1325/1280 1142/1326/1280
f 1142/1330/1281 1145/1316/1276 1144/1327/1275
f 1100/1288/1256 1145/1316/1260 1114/1236/1224
f 1114/1236/1224 1145/1316/1260 1115/1331/1225
f 1114/1236/1199 1113/1237/1200 1100/1288/1237
f 1143/1322/1271 1127/1277/1230 1141/1329/1279
f 1115/1331/1282 1145/1316/1276 1142/1330/1281
f 1113/1284/1206 1112/1295/1207 1131/1285/1234
f 1116/1268/1226 1115/1267/1225 1120/1293/1226
f 1120/1293/1226 1115/1267/1225 1110/1324/1273
f 1163/1332/1283 1164/1333/1284 1165/1334/1285
f 1163/1332/1283 1166/1335/1286 1164/1333/1284
f 1164/1333/1284 1166/1335/1286 1167/1336/1287
f 1166/1335/1286 1168/1337/1288 1167/1336/1287
f 1159/1338/1289 1165/1334/1285 1157/1339/1290
f 1157/1339/1290 1165/1334/1285 1164/1333/1284
f 1161/1340/1291 1163/1332/1283 1159/1341/1289
f 1159/1341/1289 1163/1332/1283 1165/1334/1285
f 1161/1342/1291 1162/1343/1292 1163/1332/1283
f 1163/1332/1283 1162/1343/1292 1166/1335/1286
f 1158/1344/1293 1157/1345/1290 1167/1336/1287
f 1167/1336/1287 1157/1345/1290 1164/1333/1284
f 1162/1346/1292 1160/1347/1294 1166/1335/1286
f 1166/1335/1286 1160/1347/1294 1168/1337/1288
f 1160/1348/1294 1158/1349/1293 1168/1337/1288
f 1168/1337/1288 1158/1349/1293 1167/1336/1287
f 1149/1350/1295 1169/1351/1296 1148/1352/1297
f 1148/1352/1297 1169/1351/1296 1170/1353/1298
f 1170/1353/1298 1169/1351/1296 1172/1354/1299
f 1172/1354/1299 1169/1351/1296 1171/1355/1300
f 1171/1356/1300 1173/1357/1301 1172/1354/1299
f 1172/1354/1299 1173/1357/1301 1174/1358/1302
f 1174/1358/1302 1173/1359/1301 1178/1360/1303
f 1178/1360/1303 1173/1359/1301 1177/1361/1304
f 1150/1362/1305 1176/1363/1306 1151/1364/1305
f 1151/1364/1305 1176/1363/1306 1175/1365/1307
f 1175/1366/1307 1176/1363/1306 1177/1367/1304
f 1177/1367/1304 1176/1363/1306 1178/1360/1303
f 1169/1368/1308 1154/1369/1309 1171/1370/1310
f 1171/1370/1310 1154/1369/1309 1155/1371/1310
f 1158/1372/1311 1160/1373/118 1172/1354/1312
f 1172/1354/1312 1160/1373/118 1170/1353/1298
f 1147/1374/124 1154/1369/1309 1149/1375/124
f 1149/1375/124 1154/1369/1309 1169/1368/1308
f 1171/1370/1310 1155/1371/1310 1173/1376/1313
f 1173/1376/1313 1155/1371/1310 1156/1377/1314
f 1157/1378/1315 1158/1372/1311 1174/1358/1316
f 1174/1358/1316 1158/1372/1311 1172/1354/1312
f 1146/1379/44 1151/1380/44 1152/1381/44
f 1152/1381/44 1151/1380/44 1175/1382/44
f 1173/1376/1313 1156/1377/1314 1177/1383/1317
f 1177/1383/1317 1156/1377/1314 1153/1384/1317
f 1178/1360/1318 1159/1385/1319 1174/1358/1316
f 1174/1358/1316 1159/1385/1319 1157/1378/1315
f 1152/1381/4 1175/1382/4 1153/1384/4
f 1153/1384/4 1175/1382/4 1177/1383/4
f 1148/1352/1297 1170/1353/1298 1150/1362/118
f 1150/1362/118 1170/1353/1298 1162/1386/118
f 1176/1363/118 1161/1387/118 1178/1360/1318
f 1178/1360/1318 1161/1387/118 1159/1385/1319
f 1162/1386/118 1170/1353/1298 1160/1373/118
f 1150/1362/118 1162/1386/118 1176/1363/118
f 1176/1363/118 1162/1386/118 1161/1387/118
f 1181/1388/1320 1185/1389/1320 1186/1390/1320
f 1186/1390/1321 1188/1391/1321 1181/1392/1321
f 1185/1389/118 1183/1393/118 1186/1390/118
f 1186/1390/118 1183/1393/118 1182/1394/118
f 1182/1394/5 1187/1395/5 1186/1390/5
f 1186/1390/5 1187/1395/5 1188/1391/5
f 1188/1391/5 1187/1395/5 1184/1396/5
f 1184/1396/5 1187/1395/5 1179/1397/5
f 1181/1392/1321 1188/1391/1321 1180/1398/1321
f 1180/1398/1321 1188/1391/1321 1184/1396/1321
f 1190/1388/1322 1193/1390/1322 1192/1389/1322
f 1193/1390/1323 1190/1392/1323 1194/1391/1323
f 1182/1394/118 1183/1393/118 1193/1390/118
f 1193/1390/118 1183/1393/118 1192/1389/118
f 1182/1394/5 1193/1390/5 1187/1395/5
f 1187/1395/5 1193/1390/5 1194/1391/5
f 1194/1391/5 1191/1396/5 1187/1395/5
f 1187/1395/5 1191/1396/5 1179/1397/5
f 1190/1392/1323 1189/1398/1323 1194/1391/1323
f 1194/1391/1323 1189/1398/1323 1191/1396/1323
f 1199/1399/124 1200/1400/124 1197/1401/124
f 1198/1402/44 1201/1403/44 1202/1404/44
f 1198/1402/1324 1202/1404/1324 1197/1401/1324
f 1197/1401/1324 1202/1404/1324 1199/1399/1324
f 1196/1405/124 1200/1400/124 1199/1399/124
f 1202/1404/44 1201/1403/44 1195/1406/44
f 1199/1399/1325 1202/1404/1325 1196/1405/1325
f 1196/1405/1325 1202/1404/1325 1195/1406/1325
f 1205/1407/1326 1224/1408/1327 1207/1409/1328
f 1207/1409/1328 1224/1408/1327 1206/1410/1329
f 1207/1409/1328 1206/1410/1329 1209/1411/1330
f 1209/1411/1330 1206/1410/1329 1208/1412/1331
f 1209/1411/1330 1208/1412/1331 1211/1413/1332
f 1211/1413/1332 1208/1412/1331 1210/1414/1333
f 1211/1413/1332 1210/1414/1333 1213/1415/1334
f 1213/1415/1334 1210/1414/1333 1212/1416/1335
f 1213/1415/1334 1212/1416/1335 1215/1417/1336
f 1215/1417/1336 1212/1416/1335 1214/1418/1337
f 1215/1419/1336 1214/1420/1337 1217/1421/1338
f 1217/1421/1338 1214/1420/1337 1216/1422/1339
f 1217/1421/1338 1216/1422/1339 1219/1423/1340
f 1219/1423/1340 1216/1422/1339 1218/1424/1341
f 1219/1423/1340 1218/1424/1341 1221/1425/1342
f 1221/1425/1342 1218/1424/1341 1220/1426/1343
f 1221/1425/1342 1220/1426/1343 1223/1427/1344
f 1223/1427/1344 1220/1426/1343 1222/1428/1345
f 1223/1427/1344 1222/1428/1345 1205/1407/1326
f 1205/1407/1326 1222/1428/1345 1224/1408/1327
f 1225/1429/1346 1244/1430/1347 1227/1431/1348
f 1227/1431/1348 1244/1430/1347 1226/1432/1349
f 1227/1431/1348 1226/1432/1349 1229/1433/1350
f 1229/1433/1350 1226/1432/1349 1228/1434/1351
f 1229/1433/1350 1228/1434/1351 1231/1435/1352
f 1231/1435/1352 1228/1434/1351 1230/1436/1353
f 1231/1435/1352 1230/1436/1353 1233/1437/1354
f 1233/1437/1354 1230/1436/1353 1232/1438/1355
f 1233/1437/1354 1232/1438/1355 1235/1439/1356
f 1235/1439/1356 1232/1438/1355 1234/1440/1357
f 1235/1441/1356 1234/1442/1357 1237/1443/1358
f 1237/1443/1358 1234/1442/1357 1236/1444/1359
f 1237/1443/1358 1236/1444/1359 1239/1445/1360
f 1239/1445/1360 1236/1444/1359 1238/1446/1361
f 1239/1445/1360 1238/1446/1361 1241/1447/1362
f 1241/1447/1362 1238/1446/1361 1240/1448/1363
f 1241/1447/1362 1240/1448/1363 1243/1449/1364
f 1243/1449/1364 1240/1448/1363 1242/1450/1365
f 1243/1449/1364 1242/1450/1365 1225/1429/1346
f 1225/1429/1346 1242/1450/1365 1244/1430/1347
f 1205/1407/1326 1207/1409/1328 1244/1430/1347
f 1244/1430/1347 1207/1409/1328 1226/1432/1349
f 1207/1409/1328 1209/1411/1330 1226/1432/1349
f 1226/1432/1349 1209/1411/1330 1228/1434/1351
f 1209/1411/1330 1211/1413/1332 1228/1434/1351
f 1228/1434/1351 1211/1413/1332 1230/1436/1353
f 1211/1413/1332 1213/1415/1334 1230/1436/1353
f 1230/1436/1353 1213/1415/1334 1232/1438/1355
f 1213/1415/1334 1215/1417/1336 1232/1438/1355
f 1232/1438/1355 1215/1417/1336 1234/1440/1357
f 1215/1419/1336 1217/1421/1338 1234/1442/1357
f 1234/1442/1357 1217/1421/1338 1236/1444/1359
f 1217/1421/1338 1219/1423/1340 1236/1444/1359
f 1236/1444/1359 1219/1423/1340 1238/1446/1361
f 1219/1423/1340 1221/1425/1342 1238/1446/1361
f 1238/1446/1361 1221/1425/1342 1240/1448/1363
f 1221/1425/1342 1223/1427/1344 1240/1448/1363
f 1240/1448/1363 1223/1427/1344 1242/1450/1365
f 1223/1427/1344 1205/1407/1326 1242/1450/1365
f 1242/1450/1365 1205/1407/1326 1244/1430/1347
f 1206/1451/1329 1224/1452/1327 1203/1453/4
f 1208/1454/1331 1206/1451/1329 1203/1453/4
f 1210/1455/1333 1208/1454/1331 1203/1453/4
f 1212/1456/1335 1210/1455/1333 1203/1453/4
f 1214/1457/1337 1212/1456/1335 1203/1453/4
f 1216/1458/1339 1214/1457/1337 1203/1453/4
f 1218/1459/1341 1216/1458/1339 1203/1453/4
f 1220/1460/1343 1218/1459/1341 1203/1453/4
f 1222/1461/1345 1220/1460/1343 1203/1453/4
f 1224/1452/1327 1222/1461/1345 1203/1453/4
f 1225/1462/1346 1227/1463/1348 1204/1464/5
f 1227/1463/1348 1229/1465/1350 1204/1464/5
f 1229/1465/1350 1231/1466/1352 1204/1464/5
f 1231/1466/1352 1233/1467/1354 1204/1464/5
f 1233/1467/1354 1235/1468/1356 1204/1464/5
f 1235/1468/1356 1237/1469/1358 1204/1464/5
f 1237/1469/1358 1239/1470/1360 1204/1464/5
f 1239/1470/1360 1241/1471/1362 1204/1464/5
f 1241/1471/1362 1243/1472/1364 1204/1464/5
f 1243/1472/1364 1225/1462/1346 1204/1464/5
f 1261/1473/1366 1262/1474/681 1251/1475/1367
f 1251/1475/1367 1262/1474/681 1252/1476/681
f 1262/1477/683 1260/1478/683 1252/1479/683
f 1252/1479/683 1260/1478/683 1246/1480/683
f 1251/1475/1367 1263/1481/1368 1261/1473/1366
f 1250/1482/1369 1258/1483/1366 1264/1484/1370
f 1249/1485/681 1259/1486/681 1250/1482/1369
f 1250/1482/1369 1259/1486/681 1258/1483/1366
f 1245/1487/683 1257/1488/683 1249/1489/683
f 1249/1489/683 1257/1488/683 1259/1490/683
f 1247/1491/118 1254/1492/118 1248/1493/118
f 1248/1493/118 1254/1492/118 1256/1494/118
f 1254/1495/632 1253/1496/1371 1256/1497/632
f 1256/1497/632 1253/1496/1371 1255/1498/1372
f 1265/1499/1373 1266/1500/1374 1268/1501/1375
f 1268/1501/1375 1266/1500/1374 1267/1502/1376
f 1267/1502/1376 1269/1503/1377 1268/1501/1375
f 1268/1501/1375 1269/1503/1377 1270/1504/1378
f 1269/1503/1377 1271/1505/1379 1270/1504/1378
f 1270/1504/1378 1271/1505/1379 1272/1506/1379
f 1252/1479/4 1246/1480/4 1256/1494/4
f 1256/1494/4 1246/1480/4 1248/1493/4
f 1251/1475/1367 1252/1507/1380 1255/1498/1372
f 1255/1498/1372 1252/1507/1380 1256/1508/1380
f 1255/1498/1372 1263/1481/1368 1251/1475/1367
f 1253/1496/1371 1264/1484/1370 1255/1498/1372
f 1255/1498/1372 1264/1484/1370 1263/1481/1368
f 1250/1482/1369 1264/1484/1370 1253/1496/1371
f 1249/1509/1381 1250/1482/1369 1254/1510/1381
f 1254/1510/1381 1250/1482/1369 1253/1496/1371
f 1247/1491/5 1245/1487/5 1254/1492/5
f 1254/1492/5 1245/1487/5 1249/1489/5
f 1263/1511/1368 1264/1512/1370 1265/1499/1373
f 1265/1499/1373 1264/1512/1370 1266/1500/1374
f 1264/1513/1370 1258/1514/1382 1266/1500/1374
f 1266/1500/1374 1258/1514/1382 1267/1502/1383
f 1263/1515/1368 1265/1499/1373 1261/1516/1384
f 1261/1516/1384 1265/1499/1373 1268/1501/1385
f 1258/1514/1382 1259/1517/1386 1267/1502/1383
f 1267/1502/1383 1259/1517/1386 1269/1503/1387
f 1262/1518/1388 1261/1516/1384 1270/1504/1389
f 1270/1504/1389 1261/1516/1384 1268/1501/1385
f 1257/1519/5 1271/1505/5 1259/1517/1386
f 1259/1517/1386 1271/1505/5 1269/1503/1387
f 1260/1520/4 1262/1518/1388 1272/1506/4
f 1272/1506/4 1262/1518/1388 1270/1504/1389
f 1289/211/124 1290/213/124 1275/212/124
f 1275/212/124 1290/213/124 1276/214/124
f 1290/213/1390 1291/215/1391 1276/214/1392
f 1276/214/1392 1291/215/1391 1278/216/1393
f 1277/217/1394 1292/218/1395 1275/212/1396
f 1275/212/1396 1292/218/1395 1289/211/1397
f 1274/219/124 1280/221/124 1279/220/124
f 1281/223/1398 1280/221/1399 1273/222/1400
f 1273/222/1400 1280/221/1399 1274/219/1400
f 1279/220/124 1280/221/124 1282/224/124
f 1282/224/124 1280/221/124 1283/225/124
f 1280/221/1399 1281/223/1398 1283/225/1401
f 1283/225/1401 1281/223/1398 1284/226/1402
f 1282/224/124 1283/225/124 1285/227/124
f 1285/227/124 1283/225/124 1286/228/124
f 1283/225/1401 1284/226/1402 1286/228/1403
f 1286/228/1403 1284/226/1402 1287/229/1404
f 1285/227/124 1286/228/124 1289/211/124
f 1289/211/124 1286/228/124 1290/213/124
f 1286/228/1403 1287/229/1404 1290/213/1390
f 1290/213/1390 1287/229/1404 1291/215/1391
f 1292/218/1395 1288/230/1405 1289/211/1397
f 1289/211/1397 1288/230/1405 1285/227/1406
f 1275/212/124 1276/214/124 1293/231/124
f 1293/231/124 1276/214/124 1294/232/124
f 1276/214/1392 1278/216/1393 1294/232/1407
f 1294/232/1407 1278/216/1408 1295/233/1407
f 1277/217/1394 1275/212/1396 1296/234/1409
f 1296/234/1409 1275/212/1396 1293/231/1410
f 1310/1521/1411 1309/1522/1412 1305/1523/1413
f 1305/1523/1413 1309/1522/1412 1304/1524/1414
f 1311/1525/1415 1310/1521/1411 1306/1526/1416
f 1306/1526/1416 1310/1521/1411 1305/1523/1413
f 1312/1527/1417 1311/1525/1415 1307/1528/1418
f 1307/1528/1418 1311/1525/1415 1306/1526/1416
f 1313/1529/1419 1312/1527/1417 1308/1530/1420
f 1308/1530/1420 1312/1527/1417 1307/1528/1418
f 1315/1531/1421 1314/1532/1422 1310/1521/1411
f 1310/1521/1411 1314/1532/1422 1309/1522/1412
f 1316/1533/1423 1315/1531/1421 1311/1525/1415
f 1311/1525/1415 1315/1531/1421 1310/1521/1411
f 1317/1534/1424 1316/1533/1423 1312/1527/1417
f 1312/1527/1417 1316/1533/1423 1311/1525/1415
f 1321/1535/1425 1320/1536/1426 1319/1537/1427
f 1319/1537/1427 1320/1536/1426 1318/1538/1428
f 1301/1539/1429 1298/1540/1430 1315/1531/1421
f 1315/1531/1421 1298/1540/1430 1314/1532/1422
f 1302/1541/1431 1301/1539/1429 1316/1533/1423
f 1316/1533/1423 1301/1539/1429 1315/1531/1421
f 1303/1542/1432 1302/1541/1431 1317/1534/1424
f 1317/1534/1424 1302/1541/1431 1316/1533/1423
f 1323/1543/1433 1322/1544/1434 1321/1535/1425
f 1321/1535/1425 1322/1544/1434 1320/1536/1426
f 1319/1537/1435 1318/1538/1436 1313/1529/1437
f 1313/1529/1437 1318/1538/1436 1312/1527/1438
f 1312/1527/1439 1318/1538/1440 1317/1534/1441
f 1317/1534/1441 1318/1538/1440 1320/1536/1442
f 1317/1534/1441 1320/1536/1442 1303/1542/1443
f 1303/1542/1444 1320/1536/1442 1322/1544/1444
f 1321/1545/118 1300/1546/118 1323/1547/118
f 1321/1545/118 1327/1548/118 1300/1546/118
f 1319/1549/118 1327/1548/118 1321/1545/118
f 1308/1550/118 1319/1549/118 1313/1551/118
f 1308/1550/118 1327/1548/118 1319/1549/118
f 1308/1550/118 1299/1552/118 1327/1548/118
f 1328/1553/118 1299/1552/118 1308/1550/118
f 1328/1553/118 1308/1550/118 1338/1554/118
f 1329/1555/1445 1331/1556/1446 1330/1557/1447
f 1330/1557/1447 1331/1556/1446 1332/1558/1448
f 1331/1556/1446 1333/1559/1449 1332/1558/1448
f 1332/1558/1448 1333/1559/1449 1334/1560/1450
f 1333/1559/1449 1335/1561/1451 1334/1560/1450
f 1336/1562/1452 1337/1563/1453 1335/1561/1451
f 1335/1561/1451 1337/1563/1453 1334/1560/1450
f 1328/1564/1454 1338/1565/1454 1336/1562/1452
f 1336/1562/1452 1338/1565/1454 1337/1563/1453
f 1336/1566/5 1342/1567/5 1328/1568/5
f 1328/1568/5 1342/1567/5 1343/1569/5
f 1305/1523/1413 1304/1524/1414 1332/1558/1448
f 1332/1558/1448 1304/1524/1414 1330/1557/1447
f 1332/1558/1448 1334/1560/1450 1305/1523/1413
f 1305/1523/1413 1334/1560/1450 1306/1526/1416
f 1334/1560/1450 1337/1563/1455 1306/1526/1416
f 1306/1526/1416 1337/1563/1455 1307/1528/1418
f 1337/1563/1455 1338/1565/1456 1307/1528/1418
f 1307/1528/1418 1338/1565/1456 1308/1530/1420
f 1328/1568/5 1343/1569/5 1299/1570/5
f 1299/1570/5 1343/1569/5 1326/1571/5
f 1333/1572/5 1331/1573/5 1325/1574/5
f 1325/1574/5 1331/1573/5 1324/1575/5
f 1331/1573/5 1329/1576/5 1324/1575/5
f 1329/1576/5 1297/1577/5 1324/1575/5
f 1333/1578/1457 1339/1579/1457 1342/1580/1458
f 1342/1580/1458 1339/1579/1457 1345/1581/1459
f 1344/1582/1460 1340/1583/118 1343/1584/1460
f 1343/1584/1460 1340/1583/118 1326/1585/118
f 1325/1586/1461 1341/1587/1461 1333/1578/1461
f 1333/1578/1461 1341/1587/1461 1339/1579/1461
f 1342/1580/1458 1345/1581/1459 1343/1584/1460
f 1343/1584/1460 1345/1581/1459 1344/1582/1460
f 1335/1588/5 1333/1589/5 1342/1567/5
f 1336/1566/5 1335/1588/5 1342/1567/5
f 1351/1524/1462 1356/1522/1463 1352/1523/1464
f 1352/1523/1464 1356/1522/1463 1357/1521/1465
f 1352/1523/1464 1357/1521/1465 1353/1526/1466
f 1353/1526/1466 1357/1521/1465 1358/1525/1467
f 1353/1526/1466 1358/1525/1467 1354/1528/1468
f 1354/1528/1468 1358/1525/1467 1359/1527/1469
f 1354/1528/1468 1359/1527/1469 1355/1530/1470
f 1355/1530/1470 1359/1527/1469 1360/1529/1471
f 1356/1522/1463 1361/1532/1472 1357/1521/1465
f 1357/1521/1465 1361/1532/1472 1362/1531/1473
f 1357/1521/1465 1362/1531/1473 1358/1525/1467
f 1358/1525/1467 1362/1531/1473 1363/1533/1474
f 1358/1525/1467 1363/1533/1474 1359/1527/1469
f 1359/1527/1469 1363/1533/1474 1364/1534/1475
f 1365/1538/1476 1367/1536/1477 1366/1537/1478
f 1366/1537/1478 1367/1536/1477 1368/1535/1479
f 1361/1532/1472 1347/1540/1480 1362/1531/1473
f 1362/1531/1473 1347/1540/1480 1348/1539/1481
f 1362/1531/1473 1348/1539/1481 1363/1533/1474
f 1363/1533/1474 1348/1539/1481 1349/1541/1482
f 1363/1533/1474 1349/1541/1482 1364/1534/1475
f 1364/1534/1475 1349/1541/1482 1350/1542/1483
f 1367/1536/1477 1369/1544/1484 1368/1535/1479
f 1368/1535/1479 1369/1544/1484 1370/1543/1485
f 1359/1527/1486 1365/1538/1487 1360/1529/1488
f 1360/1529/1488 1365/1538/1487 1366/1537/1489
f 1359/1527/1490 1364/1534/1491 1365/1538/1492
f 1365/1538/1492 1364/1534/1491 1367/1536/1493
f 1364/1534/1491 1350/1542/1494 1367/1536/1493
f 1367/1536/1493 1350/1542/1494 1369/1544/1495
f 1368/1545/118 1370/1547/118 1300/1546/118
f 1368/1545/118 1300/1546/118 1327/1548/118
f 1366/1549/118 1368/1545/118 1327/1548/118
f 1355/1550/118 1360/1551/118 1366/1549/118
f 1355/1550/118 1366/1549/118 1327/1548/118
f 1355/1550/118 1327/1548/118 1299/1552/118
f 1373/1553/118 1355/1550/118 1299/1552/118
f 1373/1553/118 1383/1554/118 1355/1550/118
f 1374/1555/1496 1375/1557/1497 1376/1556/1498
f 1376/1556/1498 1375/1557/1497 1377/1558/1499
f 1376/1556/1498 1377/1558/1499 1378/1559/1500
f 1378/1559/1500 1377/1558/1499 1379/1560/1501
f 1378/1559/1500 1379/1560/1501 1380/1561/1502
f 1379/1560/1501 1382/1563/1503 1380/1561/1502
f 1380/1561/1502 1382/1563/1503 1381/1562/1504
f 1382/1563/1503 1383/1565/1505 1381/1562/1504
f 1381/1562/1504 1383/1565/1505 1373/1564/1506
f 1387/1569/5 1386/1567/5 1373/1568/1506
f 1373/1568/1506 1386/1567/5 1381/1566/1504
f 1375/1557/1497 1351/1524/1462 1377/1558/1499
f 1377/1558/1499 1351/1524/1462 1352/1523/1464
f 1377/1558/1499 1352/1523/1464 1379/1560/1501
f 1379/1560/1501 1352/1523/1464 1353/1526/1466
f 1379/1560/1501 1353/1526/1466 1382/1563/1503
f 1382/1563/1503 1353/1526/1466 1354/1528/1468
f 1382/1563/1503 1354/1528/1468 1383/1565/1505
f 1383/1565/1505 1354/1528/1468 1355/1530/1470
f 1326/1571/5 1387/1569/5 1299/1570/5
f 1299/1570/5 1387/1569/5 1373/1568/1506
f 1378/1572/1500 1372/1574/5 1376/1573/1498
f 1372/1574/5 1371/1575/5 1376/1573/1498
f 1371/1575/5 1346/1577/5 1376/1573/1498
f 1346/1577/5 1374/1576/1496 1376/1573/1498
f 1378/1578/1507 1386/1580/1508 1384/1579/1507
f 1384/1579/1507 1386/1580/1508 1389/1581/1508
f 1388/1582/1509 1387/1584/1509 1340/1583/118
f 1340/1583/118 1387/1584/1509 1326/1585/118
f 1372/1586/1510 1378/1578/1507 1385/1587/1510
f 1385/1587/1510 1378/1578/1507 1384/1579/1507
f 1386/1580/1508 1387/1584/1509 1389/1581/1508
f 1389/1581/1508 1387/1584/1509 1388/1582/1509
f 1380/1588/1502 1386/1567/5 1378/1589/1500
f 1381/1566/1504 1386/1567/5 1380/1588/1502
f 1390/1590/683 1391/1591/683 1395/1592/1511
f 1395/1592/1511 1391/1591/683 1397/1593/1512
f 1394/1594/1513 1396/1595/1514 1392/1596/124
f 1392/1596/124 1396/1595/1514 1393/1597/124
f 1394/1594/1513 1395/1592/1511 1396/1595/1514
f 1396/1595/1514 1395/1592/1511 1397/1593/1512
f 1399/1598/683 1402/1599/683 1413/1600/683
f 1400/1601/683 1403/1602/683 1399/1598/683
f 1399/1598/683 1403/1602/683 1402/1599/683
f 1400/1601/683 1404/1603/683 1403/1602/683
f 1402/1604/1515 1406/1605/1515 1413/1606/1516
f 1413/1606/1516 1406/1605/1515 1412/1607/1516
f 1403/1608/1517 1407/1609/1517 1402/1604/1515
f 1402/1604/1515 1407/1609/1517 1406/1605/1515
f 1404/1610/124 1408/1611/124 1403/1608/1517
f 1403/1608/1517 1408/1611/124 1407/1609/1517
f 1410/1612/118 1412/1613/118 1406/1614/118
f 1406/1614/118 1407/1615/118 1410/1612/118
f 1410/1612/118 1407/1615/118 1411/1616/118
f 1407/1615/118 1408/1617/118 1411/1616/118
f 1401/1618/5 1405/1619/1518 1398/1620/5
f 1398/1620/5 1405/1619/1518 1409/1621/1519
f 1410/1612/118 1414/1622/1520 1412/1613/118
f 1413/1606/1521 1412/1607/1522 1415/1623/1521
f 1415/1623/1521 1412/1607/1522 1414/1624/1522
f 1414/1622/1520 1410/1612/118 1405/1625/1518
f 1405/1625/1518 1410/1612/118 1409/1626/1519
f 1414/1624/1520 1405/1619/1518 1415/1623/1523
f 1415/1623/1523 1405/1619/1518 1401/1618/1523
f 1398/1627/683 1399/1598/683 1401/1628/683
f 1401/1628/683 1399/1598/683 1415/1629/683
f 1416/1630/1524 1419/1631/1525 1418/1632/683
f 1416/1630/1524 1417/1633/683 1400/1601/683
f 1400/1601/683 1417/1633/683 1420/1634/683
f 1400/1601/683 1420/1634/683 1404/1603/683
f 1417/1635/1526 1418/1636/1527 1421/1637/1526
f 1421/1637/1526 1418/1636/1527 1422/1638/1527
f 1420/1639/1528 1417/1635/1526 1423/1640/1529
f 1423/1640/1529 1417/1635/1526 1421/1637/1526
f 1404/1610/124 1420/1639/1528 1408/1611/124
f 1408/1611/124 1420/1639/1528 1423/1640/1529
f 1424/1641/118 1421/1642/118 1422/1643/118
f 1421/1642/118 1424/1641/118 1423/1644/118
f 1423/1644/118 1424/1641/118 1411/1616/118
f 1423/1644/118 1411/1616/118 1408/1617/118
f 1425/1645/1530 1416/1646/1524 1426/1647/4
f 1426/1647/4 1416/1646/1524 1427/1648/4
f 1424/1641/118 1422/1643/118 1428/1649/118
f 1418/1636/1531 1419/1650/1531 1422/1638/1532
f 1422/1638/1532 1419/1650/1531 1428/1651/1532
f 1427/1652/118 1424/1641/118 1426/1653/118
f 1426/1653/118 1424/1641/118 1428/1649/118
f 1428/1651/1533 1419/1650/1533 1426/1647/1533
f 1426/1647/1533 1419/1650/1533 1425/1645/1533
f 1416/1630/1524 1425/1654/1530 1419/1631/1525
f 1416/1630/1524 1418/1632/683 1417/1633/683
f 1399/1598/683 1413/1600/683 1415/1629/683
f 1430/1655/4 1429/1656/4 1435/1657/4
f 1431/1658/4 1430/1655/4 1435/1657/4
f 1432/1659/4 1431/1658/4 1435/1657/4
f 1433/1660/4 1432/1659/4 1435/1657/4
f 1434/1661/4 1433/1660/4 1435/1657/4
f 1435/1657/4 1429/1656/4 1439/1662/4
f 1439/1662/4 1429/1656/4 1437/1663/4
f 1434/1661/4 1435/1657/4 1438/1664/4
f 1438/1664/4 1435/1657/4 1439/1662/4
f 1442/1665/1534 1441/1666/1535 1429/1656/1536
f 1429/1656/1536 1441/1666/1535 1437/1663/1537
f 1429/1656/1536 1430/1655/1538 1442/1667/1534
f 1442/1667/1534 1430/1655/1538 1443/1668/1539
f 1430/1655/1538 1431/1658/1540 1443/1669/1539
f 1443/1669/1539 1431/1658/1540 1444/1670/1541
f 1431/1658/1540 1432/1659/1542 1444/1671/1541
f 1444/1671/1541 1432/1659/1542 1445/1672/1543
f 1433/1660/1544 1446/1673/1545 1432/1659/1542
f 1432/1659/1542 1446/1673/1545 1445/1674/1543
f 1434/1661/1546 1447/1675/1547 1433/1660/1544
f 1433/1660/1544 1447/1675/1547 1446/1676/1545
f 1447/1677/1547 1434/1661/1546 1448/1678/1548
f 1448/1678/1548 1434/1661/1546 1438/1664/1549
f 1449/1679/1550 1450/1680/1551 1452/1681/1552
f 1452/1681/1552 1450/1680/1551 1451/1682/1553
f 1449/1679/1550 1462/1683/1554 1450/1684/1551
f 1450/1684/1551 1462/1683/1554 1461/1685/1555
f 1452/1681/1552 1451/1686/1553 1454/1687/1556
f 1454/1687/1556 1451/1686/1553 1453/1688/1557
f 1454/1687/1556 1453/1689/1557 1456/1690/1558
f 1456/1690/1558 1453/1689/1557 1455/1691/1559
f 1455/1692/1559 1457/1693/1560 1456/1690/1558
f 1456/1690/1558 1457/1693/1560 1458/1694/1561
f 1457/1695/1560 1459/1696/1562 1458/1694/1561
f 1458/1694/1561 1459/1696/1562 1460/1697/1563
f 1460/1697/1563 1459/1698/1562 1463/1699/1564
f 1463/1699/1564 1459/1698/1562 1464/1700/1565
f 1442/1701/1534 1443/1702/1539 1450/1680/1551
f 1450/1680/1551 1443/1702/1539 1451/1682/1553
f 1443/1703/1539 1444/1704/1541 1451/1686/1553
f 1451/1686/1553 1444/1704/1541 1453/1688/1557
f 1444/1705/1541 1445/1706/1543 1453/1689/1557
f 1453/1689/1557 1445/1706/1543 1455/1691/1559
f 1446/1707/1545 1457/1693/1560 1445/1708/1543
f 1445/1708/1543 1457/1693/1560 1455/1692/1559
f 1447/1709/1547 1459/1696/1562 1446/1710/1545
f 1446/1710/1545 1459/1696/1562 1457/1695/1560
f 1436/1711/1566 1449/1679/1567 1452/1681/1568
f 1436/1711/1566 1452/1681/1568 1454/1687/1569
f 1436/1711/1566 1454/1687/1569 1456/1690/1570
f 1436/1711/1566 1456/1690/1570 1458/1694/1571
f 1436/1711/1566 1458/1694/1571 1460/1697/1572
f 1441/1712/1535 1442/1713/1534 1461/1685/1555
f 1461/1685/1555 1442/1713/1534 1450/1684/1551
f 1459/1698/1562 1447/1714/1547 1464/1700/1565
f 1464/1700/1565 1447/1714/1547 1448/1715/1548
f 1440/1716/5 1462/1683/1573 1436/1711/1566
f 1436/1711/1566 1462/1683/1574 1449/1679/1567
f 1460/1697/1572 1463/1699/1575 1436/1711/1566
f 1436/1711/1566 1463/1699/1575 1440/1716/5
f 1485/1234/1576 1483/1236/1577 1486/1235/1578
f 1486/1235/1578 1483/1236/1577 1482/1237/1579
f 1489/1241/1580 1488/1239/1581 1479/1240/1582
f 1479/1240/1582 1488/1239/1581 1480/1238/1583
f 1486/1235/1584 1482/1237/1585 1487/1242/1584
f 1487/1242/1584 1482/1237/1585 1481/1243/1586
f 1467/1244/1587 1473/1246/1588 1468/1245/1589
f 1474/1247/1590 1465/1249/1591 1466/1248/1592
f 1475/1251/1593 1477/1250/1594 1474/1247/1590
f 1474/1247/1590 1477/1250/1594 1465/1249/1591
f 1467/1244/1587 1478/1252/1595 1473/1246/1588
f 1473/1246/1588 1478/1252/1595 1476/1253/1596
f 1465/1254/1597 1467/1256/1597 1466/1255/1598
f 1466/1255/1598 1467/1256/1597 1468/1257/1598
f 1494/1258/1599 1493/1260/1600 1495/1259/1601
f 1495/1259/1601 1493/1260/1600 1492/1261/1600
f 1469/1262/1602 1471/1264/1602 1470/1263/1602
f 1470/1263/1602 1471/1264/1602 1472/1265/1602
f 1483/1266/1603 1485/1268/1604 1484/1267/1605
f 1476/1269/1606 1475/1271/1606 1473/1270/1606
f 1473/1270/1606 1475/1271/1606 1474/1272/1606
f 1477/1274/1607 1475/1271/1607 1478/1273/1607
f 1478/1273/1607 1475/1271/1607 1476/1269/1607
f 1465/1254/1597 1477/1275/1608 1467/1256/1597
f 1467/1256/1597 1477/1275/1608 1478/1276/1608
f 1496/1277/1609 1501/1279/1610 1497/1278/1611
f 1502/1280/1612 1505/1282/1612 1503/1281/1612
f 1503/1281/1612 1505/1282/1612 1504/1283/1612
f 1482/1284/1585 1470/1286/1613 1500/1285/1614
f 1500/1285/1614 1470/1286/1613 1498/1287/1615
f 1469/1288/1616 1470/1289/1617 1482/1237/1579
f 1485/1234/1576 1486/1235/1578 1473/1246/1588
f 1473/1246/1588 1486/1235/1578 1468/1245/1589
f 1468/1257/1584 1486/1291/1584 1487/1290/1584
f 1488/1292/1618 1466/1255/1584 1487/1290/1584
f 1487/1290/1584 1466/1255/1584 1468/1257/1584
f 1489/1241/1580 1474/1247/1590 1488/1239/1581
f 1488/1239/1581 1474/1247/1590 1466/1248/1592
f 1485/1268/1604 1473/1270/1619 1489/1293/1604
f 1489/1293/1604 1473/1270/1619 1474/1272/1619
f 1480/1294/1620 1490/1296/1620 1481/1295/1620
f 1481/1295/1620 1490/1296/1620 1491/1297/1620
f 1492/1299/1621 1487/1242/1622 1495/1298/1623
f 1495/1298/1623 1487/1242/1622 1481/1243/1624
f 1492/1261/1625 1493/1260/1625 1487/1290/1625
f 1487/1290/1625 1493/1260/1625 1488/1292/1625
f 1493/1301/1626 1494/1300/1627 1488/1239/1581
f 1488/1239/1581 1494/1300/1627 1480/1238/1583
f 1494/1300/1627 1490/1302/1628 1480/1238/1583
f 1490/1296/4 1494/1258/1599 1491/1297/4
f 1491/1297/4 1494/1258/1599 1495/1259/1601
f 1481/1243/1624 1491/1303/1629 1495/1298/1623
f 1471/1304/1630 1496/1277/1609 1472/1305/1631
f 1472/1305/1631 1496/1277/1609 1497/1278/1611
f 1470/1286/1613 1472/1306/1632 1498/1287/1615
f 1498/1287/1615 1472/1306/1632 1497/1307/1632
f 1469/1262/1633 1499/1309/1634 1471/1264/1635
f 1471/1264/1635 1499/1309/1634 1496/1308/1635
f 1501/1310/1636 1480/1294/1637 1500/1285/1614
f 1496/1277/1609 1480/1238/1583 1501/1279/1610
f 1513/1314/1638 1512/1312/1638 1508/1313/1638
f 1508/1313/1638 1512/1312/1638 1509/1311/1638
f 1469/1288/1633 1514/1316/1639 1499/1315/1634
f 1500/1285/1614 1480/1294/1637 1481/1295/1586
f 1497/1307/1640 1502/1280/1640 1498/1287/1640
f 1498/1287/1640 1502/1280/1640 1503/1281/1640
f 1498/1287/1641 1503/1281/1642 1506/1317/1643
f 1506/1317/1643 1503/1281/1642 1504/1283/1642
f 1506/1317/1644 1504/1283/1644 1507/1318/1644
f 1507/1318/1644 1504/1283/1644 1505/1282/1644
f 1505/1321/1645 1502/1319/1645 1507/1320/1646
f 1507/1320/1646 1502/1319/1645 1497/1278/1611
f 1498/1287/1641 1506/1317/1643 1500/1285/1647
f 1500/1285/1614 1506/1317/1648 1501/1310/1636
f 1501/1310/1636 1506/1317/1648 1507/1318/1648
f 1501/1279/1610 1507/1320/1646 1497/1278/1611
f 1499/1309/1649 1508/1313/1649 1496/1308/1649
f 1496/1308/1649 1508/1313/1649 1509/1311/1649
f 1496/1277/1609 1509/1323/1650 1512/1322/1651
f 1479/1324/1652 1510/1325/1653 1484/1267/1605
f 1484/1267/1605 1510/1325/1653 1511/1326/1653
f 1513/1327/1654 1508/1328/1655 1514/1316/1656
f 1514/1316/1656 1508/1328/1655 1499/1315/1657
f 1496/1277/1609 1479/1240/1582 1480/1238/1583
f 1510/1329/1658 1479/1240/1582 1496/1277/1609
f 1511/1326/1659 1510/1325/1659 1513/1314/1659
f 1513/1314/1659 1510/1325/1659 1512/1312/1659
f 1511/1330/1660 1513/1327/1654 1514/1316/1656
f 1469/1288/1633 1483/1236/1603 1514/1316/1639
f 1514/1316/1639 1483/1236/1603 1484/1331/1605
f 1483/1236/1577 1469/1288/1616 1482/1237/1579
f 1512/1322/1651 1510/1329/1658 1496/1277/1609
f 1484/1331/1661 1511/1330/1660 1514/1316/1656
f 1482/1284/1585 1500/1285/1614 1481/1295/1586
f 1485/1268/1604 1489/1293/1604 1484/1267/1605
f 1484/1267/1605 1489/1293/1604 1479/1324/1652
f 1530/1189/1662 1531/1191/1663 1539/1190/1664
f 1539/1190/1664 1531/1191/1663 1540/1192/1665
f 1540/1192/1665 1531/1191/1663 1532/1193/1666
f 1540/1194/1665 1532/1196/1666 1533/1195/1667
f 1519/1197/1668 1537/1199/1669 1520/1198/1663
f 1520/1198/1663 1537/1199/1669 1521/1200/1666
f 1521/1200/1666 1537/1199/1669 1538/1201/1670
f 1521/1202/1666 1538/1204/1670 1522/1203/1671
f 1515/1205/1672 1526/1207/1672 1516/1206/1673
f 1516/1206/1673 1526/1207/1672 1527/1208/1673
f 1516/1206/1673 1527/1208/1673 1517/1209/1674
f 1517/1209/1674 1527/1208/1673 1528/1210/1674
f 1517/1209/1674 1528/1210/1674 1518/1211/1675
f 1518/1211/1675 1528/1210/1674 1529/1212/1675
f 1518/1211/1675 1529/1212/1675 1519/1197/1668
f 1519/1197/1668 1529/1212/1675 1530/1189/1662
f 1519/1197/1668 1530/1189/1662 1537/1199/1669
f 1537/1199/1669 1530/1189/1662 1539/1190/1664
f 1538/1204/1670 1540/1194/1665 1522/1203/1671
f 1522/1203/1671 1540/1194/1665 1533/1195/1667
f 1522/1203/1671 1533/1195/1667 1523/1213/1676
f 1523/1213/1676 1533/1195/1667 1534/1214/1676
f 1523/1213/1676 1534/1214/1676 1524/1215/1677
f 1524/1215/1677 1534/1214/1676 1535/1216/1677
f 1524/1215/1677 1535/1216/1677 1525/1217/124
f 1525/1217/124 1535/1216/1677 1536/1218/124
f 1525/1217/124 1536/1218/124 1515/1205/1672
f 1515/1205/1672 1536/1218/124 1526/1207/1672
f 1545/1219/1678 1541/1221/5 1546/1220/1678
f 1546/1220/1678 1541/1221/5 1542/1222/5
f 1546/1220/1679 1542/1222/1679 1547/1223/1679
f 1547/1223/1679 1542/1222/1679 1543/1224/1679
f 1547/1225/1680 1543/1227/4 1548/1226/1680
f 1548/1226/1680 1543/1227/4 1544/1228/4
f 1548/1226/1681 1544/1228/1681 1545/1219/1681
f 1545/1219/1681 1544/1228/1681 1541/1221/1681
f 1537/1229/1682 1545/1219/1678 1538/1230/1682
f 1538/1230/1682 1545/1219/1678 1546/1220/1678
f 1538/1230/1679 1546/1220/1679 1540/1231/1679
f 1540/1231/1679 1546/1220/1679 1547/1223/1679
f 1540/1232/1683 1547/1225/1680 1539/1233/1683
f 1539/1233/1683 1547/1225/1680 1548/1226/1680
f 1539/1233/1681 1548/1226/1681 1537/1229/1681
f 1537/1229/1681 1548/1226/1681 1545/1219/1681
f 1550/1598/683 1564/1600/1684 1553/1599/1685
f 1553/1599/1685 1554/1602/1686 1550/1598/683
f 1550/1598/683 1554/1602/1686 1551/1601/683
f 1551/1601/683 1554/1602/1686 1555/1603/1687
f 1553/1604/1685 1564/1606/1684 1557/1605/1688
f 1557/1605/1688 1564/1606/1684 1563/1607/1689
f 1554/1608/1686 1553/1604/1685 1558/1609/1690
f 1558/1609/1690 1553/1604/1685 1557/1605/1688
f 1555/1610/1687 1554/1608/1686 1559/1611/1691
f 1559/1611/1691 1554/1608/1686 1558/1609/1690
f 1561/1612/118 1557/1614/1688 1563/1613/1689
f 1557/1614/1688 1561/1612/118 1558/1615/1690
f 1558/1615/1690 1561/1612/118 1562/1616/118
f 1558/1615/1690 1562/1616/118 1559/1617/1691
f 1552/1618/1692 1549/1620/1693 1556/1619/1694
f 1556/1619/1694 1549/1620/1693 1560/1621/1519
f 1561/1612/118 1563/1613/1689 1565/1622/1695
f 1564/1606/1684 1566/1623/1696 1563/1607/1689
f 1563/1607/1689 1566/1623/1696 1565/1624/1695
f 1560/1626/1519 1561/1612/118 1556/1625/1694
f 1556/1625/1694 1561/1612/118 1565/1622/1695
f 1565/1624/1695 1566/1623/1696 1556/1619/1694
f 1556/1619/1694 1566/1623/1696 1552/1618/1692
f 1549/1627/1693 1552/1628/1692 1550/1598/683
f 1550/1598/683 1552/1628/1692 1566/1629/1696
f 1567/1630/1524 1569/1632/1697 1570/1631/1698
f 1567/1630/1524 1551/1601/683 1568/1633/1699
f 1568/1633/1699 1551/1601/683 1571/1634/1700
f 1551/1601/683 1555/1603/1687 1571/1634/1700
f 1568/1635/1699 1572/1637/1701 1569/1636/1697
f 1569/1636/1697 1572/1637/1701 1573/1638/1702
f 1571/1639/1700 1574/1640/1703 1568/1635/1699
f 1568/1635/1699 1574/1640/1703 1572/1637/1701
f 1555/1610/1687 1559/1611/1691 1571/1639/1700
f 1571/1639/1700 1559/1611/1691 1574/1640/1703
f 1575/1641/118 1573/1643/1702 1572/1642/1701
f 1572/1642/1701 1574/1644/1703 1575/1641/118
f 1575/1641/118 1574/1644/1703 1562/1616/118
f 1574/1644/1703 1559/1617/1691 1562/1616/118
f 1576/1645/1704 1577/1647/1705 1567/1646/1524
f 1567/1646/1524 1577/1647/1705 1578/1648/1706
f 1575/1641/118 1579/1649/1707 1573/1643/1702
f 1569/1636/1697 1573/1638/1702 1570/1650/1698
f 1570/1650/1698 1573/1638/1702 1579/1651/1707
f 1579/1649/1707 1575/1641/118 1577/1653/1705
f 1577/1653/1705 1575/1641/118 1578/1652/1706
f 1579/1651/1707 1577/1647/1705 1570/1650/1698
f 1570/1650/1698 1577/1647/1705 1576/1645/1704
f 1567/1630/1524 1570/1631/1698 1576/1654/1704
f 1567/1630/1524 1568/1633/1699 1569/1632/1697
f 1550/1598/683 1566/1629/1696 1564/1600/1684
f 1580/1590/683 1585/1592/1708 1581/1591/683
f 1581/1591/683 1585/1592/1708 1587/1593/1708
f 1584/1594/1709 1582/1596/44 1586/1595/1710
f 1586/1595/1710 1582/1596/44 1583/1597/44
f 1584/1594/1709 1586/1595/1710 1585/1592/1708
f 1585/1592/1708 1586/1595/1710 1587/1593/1708
f 1592/1399/44 1590/1401/44 1593/1400/44
f 1591/1402/124 1595/1404/124 1594/1403/124
f 1591/1402/1324 1590/1401/1324 1595/1404/1324
f 1595/1404/1324 1590/1401/1324 1592/1399/1324
f 1589/1405/44 1592/1399/44 1593/1400/44
f 1595/1404/124 1588/1406/124 1594/1403/124
f 1592/1399/1325 1589/1405/1325 1595/1404/1325
f 1595/1404/1325 1589/1405/1325 1588/1406/1325
f 1613/1332/1711 1615/1334/1712 1614/1333/1713
f 1613/1332/1711 1614/1333/1713 1616/1335/1714
f 1616/1335/1714 1614/1333/1713 1617/1336/1715
f 1616/1335/1714 1617/1336/1715 1618/1337/1716
f 1614/1333/1713 1615/1334/1712 1607/1339/1717
f 1607/1339/1717 1615/1334/1712 1609/1338/1718
f 1615/1334/1712 1613/1332/1711 1609/1341/1718
f 1609/1341/1718 1613/1332/1711 1611/1340/1719
f 1611/1342/1719 1613/1332/1711 1612/1343/1720
f 1612/1343/1720 1613/1332/1711 1616/1335/1714
f 1608/1344/1721 1617/1336/1715 1607/1345/1717
f 1607/1345/1717 1617/1336/1715 1614/1333/1713
f 1612/1346/1720 1616/1335/1714 1610/1347/1722
f 1610/1347/1722 1616/1335/1714 1618/1337/1716
f 1610/1348/1722 1618/1337/1716 1608/1349/1721
f 1608/1349/1721 1618/1337/1716 1617/1336/1715
f 1620/1353/1723 1619/1351/1724 1598/1352/1725
f 1598/1352/1725 1619/1351/1724 1599/1350/1726
f 1620/1353/1723 1622/1354/1727 1619/1351/1724
f 1619/1351/1724 1622/1354/1727 1621/1355/1728
f 1624/1358/1729 1623/1357/1730 1622/1354/1727
f 1622/1354/1727 1623/1357/1730 1621/1356/1728
f 1624/1358/1729 1628/1360/1731 1623/1359/1730
f 1623/1359/1730 1628/1360/1731 1627/1361/1732
f 1625/1365/1733 1626/1363/1734 1601/1364/1735
f 1601/1364/1736 1626/1363/1737 1600/1362/1736
f 1625/1366/1733 1627/1367/1732 1626/1363/1734
f 1626/1363/1734 1627/1367/1732 1628/1360/1731
f 1619/1368/1738 1621/1370/1739 1604/1369/1738
f 1604/1369/1738 1621/1370/1739 1605/1371/1739
f 1608/1372/1311 1622/1354/1740 1610/1373/118
f 1610/1373/118 1622/1354/1740 1620/1353/1723
f 1597/1374/44 1599/1375/44 1604/1369/1741
f 1604/1369/1738 1599/1375/44 1619/1368/1738
f 1621/1370/1739 1623/1376/1742 1605/1371/1739
f 1605/1371/1739 1623/1376/1742 1606/1377/1743
f 1607/1378/1744 1624/1358/1745 1608/1372/1311
f 1608/1372/1311 1624/1358/1745 1622/1354/1740
f 1596/1379/124 1602/1381/124 1601/1380/124
f 1601/1380/124 1602/1381/124 1625/1382/124
f 1623/1376/1742 1627/1383/1746 1606/1377/1743
f 1606/1377/1743 1627/1383/1746 1603/1384/1746
f 1628/1360/1747 1624/1358/1745 1609/1385/1748
f 1609/1385/1748 1624/1358/1745 1607/1378/1744
f 1602/1381/4 1603/1384/4 1625/1382/4
f 1625/1382/4 1603/1384/4 1627/1383/4
f 1598/1352/1725 1600/1362/118 1620/1353/1723
f 1620/1353/1723 1600/1362/118 1612/1386/118
f 1626/1363/118 1628/1360/1747 1611/1387/118
f 1611/1387/118 1628/1360/1747 1609/1385/1748
f 1612/1386/118 1610/1373/118 1620/1353/1723
f 1611/1387/118 1612/1386/118 1626/1363/118
f 1626/1363/118 1612/1386/118 1600/1362/118
f 1649/979/1749 1655/981/1750 1650/980/1749
f 1650/980/1749 1655/981/1750 1654/982/1750
f 1667/986/1751 1666/984/1752 1664/985/1753
f 1664/985/1753 1666/984/1752 1665/983/1754
f 1645/987/124 1653/989/124 1646/988/124
f 1646/988/124 1653/989/124 1652/990/124
f 1631/991/1755 1643/993/1756 1634/992/1757
f 1634/992/1757 1643/993/1756 1642/994/1758
f 1635/995/1759 1641/997/1760 1636/996/1761
f 1636/996/1761 1641/997/1760 1644/998/1762
f 1662/999/1763 1633/1001/1764 1663/1000/1763
f 1663/1000/1763 1633/1001/1764 1632/1002/1764
f 1646/1003/118 1652/1005/118 1660/1004/1765
f 1660/1004/1765 1652/1005/118 1661/1006/1766
f 1637/1007/1767 1658/1009/1768 1638/1008/1767
f 1638/1008/1767 1658/1009/1769 1657/1010/1769
f 1630/1011/1770 1637/1007/1771 1629/1012/1770
f 1629/1012/1770 1637/1007/1771 1638/1008/1771
f 1636/1013/1761 1639/1015/1772 1635/1014/1759
f 1635/1014/1759 1639/1015/1772 1640/1016/1772
f 1658/1017/118 1637/1019/118 1659/1018/118
f 1659/1018/118 1637/1019/118 1630/1020/118
f 1656/1024/1773 1655/1022/118 1648/1023/1774
f 1648/1023/1774 1655/1022/118 1649/1021/118
f 1649/979/1749 1650/980/1749 1641/997/1760
f 1641/997/1760 1650/980/1749 1644/998/1762
f 1630/1011/1770 1629/1012/1770 1646/988/124
f 1646/988/124 1629/1012/1770 1645/987/124
f 1630/1020/118 1646/1003/118 1659/1018/118
f 1659/1018/118 1646/1003/118 1660/1004/1765
f 1641/1025/118 1635/1026/118 1648/1023/1774
f 1648/1023/1774 1635/1026/118 1647/1027/1775
f 1649/1021/118 1641/1025/118 1648/1023/1774
f 1652/1005/118 1633/1028/118 1661/1006/1766
f 1661/1006/1766 1633/1028/118 1662/1029/118
f 1653/989/124 1632/1002/1764 1652/990/124
f 1652/990/124 1632/1002/1764 1633/1001/1764
f 1642/1030/1758 1643/1031/1756 1655/981/1750
f 1655/981/1750 1643/1031/1756 1654/982/1750
f 1656/1024/1773 1642/1032/118 1655/1022/118
f 1634/1034/118 1642/1032/118 1651/1033/1776
f 1651/1033/1776 1642/1032/118 1656/1024/1773
f 1658/1009/1769 1640/1016/1772 1657/1010/1769
f 1657/1010/1769 1640/1016/1772 1639/1015/1772
f 1635/1026/118 1640/1035/118 1659/1018/118
f 1659/1018/118 1640/1035/118 1658/1017/118
f 1659/1018/118 1660/1004/1765 1635/1026/118
f 1635/1026/118 1660/1004/1765 1647/1027/1775
f 1667/986/1751 1664/985/1753 1669/1037/1777
f 1669/1037/1777 1664/985/1753 1668/1036/1778
f 1634/1034/118 1651/1033/1776 1662/1029/118
f 1662/1029/118 1651/1033/1776 1661/1006/1766
f 1631/991/1755 1634/992/1757 1663/1000/1763
f 1663/1000/1763 1634/992/1757 1662/999/1763
f 1664/985/1753 1665/983/1754 1647/1039/1775
f 1647/1039/1775 1665/983/1754 1648/1038/1774
f 1648/1040/1774 1665/983/1754 1656/1041/1773
f 1656/1041/1773 1665/983/1754 1666/984/1752
f 1666/984/1752 1667/986/1751 1656/1043/1773
f 1656/1043/1773 1667/986/1751 1651/1042/1776
f 1661/1044/1766 1669/1037/1777 1660/1045/1765
f 1660/1045/1765 1669/1037/1777 1668/1036/1778
f 1660/1045/1765 1668/1036/1778 1647/1046/1775
f 1647/1046/1775 1668/1036/1778 1664/985/1753
f 1667/986/1751 1669/1037/1777 1651/1047/1776
f 1651/1047/1776 1669/1037/1777 1661/1044/1766
f 1671/1655/5 1676/1657/5 1670/1656/5
f 1672/1658/5 1676/1657/5 1671/1655/5
f 1673/1659/5 1676/1657/5 1672/1658/5
f 1674/1660/5 1676/1657/5 1673/1659/5
f 1675/1661/5 1676/1657/5 1674/1660/5
f 1676/1657/5 1680/1662/5 1670/1656/5
f 1670/1656/5 1680/1662/5 1678/1663/5
f 1675/1661/5 1679/1664/5 1676/1657/5
f 1676/1657/5 1679/1664/5 1680/1662/5
f 1678/1663/1779 1682/1666/1780 1670/1656/1781
f 1670/1656/1781 1682/1666/1780 1683/1665/1782
f 1670/1656/1781 1683/1667/1782 1671/1655/1783
f 1671/1655/1783 1683/1667/1782 1684/1668/1784
f 1671/1655/1783 1684/1669/1784 1672/1658/1785
f 1672/1658/1785 1684/1669/1784 1685/1670/1786
f 1672/1658/1785 1685/1671/1786 1673/1659/1787
f 1673/1659/1787 1685/1671/1786 1686/1672/1788
f 1686/1674/1788 1687/1673/1789 1673/1659/1787
f 1673/1659/1787 1687/1673/1789 1674/1660/1790
f 1687/1676/1789 1688/1675/1791 1674/1660/1790
f 1674/1660/1790 1688/1675/1791 1675/1661/1792
f 1679/1664/1793 1675/1661/1792 1689/1678/1794
f 1689/1678/1794 1675/1661/1792 1688/1677/1791
f 1690/1679/1795 1693/1681/1796 1691/1680/1797
f 1691/1680/1797 1693/1681/1796 1692/1682/1798
f 1702/1685/1799 1703/1683/1800 1691/1684/1797
f 1691/1684/1797 1703/1683/1801 1690/1679/1795
f 1693/1681/1796 1695/1687/1802 1692/1686/1798
f 1692/1686/1798 1695/1687/1802 1694/1688/1803
f 1695/1687/1802 1697/1690/1804 1694/1689/1803
f 1694/1689/1803 1697/1690/1804 1696/1691/1805
f 1699/1694/1806 1698/1693/1807 1697/1690/1804
f 1697/1690/1804 1698/1693/1807 1696/1692/1805
f 1701/1697/1808 1700/1696/1809 1699/1694/1806
f 1699/1694/1806 1700/1696/1809 1698/1695/1807
f 1701/1697/1808 1704/1699/1810 1700/1698/1809
f 1700/1698/1809 1704/1699/1810 1705/1700/1811
f 1683/1701/1782 1691/1680/1797 1684/1702/1784
f 1684/1702/1784 1691/1680/1797 1692/1682/1798
f 1684/1703/1784 1692/1686/1798 1685/1704/1786
f 1685/1704/1786 1692/1686/1798 1694/1688/1803
f 1685/1705/1786 1694/1689/1803 1686/1706/1788
f 1686/1706/1788 1694/1689/1803 1696/1691/1805
f 1696/1692/1805 1698/1693/1807 1686/1708/1788
f 1686/1708/1788 1698/1693/1807 1687/1707/1789
f 1698/1695/1807 1700/1696/1809 1687/1710/1789
f 1687/1710/1789 1700/1696/1809 1688/1709/1791
f 1677/1711/1812 1693/1681/1813 1690/1679/1814
f 1677/1711/1812 1695/1687/1815 1693/1681/1813
f 1677/1711/1812 1697/1690/1816 1695/1687/1815
f 1677/1711/1812 1699/1694/1817 1697/1690/1816
f 1677/1711/1812 1701/1697/1818 1699/1694/1817
f 1682/1712/1780 1702/1685/1799 1683/1713/1782
f 1683/1713/1782 1702/1685/1799 1691/1684/1797
f 1700/1698/1809 1705/1700/1811 1688/1714/1791
f 1688/1714/1791 1705/1700/1811 1689/1715/1794
f 1681/1716/4 1677/1711/1812 1703/1683/1819
f 1703/1683/1819 1677/1711/1812 1690/1679/1814
f 1701/1697/1818 1677/1711/1812 1704/1699/1820
f 1704/1699/1821 1677/1711/1812 1681/1716/4
f 1722/211/44 1723/213/44 1708/212/44
f 1708/212/44 1723/213/44 1709/214/44
f 1723/213/1822 1724/215/1823 1709/214/1824
f 1709/214/1824 1724/215/1823 1711/216/1825
f 1710/217/1826 1725/218/1827 1708/212/1828
f 1708/212/1828 1725/218/1827 1722/211/1829
f 1707/219/44 1713/221/44 1712/220/44
f 1714/223/1830 1713/221/1831 1706/222/1832
f 1706/222/1832 1713/221/1831 1707/219/1832
f 1712/220/44 1713/221/44 1715/224/44
f 1715/224/44 1713/221/44 1716/225/44
f 1713/221/1831 1714/223/1830 1716/225/1833
f 1716/225/1833 1714/223/1830 1717/226/1834
f 1715/224/44 1716/225/44 1718/227/44
f 1718/227/44 1716/225/44 1719/228/44
f 1716/225/1833 1717/226/1834 1719/228/1835
f 1719/228/1835 1717/226/1834 1720/229/1836
f 1718/227/44 1719/228/44 1722/211/44
f 1722/211/44 1719/228/44 1723/213/44
f 1719/228/1835 1720/229/1836 1723/213/1822
f 1723/213/1822 1720/229/1836 1724/215/1823
f 1725/218/1827 1721/230/1837 1722/211/1829
f 1722/211/1829 1721/230/1837 1718/227/1838
f 1708/212/44 1709/214/44 1726/231/44
f 1726/231/44 1709/214/44 1727/232/44
f 1709/214/1824 1711/216/1825 1727/232/1839
f 1727/232/1839 1711/216/1840 1728/233/1839
f 1710/217/1826 1708/212/1828 1729/234/1841
f 1729/234/1841 1708/212/1828 1726/231/1842
f 1737/374/1843 1736/372/1844 1733/373/1845
f 1733/373/1845 1736/372/1844 1735/371/1846
f 1736/372/1844 1738/376/1847 1735/371/1848
f 1735/371/1849 1738/376/1847 1734/375/1849
f 1749/377/1850 1764/379/1851 1757/378/1852
f 1757/378/1852 1764/379/1851 1758/380/1853
f 1758/380/1853 1764/379/1851 1763/381/1854
f 1739/382/1855 1743/384/1856 1741/383/1857
f 1741/383/1857 1743/384/1856 1742/385/1858
f 1742/385/1858 1744/387/1859 1741/383/1857
f 1741/383/1857 1744/387/1859 1740/386/1860
f 1751/388/1861 1754/390/1861 1752/389/1862
f 1752/389/1862 1754/390/1861 1753/391/1862
f 1733/373/1845 1740/386/1860 1737/374/1843
f 1737/374/1843 1740/386/1860 1744/387/1859
f 1731/393/1863 1732/392/1863 1746/398/1863
f 1746/398/1863 1732/392/1863 1747/399/1863
f 1747/399/1863 1732/392/1863 1745/397/1863
f 1745/397/1863 1732/392/1863 1749/396/1863
f 1732/392/1863 1748/394/1863 1749/396/1863
f 1748/394/1863 1750/395/1863 1749/396/1863
f 1738/376/1864 1753/391/1865 1734/375/1866
f 1734/375/1866 1753/391/1867 1754/390/1868
f 1755/403/1869 1756/401/1870 1732/402/1871
f 1732/402/1871 1756/401/1870 1748/400/1871
f 1730/404/1872 1731/405/1872 1743/384/1856
f 1743/384/1856 1731/405/1872 1746/406/1873
f 1743/384/1856 1746/406/1873 1742/385/1858
f 1742/385/1858 1746/406/1873 1747/407/1874
f 1742/385/1858 1747/407/1874 1744/387/1859
f 1744/387/1859 1747/407/1874 1745/408/1875
f 1745/408/1875 1749/377/1850 1744/387/1859
f 1744/387/1859 1749/377/1850 1737/374/1843
f 1749/377/1850 1757/378/1852 1737/374/1843
f 1737/374/1843 1757/378/1852 1736/372/1844
f 1736/372/1844 1757/378/1852 1738/376/1847
f 1738/376/1847 1757/378/1852 1758/380/1853
f 1759/409/1876 1753/391/1877 1758/380/1853
f 1758/380/1853 1753/391/1877 1738/376/1847
f 1753/391/1862 1759/409/1878 1752/389/1862
f 1752/389/1862 1759/409/1878 1760/410/1878
f 1762/411/1878 1756/401/1870 1761/412/1878
f 1761/412/1878 1756/401/1870 1755/413/1869
f 1748/400/1879 1756/401/1880 1763/381/1854
f 1763/381/1854 1756/401/1880 1762/411/1881
f 1764/379/1851 1750/414/1882 1763/381/1854
f 1763/381/1854 1750/414/1882 1748/400/1879
f 1749/377/1850 1750/414/1882 1764/379/1851
f 1767/371/1883 1768/372/1884 1765/373/1885
f 1765/373/1885 1768/372/1884 1769/374/1886
f 1766/375/1887 1770/376/1888 1767/371/1883
f 1767/371/1883 1770/376/1888 1768/372/1884
f 1781/377/1889 1786/378/1890 1791/379/1891
f 1786/378/1890 1787/380/1892 1791/379/1891
f 1791/379/1891 1787/380/1892 1790/381/1893
f 1771/382/1894 1773/383/1895 1775/384/1896
f 1775/384/1896 1773/383/1895 1774/385/1897
f 1772/386/1898 1776/387/1899 1773/383/1895
f 1773/383/1895 1776/387/1899 1774/385/1897
f 1751/388/1861 1752/389/1862 1784/390/1861
f 1784/390/1861 1752/389/1862 1783/391/1862
f 1765/373/1885 1769/374/1886 1772/386/1898
f 1772/386/1898 1769/374/1886 1776/387/1899
f 1732/392/1863 1731/393/1863 1780/394/1863
f 1780/394/1863 1731/393/1863 1782/395/1863
f 1782/395/1863 1731/393/1863 1781/396/1863
f 1781/396/1863 1731/393/1863 1777/397/1863
f 1731/393/1863 1778/398/1863 1777/397/1863
f 1778/398/1863 1779/399/1863 1777/397/1863
f 1770/376/1888 1766/375/1887 1783/391/1900
f 1783/391/1900 1766/375/1887 1784/390/1901
f 1780/400/1871 1785/401/1870 1732/402/1871
f 1732/402/1871 1785/401/1870 1755/403/1869
f 1730/404/1872 1775/384/1896 1731/405/1872
f 1731/405/1872 1775/384/1896 1778/406/1902
f 1775/384/1896 1774/385/1897 1778/406/1902
f 1778/406/1902 1774/385/1897 1779/407/1903
f 1774/385/1897 1776/387/1899 1779/407/1903
f 1779/407/1903 1776/387/1899 1777/408/1904
f 1769/374/1886 1781/377/1889 1776/387/1899
f 1776/387/1899 1781/377/1889 1777/408/1904
f 1768/372/1884 1786/378/1890 1769/374/1886
f 1769/374/1886 1786/378/1890 1781/377/1889
f 1768/372/1884 1770/376/1888 1786/378/1890
f 1786/378/1890 1770/376/1888 1787/380/1892
f 1788/409/1905 1787/380/1892 1783/391/1900
f 1783/391/1900 1787/380/1892 1770/376/1888
f 1783/391/1862 1752/389/1862 1788/409/1878
f 1788/409/1878 1752/389/1862 1760/410/1878
f 1789/411/1878 1761/412/1878 1785/401/1870
f 1785/401/1870 1761/412/1878 1755/413/1869
f 1780/400/1906 1790/381/1893 1785/401/1907
f 1785/401/1907 1790/381/1893 1789/411/1908
f 1791/379/1891 1790/381/1893 1782/414/1909
f 1782/414/1909 1790/381/1893 1780/400/1906
f 1781/377/1889 1791/379/1891 1782/414/1909
f 1797/418/1910 1820/416/1911 1794/417/1912
f 1794/417/1912 1820/416/1911 1796/415/1913
f 1821/422/1914 1792/420/1915 1819/421/1916
f 1819/421/1916 1792/420/1915 1818/419/1917
f 1798/426/1918 1795/424/1919 1822/425/1920
f 1822/425/1920 1795/424/1919 1823/423/1921
f 1825/427/1922 1794/417/1912 1824/428/1923
f 1794/417/1912 1796/415/1913 1824/428/1923
f 1800/432/1924 1816/430/1924 1799/431/1924
f 1799/431/1924 1816/430/1924 1814/429/1925
f 1826/433/1926 1795/424/1927 1825/427/1928
f 1825/427/1928 1795/424/1927 1794/417/1929
f 1796/415/1930 1793/435/1931 1828/434/1930
f 1828/434/1930 1793/435/1931 1817/436/1932
f 1819/437/1933 1793/435/1934 1820/416/1911
f 1820/416/1911 1793/435/1934 1796/415/1913
f 1798/426/1935 1792/438/1936 1797/418/1910
f 1792/438/1937 1798/426/1918 1818/439/861
f 1818/439/861 1798/426/1918 1822/425/1920
f 1807/440/1938 1806/442/1939 1808/441/1940
f 1806/446/1941 1805/444/1942 1808/445/1943
f 1808/445/1943 1805/444/1942 1809/443/1944
f 1809/447/1945 1805/449/1946 1810/448/1947
f 1794/450/1948 1801/452/1949 1797/451/1950
f 1797/451/1950 1801/452/1949 1802/453/1951
f 1797/454/1952 1802/456/1953 1798/455/1954
f 1798/455/1954 1802/456/1953 1803/457/1955
f 1803/461/1956 1804/459/1957 1798/460/1918
f 1798/460/1918 1804/459/1957 1795/458/1919
f 1804/459/1958 1801/452/1959 1795/458/1927
f 1795/458/1927 1801/452/1959 1794/450/1929
f 1800/432/1960 1799/431/1961 1810/448/1962
f 1810/448/1962 1799/431/1961 1807/440/1963
f 1810/448/1947 1805/449/1946 1800/432/1964
f 1805/449/1946 1815/462/1965 1800/432/1964
f 1815/462/1965 1816/463/1965 1800/432/1964
f 1806/446/1966 1813/464/1967 1805/444/1968
f 1805/444/1968 1813/464/1967 1815/465/1969
f 1807/440/1938 1799/431/1970 1806/442/1939
f 1806/442/1939 1799/431/1970 1813/466/1971
f 1799/431/1970 1814/467/1972 1813/466/1971
f 1801/452/1949 1807/440/1938 1811/468/1973
f 1811/468/1973 1807/440/1938 1808/441/1940
f 1811/469/1974 1808/445/1975 1812/470/1976
f 1812/470/1976 1808/445/1975 1809/443/1977
f 1809/447/1945 1810/448/1947 1812/471/1978
f 1812/471/1978 1810/448/1947 1804/459/1957
f 1804/459/1958 1810/448/1962 1801/452/1959
f 1801/452/1959 1810/448/1962 1807/440/1963
f 1801/452/1949 1811/468/1973 1802/453/1951
f 1802/456/1953 1811/469/1974 1803/457/1955
f 1803/457/1955 1811/469/1974 1812/470/1976
f 1803/461/1956 1812/471/1978 1804/459/1957
f 1816/430/1979 1815/465/1980 1814/429/1981
f 1814/429/1981 1815/465/1980 1813/464/1982
f 1821/472/1983 1819/437/1933 1820/416/1911
f 1792/438/1936 1821/472/1983 1797/418/1910
f 1797/418/1910 1821/472/1983 1820/416/1911
f 1795/424/1919 1826/433/1984 1823/423/1921
f 1823/423/1921 1826/433/1984 1827/473/1985
f 1825/427/1986 1824/428/1923 1830/474/1987
f 1830/474/1987 1824/428/1923 1829/475/1988
f 1793/477/1989 1819/421/1916 1817/476/1990
f 1817/476/1990 1819/421/1916 1818/419/1917
f 1835/415/1991 1857/416/1992 1833/417/1993
f 1833/417/1993 1857/416/1992 1836/418/1994
f 1818/419/1917 1831/420/1995 1856/421/1996
f 1856/421/1996 1831/420/1995 1858/422/1997
f 1823/423/1921 1834/424/1998 1822/425/1920
f 1822/425/1920 1834/424/1998 1837/426/1999
f 1860/427/2000 1859/428/2001 1833/417/2002
f 1833/417/2002 1859/428/2001 1835/415/2003
f 1853/429/2004 1855/430/2005 1838/431/2005
f 1838/431/2005 1855/430/2005 1839/432/2005
f 1833/417/2002 1834/424/2006 1860/427/2000
f 1860/427/2000 1834/424/2006 1861/433/2007
f 1835/415/1930 1828/434/1930 1832/435/2008
f 1832/435/2008 1828/434/1930 1817/436/1932
f 1856/437/2009 1857/416/1992 1832/435/2010
f 1832/435/2010 1857/416/1992 1835/415/1991
f 1837/426/2011 1836/418/1994 1831/438/2012
f 1822/425/1920 1837/426/1999 1818/439/861
f 1818/439/861 1837/426/1999 1831/438/2013
f 1846/440/2014 1847/441/2015 1845/442/2016
f 1848/443/2017 1844/444/2018 1847/445/2019
f 1847/445/2019 1844/444/2018 1845/446/2020
f 1848/447/2021 1849/448/2022 1844/449/2023
f 1833/450/2024 1836/451/2025 1840/452/2026
f 1840/452/2026 1836/451/2025 1841/453/2027
f 1836/454/2028 1837/455/2029 1841/456/2030
f 1841/456/2030 1837/455/2029 1842/457/2031
f 1834/458/1998 1843/459/2032 1837/460/1999
f 1837/460/1999 1843/459/2032 1842/461/2033
f 1833/450/2034 1840/452/2035 1834/458/2036
f 1834/458/2036 1840/452/2035 1843/459/2037
f 1846/440/2038 1838/431/2039 1849/448/2040
f 1849/448/2040 1838/431/2039 1839/432/2041
f 1849/448/2022 1839/432/2042 1844/449/2023
f 1844/449/2023 1839/432/2042 1854/462/2043
f 1839/432/2042 1855/463/2043 1854/462/2043
f 1845/446/2044 1844/444/2045 1852/464/2046
f 1852/464/2046 1844/444/2045 1854/465/2047
f 1846/440/2014 1845/442/2016 1838/431/2048
f 1845/442/2016 1852/466/2049 1838/431/2048
f 1852/466/2049 1853/467/2049 1838/431/2048
f 1840/452/2026 1850/468/2050 1846/440/2014
f 1846/440/2014 1850/468/2050 1847/441/2015
f 1850/469/2051 1851/470/2052 1847/445/2053
f 1847/445/2053 1851/470/2052 1848/443/2054
f 1843/459/2032 1849/448/2022 1851/471/2055
f 1851/471/2055 1849/448/2022 1848/447/2021
f 1843/459/2037 1840/452/2035 1849/448/2040
f 1849/448/2040 1840/452/2035 1846/440/2038
f 1840/452/2026 1841/453/2027 1850/468/2050
f 1841/456/2030 1842/457/2031 1850/469/2051
f 1850/469/2051 1842/457/2031 1851/470/2052
f 1842/461/2033 1843/459/2032 1851/471/2055
f 1852/464/2056 1854/465/2057 1853/429/2058
f 1853/429/2058 1854/465/2057 1855/430/2059
f 1858/472/2060 1857/416/1992 1856/437/2009
f 1857/416/1992 1858/472/2060 1836/418/1994
f 1836/418/1994 1858/472/2060 1831/438/2012
f 1862/473/2061 1861/433/2062 1823/423/1921
f 1823/423/1921 1861/433/2063 1834/424/1998
f 1860/427/2000 1864/474/2064 1859/428/2001
f 1859/428/2001 1864/474/2064 1863/475/2065
f 1818/419/1917 1856/421/1996 1817/476/1990
f 1817/476/1990 1856/421/1996 1832/477/2066
f 1874/582/684 1884/584/2067 1865/583/685
f 1865/583/685 1884/584/2067 1875/585/715
f 1865/583/685 1875/585/715 1866/586/631
f 1866/586/631 1875/585/715 1876/587/713
f 1866/586/631 1876/587/713 1867/588/689
f 1867/588/689 1876/587/713 1877/589/712
f 1877/593/712 1878/591/2068 1867/592/689
f 1867/592/689 1878/591/2068 1868/590/2069
f 1878/591/2068 1879/595/2070 1868/590/2069
f 1868/590/2069 1879/595/2070 1869/594/693
f 1869/594/693 1879/595/2070 1870/596/637
f 1870/596/637 1879/595/2070 1880/597/2071
f 1870/596/637 1880/597/2071 1871/598/636
f 1871/598/636 1880/597/2071 1881/599/2072
f 1871/598/636 1881/599/2072 1872/600/635
f 1872/600/635 1881/599/2072 1882/601/2073
f 1872/600/635 1882/601/2073 1873/602/698
f 1873/602/698 1882/601/2073 1883/603/2074
f 1873/602/698 1883/603/2074 1874/582/684
f 1874/582/684 1883/603/2074 1884/584/2067
f 1884/584/2067 1894/604/729 1875/585/715
f 1875/585/715 1894/604/729 1885/605/728
f 1875/585/715 1885/605/728 1876/587/713
f 1876/587/713 1885/605/728 1886/606/727
f 1876/587/713 1886/606/727 1877/589/712
f 1877/589/712 1886/606/727 1887/607/726
f 1877/593/712 1887/608/726 1878/591/2068
f 1878/591/2068 1887/608/726 1888/609/2075
f 1878/591/2068 1888/609/2075 1879/595/2070
f 1879/595/2070 1888/609/2075 1889/610/734
f 1879/595/2070 1889/610/734 1880/597/2071
f 1880/597/2071 1889/610/734 1890/611/733
f 1880/597/2071 1890/611/733 1881/599/2072
f 1881/599/2072 1890/611/733 1891/612/732
f 1881/599/2072 1891/612/732 1882/601/2073
f 1882/601/2073 1891/612/732 1892/613/731
f 1882/601/2073 1892/613/731 1883/603/2074
f 1883/603/2074 1892/613/731 1893/614/730
f 1883/603/2074 1893/614/730 1884/584/2067
f 1884/584/2067 1893/614/730 1894/604/729
f 1895/615/63 1905/617/2076 1896/616/710
f 1896/616/710 1905/617/2076 1906/618/690
f 1896/619/710 1906/621/690 1897/620/631
f 1897/620/631 1906/621/690 1907/622/688
f 1897/620/631 1907/622/688 1898/623/714
f 1898/623/714 1907/622/688 1908/624/687
f 1908/624/687 1909/626/2077 1898/623/714
f 1898/623/714 1909/626/2077 1899/625/716
f 1909/626/2077 1910/628/2078 1899/625/716
f 1899/625/716 1910/628/2078 1900/627/718
f 1900/627/718 1910/628/2078 1901/629/635
f 1901/629/635 1910/628/2078 1911/630/2079
f 1901/629/635 1911/630/2079 1902/631/636
f 1902/631/636 1911/630/2079 1912/632/2080
f 1902/631/636 1912/632/2080 1903/633/637
f 1903/633/637 1912/632/2080 1913/634/2081
f 1903/633/637 1913/634/2081 1904/635/723
f 1904/635/723 1913/634/2081 1914/636/2082
f 1904/635/723 1914/636/2082 1895/615/63
f 1895/615/63 1914/636/2082 1905/617/2076
f 1905/617/2076 1915/637/704 1906/618/690
f 1906/618/690 1915/637/704 1916/638/2083
f 1906/621/690 1916/639/2083 1907/622/688
f 1907/622/688 1916/639/2083 1917/640/702
f 1907/622/688 1917/640/702 1908/624/687
f 1908/624/687 1917/640/702 1918/641/701
f 1908/624/687 1918/641/701 1909/626/2077
f 1909/626/2077 1918/641/701 1919/642/700
f 1909/626/2077 1919/642/700 1910/628/2078
f 1910/628/2078 1919/642/700 1920/643/2084
f 1910/628/2078 1920/643/2084 1911/630/2079
f 1911/630/2079 1920/643/2084 1921/644/2085
f 1911/630/2079 1921/644/2085 1912/632/2080
f 1912/632/2080 1921/644/2085 1922/645/707
f 1912/632/2080 1922/645/707 1913/634/2081
f 1913/634/2081 1922/645/707 1923/646/706
f 1913/634/2081 1923/646/706 1914/636/2082
f 1914/636/2082 1923/646/706 1924/647/705
f 1914/636/2082 1924/647/705 1905/617/2076
f 1905/617/2076 1924/647/705 1915/637/704
f 1888/609/2075 1887/608/726 1915/637/704
f 1915/637/704 1887/608/726 1916/638/2083
f 1887/607/726 1886/606/727 1916/639/2083
f 1916/639/2083 1886/606/727 1917/640/702
f 1886/606/727 1885/605/728 1917/640/702
f 1917/640/702 1885/605/728 1918/641/701
f 1885/605/728 1894/604/729 1918/641/701
f 1918/641/701 1894/604/729 1919/642/700
f 1894/604/729 1893/614/730 1919/642/700
f 1919/642/700 1893/614/730 1920/643/2084
f 1893/614/730 1892/613/731 1920/643/2084
f 1920/643/2084 1892/613/731 1921/644/2085
f 1892/613/731 1891/612/732 1921/644/2085
f 1921/644/2085 1891/612/732 1922/645/707
f 1891/612/732 1890/611/733 1922/645/707
f 1922/645/707 1890/611/733 1923/646/706
f 1890/611/733 1889/610/734 1923/646/706
f 1923/646/706 1889/610/734 1924/647/705
f 1889/610/734 1888/609/2075 1924/647/705
f 1924/647/705 1888/609/2075 1915/637/704
f 1942/648/683 1943/650/683 1952/649/683
f 1952/649/683 1943/650/683 1953/651/683
f 1930/655/2086 1928/653/2087 1940/654/2088
f 1940/654/2088 1928/653/2087 1941/652/2089
f 1955/656/2090 1930/655/2086 1956/657/2091
f 1956/657/2091 1930/655/2086 1940/654/2088
f 1928/661/2092 1930/659/2093 1954/660/2094
f 1954/660/2094 1930/659/2093 1955/658/2095
f 1959/662/2096 1929/664/2097 1946/663/2098
f 1946/663/2098 1929/664/2097 1927/665/2099
f 1959/669/2100 1958/667/2101 1929/668/2102
f 1929/668/2102 1958/667/2101 1934/666/2103
f 1927/670/2104 1929/668/2102 1935/671/2105
f 1935/671/2105 1929/668/2102 1934/666/2103
f 1947/672/683 1945/674/683 1948/673/683
f 1948/673/683 1945/674/683 1944/675/683
f 1937/677/2106 1934/666/2103 1957/676/2107
f 1957/676/2107 1934/666/2103 1958/667/2101
f 1937/677/2106 1938/678/2108 1934/666/2103
f 1934/666/2103 1938/678/2108 1935/671/2105
f 1938/682/2109 1950/680/2110 1935/681/2111
f 1935/681/2111 1950/680/2110 1949/679/2112
f 1956/657/2091 1940/654/2088 1957/676/2107
f 1957/676/2107 1940/654/2088 1937/677/2106
f 1940/654/2088 1941/652/2089 1937/677/2106
f 1937/677/2106 1941/652/2089 1938/678/2108
f 1938/682/2109 1941/683/2113 1950/680/2110
f 1950/680/2110 1941/683/2113 1951/684/2114
f 1942/648/2115 1952/649/2116 1941/683/2117
f 1941/683/2117 1952/649/2116 1951/684/2118
f 1943/650/2119 1928/661/2120 1953/651/2121
f 1953/651/2122 1928/661/2092 1954/660/2094
f 1943/686/2123 1942/685/2124 1928/653/2087
f 1928/653/2087 1942/685/2124 1941/652/2089
f 1944/675/2125 1935/681/2126 1948/673/2127
f 1948/673/2127 1935/681/2126 1949/679/2128
f 1944/688/2129 1945/687/2130 1935/671/2105
f 1935/671/2105 1945/687/2130 1927/670/2104
f 1945/674/2131 1947/672/2132 1927/665/2099
f 1927/665/2099 1947/672/2132 1946/663/2098
f 1954/660/2094 1955/658/2095 1926/690/2133
f 1926/690/2133 1955/658/2095 1932/689/2134
f 1939/691/2135 1932/692/2136 1956/657/2091
f 1956/657/2091 1932/692/2136 1955/656/2090
f 1936/693/2137 1939/691/2135 1957/676/2107
f 1957/676/2107 1939/691/2135 1956/657/2091
f 1933/694/2138 1936/693/2137 1958/667/2101
f 1958/667/2101 1936/693/2137 1957/676/2107
f 1931/695/2139 1933/694/2138 1959/669/2100
f 1959/669/2100 1933/694/2138 1958/667/2101
f 1931/696/2140 1959/662/2096 1925/697/2141
f 1925/697/2141 1959/662/2096 1946/663/2098
f 1977/648/683 1987/649/683 1978/650/683
f 1978/650/683 1987/649/683 1988/651/683
f 1976/652/2142 1963/653/2143 1975/654/2144
f 1975/654/2144 1963/653/2143 1965/655/2145
f 1990/656/2146 1991/657/2147 1965/655/2145
f 1965/655/2145 1991/657/2147 1975/654/2144
f 1990/658/2148 1965/659/2149 1989/660/2150
f 1989/660/2150 1965/659/2149 1963/661/2151
f 1994/662/2152 1981/663/2153 1964/664/2154
f 1964/664/2154 1981/663/2153 1962/665/2155
f 1969/666/2156 1993/667/2157 1964/668/2158
f 1964/668/2158 1993/667/2157 1994/669/2159
f 1962/670/2160 1970/671/2161 1964/668/2158
f 1964/668/2158 1970/671/2161 1969/666/2156
f 1982/672/683 1983/673/683 1980/674/683
f 1980/674/683 1983/673/683 1979/675/683
f 1993/667/2157 1969/666/2156 1992/676/2162
f 1992/676/2162 1969/666/2156 1972/677/2163
f 1970/671/2161 1973/678/2164 1969/666/2156
f 1969/666/2156 1973/678/2164 1972/677/2163
f 1984/679/2165 1985/680/2166 1970/681/2167
f 1970/681/2167 1985/680/2166 1973/682/2168
f 1991/657/2147 1992/676/2162 1975/654/2144
f 1975/654/2144 1992/676/2162 1972/677/2163
f 1973/678/2164 1976/652/2142 1972/677/2163
f 1972/677/2163 1976/652/2142 1975/654/2144
f 1973/682/2168 1985/680/2166 1976/683/2169
f 1976/683/2169 1985/680/2166 1986/684/2170
f 1986/684/2171 1987/649/2172 1976/683/2173
f 1976/683/2173 1987/649/2172 1977/648/2115
f 1989/660/2150 1963/661/2151 1988/651/2174
f 1988/651/2174 1963/661/2151 1978/650/2119
f 1976/652/2142 1977/685/2175 1963/653/2143
f 1963/653/2143 1977/685/2175 1978/686/2176
f 1984/679/2177 1970/681/2178 1983/673/2179
f 1983/673/2179 1970/681/2178 1979/675/2125
f 1962/670/2160 1980/687/2180 1970/671/2161
f 1970/671/2161 1980/687/2180 1979/688/2181
f 1981/663/2153 1982/672/2182 1962/665/2155
f 1962/665/2155 1982/672/2182 1980/674/2131
f 1967/689/2183 1990/658/2148 1961/690/2184
f 1961/690/2184 1990/658/2148 1989/660/2150
f 1974/691/2185 1991/657/2147 1967/692/2186
f 1967/692/2186 1991/657/2147 1990/656/2146
f 1971/693/2187 1992/676/2162 1974/691/2185
f 1974/691/2185 1992/676/2162 1991/657/2147
f 1968/694/2188 1993/667/2157 1971/693/2187
f 1971/693/2187 1993/667/2157 1992/676/2162
f 1993/667/2157 1968/694/2188 1994/669/2159
f 1994/669/2159 1968/694/2188 1966/695/2189
f 1966/696/2190 1960/697/2191 1994/662/2152
f 1994/662/2152 1960/697/2191 1981/663/2153
f 1995/698/2192 2007/700/2193 1996/699/2194
f 1996/699/2194 2007/700/2193 2008/701/2195
f 1996/699/2194 2008/701/2195 1997/702/2196
f 1997/702/2196 2008/701/2195 2009/703/2197
f 2020/704/2198 2027/706/2199 2021/705/2200
f 2021/705/2200 2027/706/2199 2025/707/2201
f 1998/708/2202 2010/710/2203 1999/709/2204
f 1999/709/2204 2010/710/2203 2011/711/2205
f 1999/709/2204 2011/711/2205 2000/712/2206
f 2000/712/2206 2011/711/2205 2012/713/2207
f 2000/712/2206 2012/713/2207 2001/714/2208
f 2001/714/2208 2012/713/2207 2013/715/2209
f 2001/714/2208 2013/715/2209 2002/716/2210
f 2002/716/2210 2013/715/2209 2014/717/2211
f 2002/716/2210 2014/717/2211 2003/718/2212
f 2003/718/2212 2014/717/2211 2015/719/2213
f 2022/720/2214 2033/722/2215 2023/721/2216
f 2023/721/2216 2033/722/2215 2031/723/2217
f 2004/724/2218 2016/726/2219 2005/725/2220
f 2005/725/2220 2016/726/2219 2017/727/2221
f 2005/725/2220 2017/727/2221 2006/728/2222
f 2006/728/2222 2017/727/2221 2018/729/2223
f 2006/728/2222 2018/729/2223 1995/698/2192
f 1995/698/2192 2018/729/2223 2007/700/2193
f 2007/730/2193 2019/732/124 2008/731/2195
f 2008/731/2195 2019/732/124 2009/733/2197
f 2009/733/2197 2019/732/124 2010/734/2203
f 2010/734/2203 2019/732/124 2011/735/2205
f 2011/735/2205 2019/732/124 2012/736/2207
f 2012/736/2207 2019/732/124 2013/737/2209
f 2013/737/2209 2019/732/124 2014/738/2211
f 2014/738/2211 2019/732/124 2015/739/2213
f 2015/739/2213 2019/732/124 2016/740/2219
f 2016/740/2219 2019/732/124 2017/741/2221
f 2017/741/2221 2019/732/124 2018/742/2223
f 2018/742/2223 2019/732/124 2007/730/2193
f 2010/734/2203 2026/743/2224 2009/733/2197
f 2009/733/2197 2026/743/2224 2029/744/2224
f 2016/740/2219 2032/745/2225 2015/739/2213
f 2015/739/2213 2032/745/2225 2035/746/2226
f 2025/707/2227 2027/706/2227 2024/747/2228
f 2024/747/2228 2027/706/2227 2028/748/2228
f 2024/747/2228 2028/748/2228 2026/743/2224
f 2026/743/2224 2028/748/2228 2029/744/2224
f 2031/723/2217 2033/722/2215 2030/749/2229
f 2030/749/2229 2033/722/2215 2034/750/2230
f 2030/749/2229 2034/750/2230 2032/745/2225
f 2032/745/2225 2034/750/2230 2035/746/2226
f 2021/751/2200 2025/752/2201 1998/708/2202
f 2025/752/2201 2024/753/2231 1998/708/2202
f 2024/753/2231 2026/754/2231 1998/708/2202
f 2026/754/2231 2010/710/2203 1998/708/2202
f 2020/755/2198 1997/702/2196 2027/757/2199
f 2027/757/2199 1997/702/2196 2028/758/2232
f 2028/758/2232 1997/702/2196 2029/756/2232
f 2009/703/2197 2029/756/2232 1997/702/2196
f 2023/759/2216 2031/760/2217 2004/724/2218
f 2031/760/2217 2030/761/2229 2004/724/2218
f 2030/761/2229 2032/762/2225 2004/724/2218
f 2032/762/2225 2016/726/2219 2004/724/2218
f 2022/764/2214 2003/718/2212 2033/765/2215
f 2033/765/2215 2003/718/2212 2034/766/2230
f 2034/766/2230 2003/718/2212 2035/763/2226
f 2015/719/2213 2035/763/2226 2003/718/2212
f 2036/805/907 2046/807/2233 2037/806/905
f 2037/806/905 2046/807/2233 2047/808/2234
f 2037/806/905 2047/808/2234 2038/809/902
f 2038/809/902 2047/808/2234 2048/810/2235
f 2048/810/2235 2049/812/2236 2038/809/902
f 2038/809/902 2049/812/2236 2039/811/901
f 2049/812/2236 2050/814/2237 2039/811/901
f 2039/811/901 2050/814/2237 2040/813/919
f 2050/818/2237 2051/816/2238 2040/817/919
f 2040/817/919 2051/816/2238 2041/815/917
f 2051/816/2238 2052/820/916 2041/815/917
f 2041/815/917 2052/820/916 2042/819/915
f 2042/819/915 2052/820/916 2043/821/913
f 2043/821/913 2052/820/916 2053/822/914
f 2043/821/913 2053/822/914 2044/823/911
f 2044/823/911 2053/822/914 2054/824/2239
f 2044/823/911 2054/824/2239 2045/825/909
f 2045/825/909 2054/824/2239 2055/826/2240
f 2045/827/909 2055/828/2240 2036/805/907
f 2036/805/907 2055/828/2240 2046/807/2233
f 2046/807/2233 2056/829/2241 2047/808/2234
f 2047/808/2234 2056/829/2241 2058/830/2242
f 2056/831/2241 2057/833/2243 2058/832/2242
f 2058/832/2242 2057/833/2243 2059/834/2244
f 2047/808/2234 2058/830/2242 2048/810/2235
f 2048/810/2235 2058/830/2242 2060/835/2245
f 2058/832/2242 2059/834/2244 2060/836/2245
f 2060/836/2245 2059/834/2244 2061/837/2246
f 2048/810/2235 2060/835/2245 2049/812/2236
f 2049/812/2236 2060/835/2245 2062/838/2247
f 2060/836/2245 2061/837/2246 2062/839/2247
f 2062/839/2247 2061/837/2246 2063/840/2248
f 2049/812/2236 2062/838/2247 2050/814/2237
f 2050/814/2237 2062/838/2247 2064/841/2249
f 2062/839/2247 2063/840/2248 2064/842/2249
f 2064/842/2249 2063/840/2248 2065/843/2250
f 2050/818/2237 2064/844/2249 2051/816/2238
f 2051/816/2238 2064/844/2249 2066/845/2251
f 2064/846/2249 2065/848/2250 2066/847/2251
f 2066/847/2251 2065/848/2250 2067/849/2252
f 2051/816/2238 2066/845/2251 2052/820/916
f 2066/847/2251 2067/849/2252 2052/850/916
f 2053/822/914 2068/851/2253 2054/824/2239
f 2053/852/914 2069/854/2254 2068/853/2253
f 2054/824/2239 2068/851/2253 2055/826/2240
f 2055/826/2240 2068/851/2253 2070/855/2255
f 2068/853/2253 2069/854/2254 2070/856/2255
f 2070/856/2255 2069/854/2254 2071/857/2256
f 2055/828/2240 2070/858/2255 2046/807/2233
f 2046/807/2233 2070/858/2255 2056/829/2241
f 2070/859/2255 2071/860/2256 2056/831/2241
f 2056/831/2241 2071/860/2256 2057/833/2243
f 2072/862/940 2073/861/939 2057/833/2243
f 2057/833/2243 2073/861/939 2059/834/2244
f 2059/834/2244 2073/861/939 2061/837/2246
f 2061/837/2246 2073/861/939 2074/863/937
f 2061/837/2246 2074/863/937 2063/840/2248
f 2063/840/2248 2074/863/937 2075/864/938
f 2063/840/2248 2075/864/938 2065/843/2250
f 2065/843/2250 2075/864/938 2076/865/946
f 2065/848/2250 2076/866/946 2067/849/2252
f 2067/849/2252 2076/866/946 2077/867/945
f 2067/849/2252 2077/867/945 2052/850/916
f 2052/850/916 2077/867/945 2078/868/944
f 2052/850/916 2078/868/944 2053/852/914
f 2053/852/914 2078/868/944 2079/869/943
f 2079/869/943 2080/870/942 2053/852/914
f 2053/852/914 2080/870/942 2069/854/2254
f 2080/870/942 2081/871/941 2069/854/2254
f 2069/854/2254 2081/871/941 2071/857/2256
f 2081/872/941 2072/862/940 2071/860/2256
f 2071/860/2256 2072/862/940 2057/833/2243
f 2102/873/2257 2121/875/2258 2103/874/2259
f 2103/874/2259 2121/875/2258 2120/876/2260
f 2103/874/2259 2120/876/2260 2104/877/2261
f 2104/877/2261 2120/876/2260 2119/878/2262
f 2104/877/2261 2119/878/2262 2105/879/2263
f 2105/879/2263 2119/878/2262 2118/880/2264
f 2105/879/2263 2118/880/2264 2106/881/2265
f 2106/881/2265 2118/880/2264 2117/882/2266
f 2106/881/2265 2117/882/2266 2107/883/2267
f 2107/883/2267 2117/882/2266 2116/884/2268
f 2107/883/2267 2116/884/2268 2108/885/2269
f 2108/885/2269 2116/884/2268 2115/886/2270
f 2108/885/2269 2115/886/2270 2109/887/2271
f 2109/887/2271 2115/886/2270 2114/888/2272
f 2109/887/2271 2114/888/2272 2110/889/2273
f 2110/889/2273 2114/888/2272 2113/890/2274
f 2110/889/2273 2113/890/2274 2111/891/2275
f 2111/891/2275 2113/890/2274 2112/892/2276
f 2111/893/2275 2112/894/2276 2102/873/2257
f 2102/873/2257 2112/894/2276 2121/875/2258
f 2132/895/2277 2133/897/2277 2134/896/2277
f 2134/896/2277 2133/897/2277 2135/898/2277
f 2135/898/2277 2133/897/2277 2136/899/2277
f 2136/899/2277 2133/897/2277 2137/900/2277
f 2137/900/2277 2133/897/2277 2138/901/2277
f 2138/901/2277 2133/897/2277 2139/902/2277
f 2139/902/2277 2133/897/2277 2140/903/2277
f 2140/903/2277 2133/897/2277 2141/904/2277
f 2141/904/2277 2133/897/2277 2142/905/2277
f 2142/905/2277 2133/897/2277 2132/895/2277
f 2082/906/2278 2102/873/2279 2083/907/2280
f 2083/907/2280 2102/873/2279 2103/874/2280
f 2083/907/2280 2103/874/2280 2084/908/2281
f 2084/908/2281 2103/874/2280 2104/877/2282
f 2084/908/2281 2104/877/2282 2085/909/2283
f 2085/909/2283 2104/877/2282 2105/879/2283
f 2085/909/2283 2105/879/2283 2086/910/2284
f 2086/910/2284 2105/879/2283 2106/881/2285
f 2086/910/2284 2106/881/2285 2087/911/2286
f 2087/911/2286 2106/881/2285 2107/883/2286
f 2087/911/2286 2107/883/2286 2088/912/2287
f 2088/912/2287 2107/883/2286 2108/885/2288
f 2088/912/2287 2108/885/2288 2089/913/2289
f 2089/913/2289 2108/885/2288 2109/887/2290
f 2089/913/2289 2109/887/2290 2090/914/2291
f 2090/914/2291 2109/887/2290 2110/889/2291
f 2090/914/2291 2110/889/2291 2091/915/2292
f 2091/915/2292 2110/889/2291 2111/891/2292
f 2091/916/2292 2111/893/2292 2082/906/2278
f 2082/906/2278 2111/893/2292 2102/873/2279
f 2112/894/2293 2101/917/2294 2121/875/2295
f 2121/875/2295 2101/917/2294 2092/918/2296
f 2113/890/2297 2100/919/2298 2112/892/2293
f 2112/892/2293 2100/919/2298 2101/920/2294
f 2114/888/2299 2099/921/2300 2113/890/2297
f 2113/890/2297 2099/921/2300 2100/919/2298
f 2115/886/2301 2098/922/2302 2114/888/2299
f 2114/888/2299 2098/922/2302 2099/921/2300
f 2116/884/2303 2097/923/2304 2115/886/2301
f 2115/886/2301 2097/923/2304 2098/922/2302
f 2117/882/2305 2096/924/2306 2116/884/2303
f 2116/884/2303 2096/924/2306 2097/923/2304
f 2118/880/2307 2095/925/2308 2117/882/2305
f 2117/882/2305 2095/925/2308 2096/924/2306
f 2119/878/2309 2094/926/2310 2118/880/2307
f 2118/880/2307 2094/926/2310 2095/925/2308
f 2120/876/2311 2093/927/2312 2119/878/2309
f 2119/878/2309 2093/927/2312 2094/926/2310
f 2121/875/2295 2092/918/2296 2120/876/2311
f 2120/876/2311 2092/918/2296 2093/927/2312
f 2092/918/2313 2122/928/2314 2093/927/2315
f 2093/927/2315 2122/928/2314 2123/929/2316
f 2093/927/2315 2123/929/2316 2094/926/2317
f 2094/926/2317 2123/929/2316 2124/930/2318
f 2094/926/2317 2124/930/2318 2095/925/2319
f 2095/925/2319 2124/930/2318 2125/931/2320
f 2095/925/2319 2125/931/2320 2096/924/2321
f 2096/924/2321 2125/931/2320 2126/932/2322
f 2096/924/2321 2126/932/2322 2097/923/2323
f 2097/923/2323 2126/932/2322 2127/933/2324
f 2097/923/2323 2127/933/2324 2098/922/2325
f 2098/922/2325 2127/933/2324 2128/934/2326
f 2098/922/2325 2128/934/2326 2099/921/2327
f 2099/921/2327 2128/934/2326 2129/935/2328
f 2099/921/2327 2129/935/2328 2100/919/2329
f 2100/919/2329 2129/935/2328 2130/936/2330
f 2100/919/2329 2130/936/2330 2101/920/2331
f 2101/920/2331 2130/936/2330 2131/937/2332
f 2101/917/2331 2131/938/2332 2092/918/2313
f 2092/918/2313 2131/938/2332 2122/928/2314
f 2122/939/2333 2132/941/2334 2123/940/2335
f 2123/940/2335 2132/941/2334 2134/942/2336
f 2123/940/2335 2134/942/2336 2124/943/2337
f 2124/943/2337 2134/942/2336 2135/898/2338
f 2124/943/2337 2135/898/2338 2125/944/2339
f 2125/944/2339 2135/898/2338 2136/899/2340
f 2125/944/2339 2136/899/2340 2126/945/2341
f 2126/945/2341 2136/899/2340 2137/946/2342
f 2126/945/2341 2137/946/2342 2127/947/2343
f 2127/947/2343 2137/946/2342 2138/948/2344
f 2127/947/2343 2138/948/2344 2128/949/2345
f 2128/949/2345 2138/948/2344 2139/950/2346
f 2128/949/2345 2139/950/2346 2129/951/2347
f 2129/951/2347 2139/950/2346 2140/952/2348
f 2129/951/2347 2140/952/2348 2130/953/2349
f 2130/953/2349 2140/952/2348 2141/954/2350
f 2130/953/2349 2141/954/2350 2131/955/2351
f 2131/955/2351 2141/954/2350 2142/956/2352
f 2131/957/2351 2142/958/2352 2122/939/2333
f 2122/939/2333 2142/958/2352 2132/941/2334
f 2143/959/2353 2145/961/2354 2144/960/2355
f 2144/960/2355 2145/961/2354 2146/962/2356
f 2151/963/124 2147/965/124 2148/964/124
f 2147/966/2357 2149/968/2357 2148/967/2357
f 2148/967/2357 2149/968/2357 2150/969/2357
f 2149/970/44 2152/972/44 2150/971/44
f 2149/968/2358 2147/966/2358 2152/972/2358
f 2152/972/2358 2147/966/2358 2151/963/2358
f 2151/963/124 2148/964/124 2153/974/124
f 2153/974/124 2148/964/124 2146/973/2356
f 2152/972/44 2154/975/44 2150/971/44
f 2150/971/44 2154/975/44 2144/976/2355
f 2151/963/2359 2153/974/2360 2152/972/2359
f 2152/972/2359 2153/974/2360 2154/975/2360
f 2145/977/2354 2153/974/124 2146/973/2356
f 2154/975/44 2143/978/2353 2144/976/2355
f 2153/974/2360 2145/961/2361 2154/975/2360
f 2154/975/2360 2145/961/2361 2143/959/2361
f 2175/979/2362 2181/981/2363 2176/980/2362
f 2176/980/2362 2181/981/2363 2180/982/2363
f 2193/986/2364 2192/984/2365 2190/985/2366
f 2190/985/2366 2192/984/2365 2191/983/2367
f 2171/987/44 2179/989/44 2172/988/44
f 2172/988/44 2179/989/44 2178/990/44
f 2157/991/2368 2169/993/2369 2160/992/2370
f 2160/992/2370 2169/993/2369 2168/994/2371
f 2161/995/2372 2167/997/2373 2162/996/2374
f 2162/996/2374 2167/997/2373 2170/998/2375
f 2188/999/2376 2159/1001/2377 2189/1000/2376
f 2189/1000/2376 2159/1001/2377 2158/1002/2377
f 2172/1003/118 2178/1005/118 2186/1004/2378
f 2186/1004/2378 2178/1005/118 2187/1006/2379
f 2163/1007/2380 2184/1009/2381 2164/1008/2380
f 2164/1008/2380 2184/1009/2382 2183/1010/2382
f 2156/1011/2383 2163/1007/2384 2155/1012/2383
f 2155/1012/2383 2163/1007/2384 2164/1008/2384
f 2162/1013/2374 2165/1015/2385 2161/1014/2372
f 2161/1014/2372 2165/1015/2385 2166/1016/2385
f 2184/1017/118 2163/1019/118 2185/1018/118
f 2185/1018/118 2163/1019/118 2156/1020/118
f 2182/1024/2386 2181/1022/118 2174/1023/2387
f 2174/1023/2387 2181/1022/118 2175/1021/118
f 2175/979/2362 2176/980/2362 2167/997/2373
f 2167/997/2373 2176/980/2362 2170/998/2375
f 2156/1011/2383 2155/1012/2383 2172/988/44
f 2172/988/44 2155/1012/2383 2171/987/44
f 2156/1020/118 2172/1003/118 2185/1018/118
f 2185/1018/118 2172/1003/118 2186/1004/2378
f 2167/1025/118 2161/1026/118 2174/1023/2387
f 2174/1023/2387 2161/1026/118 2173/1027/2388
f 2175/1021/118 2167/1025/118 2174/1023/2387
f 2178/1005/118 2159/1028/118 2187/1006/2379
f 2187/1006/2379 2159/1028/118 2188/1029/118
f 2179/989/44 2158/1002/2377 2178/990/44
f 2178/990/44 2158/1002/2377 2159/1001/2377
f 2168/1030/2371 2169/1031/2369 2181/981/2363
f 2181/981/2363 2169/1031/2369 2180/982/2363
f 2182/1024/2386 2168/1032/118 2181/1022/118
f 2160/1034/118 2168/1032/118 2177/1033/2389
f 2177/1033/2389 2168/1032/118 2182/1024/2386
f 2184/1009/2382 2166/1016/2385 2183/1010/2382
f 2183/1010/2382 2166/1016/2385 2165/1015/2385
f 2161/1026/118 2166/1035/118 2185/1018/118
f 2185/1018/118 2166/1035/118 2184/1017/118
f 2185/1018/118 2186/1004/2378 2161/1026/118
f 2161/1026/118 2186/1004/2378 2173/1027/2388
f 2193/986/2364 2190/985/2366 2195/1037/2390
f 2195/1037/2390 2190/985/2366 2194/1036/2391
f 2160/1034/118 2177/1033/2389 2188/1029/118
f 2188/1029/118 2177/1033/2389 2187/1006/2379
f 2157/991/2368 2160/992/2370 2189/1000/2376
f 2189/1000/2376 2160/992/2370 2188/999/2376
f 2190/985/2366 2191/983/2367 2173/1039/2388
f 2173/1039/2388 2191/983/2367 2174/1038/2387
f 2174/1040/2387 2191/983/2367 2182/1041/2386
f 2182/1041/2386 2191/983/2367 2192/984/2365
f 2192/984/2365 2193/986/2364 2182/1043/2386
f 2182/1043/2386 2193/986/2364 2177/1042/2389
f 2187/1044/2379 2195/1037/2390 2186/1045/2378
f 2186/1045/2378 2195/1037/2390 2194/1036/2391
f 2186/1045/2378 2194/1036/2391 2173/1046/2388
f 2173/1046/2388 2194/1036/2391 2190/985/2366
f 2193/986/2364 2195/1037/2390 2177/1047/2389
f 2177/1047/2389 2195/1037/2390 2187/1044/2379
f 2196/1048/1082 2198/1050/1082 2197/1049/1082
f 2197/1049/1082 2198/1050/1082 2199/1051/1082
f 2198/1050/124 2200/1052/124 2199/1051/124
f 2199/1051/124 2200/1052/124 2201/1053/124
f 2200/1052/1083 2202/1054/1083 2201/1053/1083
f 2201/1053/1083 2202/1054/1083 2203/1055/1083
f 2197/1056/1089 2199/1057/1090 2203/1055/1091
f 2203/1055/1091 2199/1057/1090 2201/1053/1092
f 2200/1052/1088 2198/1059/1086 2202/1054/1085
f 2202/1054/1085 2198/1059/1086 2196/1058/1084
f 2213/1070/2392 2223/1072/2393 2204/1071/2394
f 2204/1071/2394 2223/1072/2393 2214/1073/2395
f 2204/1074/2394 2214/1073/2395 2205/1075/2396
f 2205/1075/2396 2214/1073/2395 2215/1076/2397
f 2205/1077/2396 2215/1076/2397 2206/1078/2398
f 2206/1078/2398 2215/1076/2397 2216/1079/2399
f 2206/1080/2398 2216/1079/2399 2207/1081/2400
f 2207/1081/2400 2216/1079/2399 2217/1082/2401
f 2207/1083/2400 2217/1082/2401 2208/1084/2402
f 2208/1084/2402 2217/1082/2401 2218/1085/2403
f 2218/1085/2403 2219/1087/2404 2208/1088/2402
f 2208/1088/2402 2219/1087/2404 2209/1086/2405
f 2219/1087/2404 2220/1090/2406 2209/1091/2405
f 2209/1091/2405 2220/1090/2406 2210/1089/2407
f 2220/1090/2406 2221/1093/2408 2210/1094/2407
f 2210/1094/2407 2221/1093/2408 2211/1092/2409
f 2221/1093/2408 2222/1096/2410 2211/1097/2409
f 2211/1097/2409 2222/1096/2410 2212/1095/2411
f 2222/1096/2410 2223/1072/2393 2212/1099/2411
f 2212/1099/2411 2223/1072/2393 2213/1098/2392
f 2223/1072/2412 2224/1100/2412 2214/1073/2412
f 2214/1073/2412 2224/1100/2412 2215/1076/2412
f 2215/1076/2412 2224/1100/2412 2216/1079/2412
f 2216/1079/2412 2224/1100/2412 2217/1082/2412
f 2217/1082/2412 2224/1100/2412 2218/1085/2412
f 2218/1085/2412 2224/1100/2412 2219/1087/2412
f 2219/1087/2412 2224/1100/2412 2220/1090/2412
f 2220/1090/2412 2224/1100/2412 2221/1093/2412
f 2221/1093/2412 2224/1100/2412 2222/1096/2412
f 2222/1096/2412 2224/1100/2412 2223/1072/2412
f 2225/1101/2413 2227/1103/2414 2226/1102/2415
f 2226/1102/2415 2227/1103/2414 2228/1104/2416
f 2227/1103/2414 2229/1105/2417 2228/1104/2416
f 2228/1104/2416 2229/1105/2417 2230/1106/2417
f 2229/1105/2417 2231/1107/2418 2230/1106/2417
f 2230/1106/2417 2231/1107/2418 2232/1108/2418
f 2228/1104/2416 2230/1106/2419 2226/1110/2415
f 2226/1110/2415 2230/1106/2419 2232/1109/2419
f 2231/1111/2420 2229/1105/2420 2225/1112/2413
f 2225/1112/2413 2229/1105/2420 2227/1103/2414
f 2248/1189/1173 2249/1191/1175 2257/1190/1174
f 2257/1190/1174 2249/1191/1175 2258/1192/1176
f 2258/1192/1176 2249/1191/1175 2250/1193/1177
f 2258/1194/1176 2250/1196/1177 2251/1195/1178
f 2237/1197/1179 2255/1199/1180 2238/1198/1175
f 2238/1198/1175 2255/1199/1180 2239/1200/1177
f 2239/1200/1177 2255/1199/1180 2256/1201/1181
f 2239/1202/1177 2256/1204/1181 2240/1203/1182
f 2233/1205/1183 2244/1207/1183 2234/1206/1184
f 2234/1206/1184 2244/1207/1183 2245/1208/1184
f 2234/1206/1184 2245/1208/1184 2235/1209/1185
f 2235/1209/1185 2245/1208/1184 2246/1210/1185
f 2235/1209/1185 2246/1210/1185 2236/1211/1186
f 2236/1211/1186 2246/1210/1185 2247/1212/1186
f 2236/1211/1186 2247/1212/1186 2237/1197/1179
f 2237/1197/1179 2247/1212/1186 2248/1189/1173
f 2237/1197/1179 2248/1189/1173 2255/1199/1180
f 2255/1199/1180 2248/1189/1173 2257/1190/1174
f 2256/1204/1181 2258/1194/1176 2240/1203/1182
f 2240/1203/1182 2258/1194/1176 2251/1195/1178
f 2240/1203/1182 2251/1195/1178 2241/1213/1187
f 2241/1213/1187 2251/1195/1178 2252/1214/1187
f 2241/1213/1187 2252/1214/1187 2242/1215/1188
f 2242/1215/1188 2252/1214/1187 2253/1216/1188
f 2242/1215/1188 2253/1216/1188 2243/1217/44
f 2243/1217/44 2253/1216/1188 2254/1218/44
f 2243/1217/44 2254/1218/44 2233/1205/1183
f 2233/1205/1183 2254/1218/44 2244/1207/1183
f 2263/1219/2421 2259/1221/4 2264/1220/1191
f 2264/1220/1191 2259/1221/4 2260/1222/4
f 2264/1220/1190 2260/1222/1190 2265/1223/1190
f 2265/1223/1190 2260/1222/1190 2261/1224/1190
f 2265/1225/1189 2261/1227/5 2266/1226/1189
f 2266/1226/1189 2261/1227/5 2262/1228/5
f 2266/1226/1194 2262/1228/1194 2263/1219/1194
f 2263/1219/1194 2262/1228/1194 2259/1221/1194
f 2255/1229/1196 2263/1219/2421 2256/1230/1196
f 2256/1230/1196 2263/1219/2421 2264/1220/1191
f 2256/1230/1190 2264/1220/1190 2258/1231/1190
f 2258/1231/1190 2264/1220/1190 2265/1223/1190
f 2258/1232/1195 2265/1225/1189 2257/1233/1195
f 2257/1233/1195 2265/1225/1189 2266/1226/1189
f 2257/1233/1194 2266/1226/1194 2255/1229/1194
f 2255/1229/1194 2266/1226/1194 2263/1219/1194
f 2287/1234/2422 2285/1236/2423 2288/1235/2424
f 2288/1235/2424 2285/1236/2423 2284/1237/2425
f 2291/1241/2426 2290/1239/2427 2281/1240/2428
f 2281/1240/2428 2290/1239/2427 2282/1238/2429
f 2288/1235/2430 2284/1237/2431 2289/1242/2430
f 2289/1242/2430 2284/1237/2431 2283/1243/2432
f 2269/1244/2433 2275/1246/2434 2270/1245/2435
f 2276/1247/2436 2267/1249/2437 2268/1248/2438
f 2277/1251/2439 2279/1250/1214 2276/1247/2436
f 2276/1247/2436 2279/1250/1214 2267/1249/2437
f 2269/1244/2433 2280/1252/2440 2275/1246/2434
f 2275/1246/2434 2280/1252/2440 2278/1253/2441
f 2267/1254/2442 2269/1256/2442 2268/1255/2443
f 2268/1255/2443 2269/1256/2442 2270/1257/2443
f 2296/1258/2444 2295/1260/2445 2297/1259/2446
f 2297/1259/2446 2295/1260/2445 2294/1261/2445
f 2271/1262/1223 2273/1264/1223 2272/1263/1223
f 2272/1263/1223 2273/1264/1223 2274/1265/1223
f 2285/1266/2447 2287/1268/2448 2286/1267/2449
f 2278/1269/2450 2277/1271/2450 2275/1270/2450
f 2275/1270/2450 2277/1271/2450 2276/1272/2450
f 2279/1274/2451 2277/1271/2451 2280/1273/2451
f 2280/1273/2451 2277/1271/2451 2278/1269/2451
f 2267/1254/2442 2279/1275/2452 2269/1256/2442
f 2269/1256/2442 2279/1275/2452 2280/1276/2452
f 2298/1277/2453 2303/1279/2454 2299/1278/2455
f 2304/1280/2456 2307/1282/2456 2305/1281/2456
f 2305/1281/2456 2307/1282/2456 2306/1283/2456
f 2284/1284/2431 2272/1286/2457 2302/1285/2458
f 2302/1285/2458 2272/1286/2457 2300/1287/2459
f 2271/1288/2460 2272/1289/1238 2284/1237/2425
f 2287/1234/2422 2288/1235/2424 2275/1246/2434
f 2275/1246/2434 2288/1235/2424 2270/1245/2435
f 2270/1257/2430 2288/1291/2430 2289/1290/2430
f 2290/1292/2461 2268/1255/2430 2289/1290/2430
f 2289/1290/2430 2268/1255/2430 2270/1257/2430
f 2291/1241/2426 2276/1247/2436 2290/1239/2427
f 2290/1239/2427 2276/1247/2436 2268/1248/2438
f 2287/1268/2448 2275/1270/2462 2291/1293/2448
f 2291/1293/2448 2275/1270/2462 2276/1272/2462
f 2282/1294/2463 2292/1296/2463 2283/1295/2463
f 2283/1295/2463 2292/1296/2463 2293/1297/2463
f 2294/1299/2464 2289/1242/2465 2297/1298/2466
f 2297/1298/2466 2289/1242/2465 2283/1243/2467
f 2294/1261/2468 2295/1260/2468 2289/1290/2468
f 2289/1290/2468 2295/1260/2468 2290/1292/2468
f 2295/1301/2469 2296/1300/2470 2290/1239/2427
f 2290/1239/2427 2296/1300/2470 2282/1238/2429
f 2296/1300/2470 2292/1302/2471 2282/1238/2429
f 2292/1296/5 2296/1258/2444 2293/1297/5
f 2293/1297/5 2296/1258/2444 2297/1259/2446
f 2283/1243/2467 2293/1303/2472 2297/1298/2466
f 2273/1304/1251 2298/1277/2453 2274/1305/1252
f 2274/1305/1252 2298/1277/2453 2299/1278/2455
f 2272/1286/2457 2274/1306/2473 2300/1287/2459
f 2300/1287/2459 2274/1306/2473 2299/1307/2473
f 2271/1262/2474 2301/1309/2475 2273/1264/2476
f 2273/1264/2476 2301/1309/2475 2298/1308/2476
f 2303/1310/2477 2282/1294/2478 2302/1285/2458
f 2298/1277/2453 2282/1238/2429 2303/1279/2454
f 2315/1314/2479 2314/1312/2479 2310/1313/2479
f 2310/1313/2479 2314/1312/2479 2311/1311/2479
f 2271/1288/2474 2316/1316/2480 2301/1315/2475
f 2302/1285/2458 2282/1294/2478 2283/1295/2432
f 2299/1307/2481 2304/1280/2481 2300/1287/2481
f 2300/1287/2481 2304/1280/2481 2305/1281/2481
f 2300/1287/2482 2305/1281/2483 2308/1317/2484
f 2308/1317/2484 2305/1281/2483 2306/1283/2483
f 2308/1317/2485 2306/1283/2485 2309/1318/2485
f 2309/1318/2485 2306/1283/2485 2307/1282/2485
f 2307/1321/2486 2304/1319/2486 2309/1320/2487
f 2309/1320/2487 2304/1319/2486 2299/1278/2455
f 2300/1287/2482 2308/1317/2484 2302/1285/2488
f 2302/1285/2458 2308/1317/2489 2303/1310/2477
f 2303/1310/2477 2308/1317/2489 2309/1318/2489
f 2303/1279/2454 2309/1320/2487 2299/1278/2455
f 2301/1309/2490 2310/1313/2490 2298/1308/2490
f 2298/1308/2490 2310/1313/2490 2311/1311/2490
f 2298/1277/2453 2311/1323/2491 2314/1322/2492
f 2281/1324/2493 2312/1325/2494 2286/1267/2449
f 2286/1267/2449 2312/1325/2494 2313/1326/2494
f 2315/1327/2495 2310/1328/2496 2316/1316/2497
f 2316/1316/2497 2310/1328/2496 2301/1315/2498
f 2298/1277/2453 2281/1240/2428 2282/1238/2429
f 2312/1329/2499 2281/1240/2428 2298/1277/2453
f 2313/1326/2500 2312/1325/2500 2315/1314/2500
f 2315/1314/2500 2312/1325/2500 2314/1312/2500
f 2313/1330/2501 2315/1327/2495 2316/1316/2497
f 2271/1288/2474 2285/1236/2447 2316/1316/2480
f 2316/1316/2480 2285/1236/2447 2286/1331/2449
f 2285/1236/2423 2271/1288/2460 2284/1237/2425
f 2314/1322/2492 2312/1329/2499 2298/1277/2453
f 2286/1331/2502 2313/1330/2501 2316/1316/2497
f 2284/1284/2431 2302/1285/2458 2283/1295/2432
f 2287/1268/2448 2291/1293/2448 2286/1267/2449
f 2286/1267/2449 2291/1293/2448 2281/1324/2493
f 2334/1332/2503 2336/1334/2504 2335/1333/2505
f 2334/1332/2503 2335/1333/2505 2337/1335/2506
f 2337/1335/2506 2335/1333/2505 2338/1336/2507
f 2337/1335/2506 2338/1336/2507 2339/1337/2508
f 2335/1333/2505 2336/1334/2504 2328/1339/2509
f 2328/1339/2509 2336/1334/2504 2330/1338/2510
f 2336/1334/2504 2334/1332/2503 2330/1341/2510
f 2330/1341/2510 2334/1332/2503 2332/1340/2511
f 2332/1342/2511 2334/1332/2503 2333/1343/2512
f 2333/1343/2512 2334/1332/2503 2337/1335/2506
f 2329/1344/2513 2338/1336/2507 2328/1345/2509
f 2328/1345/2509 2338/1336/2507 2335/1333/2505
f 2333/1346/2512 2337/1335/2506 2331/1347/2514
f 2331/1347/2514 2337/1335/2506 2339/1337/2508
f 2331/1348/2514 2339/1337/2508 2329/1349/2513
f 2329/1349/2513 2339/1337/2508 2338/1336/2507
f 2341/1353/2515 2340/1351/2516 2319/1352/1297
f 2319/1352/1297 2340/1351/2516 2320/1350/1295
f 2341/1353/2515 2343/1354/2517 2340/1351/2516
f 2340/1351/2516 2343/1354/2517 2342/1355/2518
f 2345/1358/2519 2344/1357/2520 2343/1354/2517
f 2343/1354/2517 2344/1357/2520 2342/1356/2518
f 2345/1358/2519 2349/1360/2521 2344/1359/2520
f 2344/1359/2520 2349/1360/2521 2348/1361/2522
f 2346/1365/2523 2347/1363/2524 2322/1364/2525
f 2322/1364/1305 2347/1363/2526 2321/1362/1305
f 2346/1366/2523 2348/1367/2522 2347/1363/2524
f 2347/1363/2524 2348/1367/2522 2349/1360/2521
f 2340/1368/2527 2342/1370/2528 2325/1369/2527
f 2325/1369/2527 2342/1370/2528 2326/1371/2528
f 2329/1372/2529 2343/1354/2530 2331/1373/118
f 2331/1373/118 2343/1354/2530 2341/1353/2515
f 2318/1374/124 2320/1375/124 2325/1369/2531
f 2325/1369/2527 2320/1375/124 2340/1368/2527
f 2342/1370/2528 2344/1376/2532 2326/1371/2528
f 2326/1371/2528 2344/1376/2532 2327/1377/2533
f 2328/1378/2534 2345/1358/2535 2329/1372/2529
f 2329/1372/2529 2345/1358/2535 2343/1354/2530
f 2317/1379/44 2323/1381/44 2322/1380/44
f 2322/1380/44 2323/1381/44 2346/1382/44
f 2344/1376/2532 2348/1383/2536 2327/1377/2533
f 2327/1377/2533 2348/1383/2536 2324/1384/2536
f 2349/1360/1318 2345/1358/2535 2330/1385/2537
f 2330/1385/2537 2345/1358/2535 2328/1378/2534
f 2323/1381/5 2324/1384/5 2346/1382/5
f 2346/1382/5 2324/1384/5 2348/1383/5
f 2319/1352/1297 2321/1362/118 2341/1353/2515
f 2341/1353/2515 2321/1362/118 2333/1386/118
f 2347/1363/118 2349/1360/1318 2332/1387/118
f 2332/1387/118 2349/1360/1318 2330/1385/2537
f 2333/1386/118 2331/1373/118 2341/1353/2515
f 2332/1387/118 2333/1386/118 2347/1363/118
f 2347/1363/118 2333/1386/118 2321/1362/118
f 2352/1388/2538 2357/1390/2538 2356/1389/2538
f 2357/1390/2539 2352/1392/2539 2359/1391/2539
f 2353/1394/118 2354/1393/118 2357/1390/118
f 2357/1390/118 2354/1393/118 2356/1389/118
f 2353/1394/4 2357/1390/4 2358/1395/4
f 2358/1395/4 2357/1390/4 2359/1391/4
f 2359/1391/4 2355/1396/4 2358/1395/4
f 2358/1395/4 2355/1396/4 2350/1397/4
f 2352/1392/2539 2351/1398/2539 2359/1391/2539
f 2359/1391/2539 2351/1398/2539 2355/1396/2539
f 2361/1388/2540 2363/1389/2540 2364/1390/2540
f 2364/1390/2541 2365/1391/2541 2361/1392/2541
f 2363/1389/118 2354/1393/118 2364/1390/118
f 2364/1390/118 2354/1393/118 2353/1394/118
f 2353/1394/4 2358/1395/4 2364/1390/4
f 2364/1390/4 2358/1395/4 2365/1391/4
f 2365/1391/4 2358/1395/4 2362/1396/4
f 2362/1396/4 2358/1395/4 2350/1397/4
f 2361/1392/2541 2365/1391/2541 2360/1398/2541
f 2360/1398/2541 2365/1391/2541 2362/1396/2541
f 2370/1399/124 2368/1401/124 2371/1400/124
f 2369/1402/44 2373/1404/44 2372/1403/44
f 2369/1402/2542 2368/1401/2542 2373/1404/2542
f 2373/1404/2542 2368/1401/2542 2370/1399/2542
f 2367/1405/124 2370/1399/124 2371/1400/124
f 2373/1404/44 2366/1406/44 2372/1403/44
f 2370/1399/2543 2367/1405/2543 2373/1404/2543
f 2373/1404/2543 2367/1405/2543 2366/1406/2543
f 2390/211/124 2376/212/124 2391/213/124
f 2391/213/124 2376/212/124 2377/214/124
f 2391/213/2544 2377/214/2545 2392/215/2546
f 2392/215/2546 2377/214/2545 2379/216/2547
f 2378/217/2548 2376/212/2549 2393/218/2550
f 2393/218/2550 2376/212/2549 2390/211/2551
f 2375/219/124 2380/220/124 2381/221/124
f 2375/219/2552 2381/221/2553 2374/222/2552
f 2374/222/2552 2381/221/2553 2382/223/2554
f 2380/220/124 2383/224/124 2381/221/124
f 2381/221/124 2383/224/124 2384/225/124
f 2381/221/2553 2384/225/2555 2382/223/2554
f 2382/223/2554 2384/225/2555 2385/226/2556
f 2383/224/124 2386/227/124 2384/225/124
f 2384/225/124 2386/227/124 2387/228/124
f 2384/225/2555 2387/228/2557 2385/226/2556
f 2385/226/2556 2387/228/2557 2388/229/2558
f 2386/227/124 2390/211/124 2387/228/124
f 2387/228/124 2390/211/124 2391/213/124
f 2387/228/2557 2391/213/2544 2388/229/2558
f 2388/229/2558 2391/213/2544 2392/215/2546
f 2386/227/2559 2389/230/2560 2390/211/2551
f 2390/211/2551 2389/230/2560 2393/218/2550
f 2376/212/124 2394/231/124 2377/214/124
f 2377/214/124 2394/231/124 2395/232/124
f 2377/214/2545 2395/232/2561 2379/216/2547
f 2379/216/2547 2395/232/2561 2396/233/2561
f 2378/217/2548 2397/234/2562 2376/212/2549
f 2376/212/2549 2397/234/2562 2394/231/2563
f 2405/1524/2564 2410/1522/2565 2406/1523/2566
f 2406/1523/2566 2410/1522/2565 2411/1521/2567
f 2406/1523/2566 2411/1521/2567 2407/1526/2568
f 2407/1526/2568 2411/1521/2567 2412/1525/2569
f 2407/1526/2568 2412/1525/2569 2408/1528/2570
f 2408/1528/2570 2412/1525/2569 2413/1527/2571
f 2408/1528/2570 2413/1527/2571 2409/1530/2572
f 2409/1530/2572 2413/1527/2571 2414/1529/2573
f 2410/1522/2565 2415/1532/2574 2411/1521/2567
f 2411/1521/2567 2415/1532/2574 2416/1531/2575
f 2411/1521/2567 2416/1531/2575 2412/1525/2569
f 2412/1525/2569 2416/1531/2575 2417/1533/2576
f 2412/1525/2569 2417/1533/2576 2413/1527/2571
f 2413/1527/2571 2417/1533/2576 2418/1534/2577
f 2419/1538/2578 2421/1536/2579 2420/1537/2580
f 2420/1537/2580 2421/1536/2579 2422/1535/2581
f 2415/1532/2574 2399/1540/2582 2416/1531/2575
f 2416/1531/2575 2399/1540/2582 2402/1539/2583
f 2416/1531/2575 2402/1539/2583 2417/1533/2576
f 2417/1533/2576 2402/1539/2583 2403/1541/2584
f 2417/1533/2576 2403/1541/2584 2418/1534/2577
f 2418/1534/2577 2403/1541/2584 2404/1542/2585
f 2421/1536/2579 2423/1544/2586 2422/1535/2581
f 2422/1535/2581 2423/1544/2586 2424/1543/2587
f 2413/1527/2588 2419/1538/2589 2414/1529/2590
f 2414/1529/2590 2419/1538/2589 2420/1537/2591
f 2413/1527/2592 2418/1534/2593 2419/1538/2594
f 2419/1538/2594 2418/1534/2593 2421/1536/2595
f 2418/1534/2593 2404/1542/2596 2421/1536/2595
f 2421/1536/2595 2404/1542/2596 2423/1544/2597
f 2422/1545/118 2424/1547/118 2401/1546/118
f 2422/1545/118 2401/1546/118 2428/1548/118
f 2420/1549/118 2422/1545/118 2428/1548/118
f 2409/1550/118 2414/1551/118 2420/1549/118
f 2409/1550/118 2420/1549/118 2428/1548/118
f 2409/1550/118 2428/1548/118 2400/1552/118
f 2429/1553/118 2409/1550/118 2400/1552/118
f 2429/1553/118 2439/1554/118 2409/1550/118
f 2430/1555/2598 2431/1557/2599 2432/1556/2600
f 2432/1556/2600 2431/1557/2599 2433/1558/2601
f 2432/1556/2600 2433/1558/2601 2434/1559/2602
f 2434/1559/2602 2433/1558/2601 2435/1560/2603
f 2434/1559/2602 2435/1560/2603 2436/1561/2604
f 2435/1560/2603 2438/1563/2605 2436/1561/2604
f 2436/1561/2604 2438/1563/2605 2437/1562/2606
f 2438/1563/2605 2439/1565/2607 2437/1562/2606
f 2437/1562/2606 2439/1565/2607 2429/1564/2607
f 2444/1569/4 2443/1567/4 2429/1568/4
f 2429/1568/4 2443/1567/4 2437/1566/4
f 2431/1557/2599 2405/1524/2564 2433/1558/2601
f 2433/1558/2601 2405/1524/2564 2406/1523/2566
f 2433/1558/2601 2406/1523/2566 2435/1560/2603
f 2435/1560/2603 2406/1523/2566 2407/1526/2568
f 2435/1560/2603 2407/1526/2568 2438/1563/2608
f 2438/1563/2608 2407/1526/2568 2408/1528/2570
f 2438/1563/2608 2408/1528/2570 2439/1565/2609
f 2439/1565/2609 2408/1528/2570 2409/1530/2572
f 2427/1571/4 2444/1569/4 2400/1570/4
f 2400/1570/4 2444/1569/4 2429/1568/4
f 2434/1572/4 2426/1574/4 2432/1573/4
f 2426/1574/4 2425/1575/4 2432/1573/4
f 2425/1575/4 2398/1577/4 2432/1573/4
f 2398/1577/4 2430/1576/4 2432/1573/4
f 2434/1578/1457 2443/1580/2610 2440/1579/1457
f 2440/1579/1457 2443/1580/1458 2446/1581/1458
f 2445/1582/1460 2444/1584/1460 2441/1583/118
f 2441/1583/118 2444/1584/1460 2427/1585/118
f 2426/1586/1461 2434/1578/1461 2442/1587/1461
f 2442/1587/1461 2434/1578/1461 2440/1579/1461
f 2443/1580/1458 2444/1584/1460 2446/1581/1458
f 2446/1581/1458 2444/1584/1460 2445/1582/1460
f 2436/1588/4 2443/1567/4 2434/1589/4
f 2437/1566/4 2443/1567/4 2436/1588/4
f 2458/1521/2611 2457/1522/2612 2453/1523/2613
f 2453/1523/2613 2457/1522/2612 2452/1524/2614
f 2459/1525/2615 2458/1521/2611 2454/1526/2616
f 2454/1526/2616 2458/1521/2611 2453/1523/2613
f 2460/1527/2617 2459/1525/2615 2455/1528/2618
f 2455/1528/2618 2459/1525/2615 2454/1526/2616
f 2461/1529/2619 2460/1527/2617 2456/1530/2620
f 2456/1530/2620 2460/1527/2617 2455/1528/2618
f 2463/1531/2621 2462/1532/2622 2458/1521/2611
f 2458/1521/2611 2462/1532/2622 2457/1522/2612
f 2464/1533/2623 2463/1531/2621 2459/1525/2615
f 2459/1525/2615 2463/1531/2621 2458/1521/2611
f 2465/1534/2624 2464/1533/2623 2460/1527/2617
f 2460/1527/2617 2464/1533/2623 2459/1525/2615
f 2469/1535/2625 2468/1536/2626 2467/1537/2627
f 2467/1537/2627 2468/1536/2626 2466/1538/2628
f 2449/1539/2629 2448/1540/2630 2463/1531/2621
f 2463/1531/2621 2448/1540/2630 2462/1532/2622
f 2450/1541/2631 2449/1539/2629 2464/1533/2623
f 2464/1533/2623 2449/1539/2629 2463/1531/2621
f 2451/1542/2632 2450/1541/2631 2465/1534/2624
f 2465/1534/2624 2450/1541/2631 2464/1533/2623
f 2471/1543/2633 2470/1544/2634 2469/1535/2625
f 2469/1535/2625 2470/1544/2634 2468/1536/2626
f 2467/1537/2635 2466/1538/2636 2461/1529/2637
f 2461/1529/2637 2466/1538/2636 2460/1527/2638
f 2460/1527/2639 2466/1538/2640 2465/1534/2641
f 2465/1534/2641 2466/1538/2640 2468/1536/2642
f 2465/1534/2641 2468/1536/2642 2451/1542/2643
f 2451/1542/2644 2468/1536/2642 2470/1544/2645
f 2469/1545/118 2401/1546/118 2471/1547/118
f 2469/1545/118 2428/1548/118 2401/1546/118
f 2467/1549/118 2428/1548/118 2469/1545/118
f 2456/1550/118 2467/1549/118 2461/1551/118
f 2456/1550/118 2428/1548/118 2467/1549/118
f 2456/1550/118 2400/1552/118 2428/1548/118
f 2474/1553/118 2400/1552/118 2456/1550/118
f 2474/1553/118 2456/1550/118 2484/1554/118
f 2475/1555/2646 2477/1556/2647 2476/1557/2648
f 2476/1557/2648 2477/1556/2647 2478/1558/2649
f 2477/1556/2647 2479/1559/2650 2478/1558/2649
f 2478/1558/2649 2479/1559/2650 2480/1560/2651
f 2479/1559/2650 2481/1561/2652 2480/1560/2651
f 2482/1562/2653 2483/1563/2654 2481/1561/2652
f 2481/1561/2652 2483/1563/2654 2480/1560/2651
f 2474/1564/2655 2484/1565/2656 2482/1562/2653
f 2482/1562/2653 2484/1565/2656 2483/1563/2654
f 2482/1566/2653 2487/1567/4 2474/1568/2655
f 2474/1568/2655 2487/1567/4 2488/1569/4
f 2453/1523/2613 2452/1524/2614 2478/1558/2649
f 2478/1558/2649 2452/1524/2614 2476/1557/2648
f 2478/1558/2649 2480/1560/2651 2453/1523/2613
f 2453/1523/2613 2480/1560/2651 2454/1526/2616
f 2480/1560/2651 2483/1563/2654 2454/1526/2616
f 2454/1526/2616 2483/1563/2654 2455/1528/2618
f 2483/1563/2654 2484/1565/2656 2455/1528/2618
f 2455/1528/2618 2484/1565/2656 2456/1530/2620
f 2474/1568/2655 2488/1569/4 2400/1570/4
f 2400/1570/4 2488/1569/4 2427/1571/4
f 2479/1572/2650 2477/1573/2647 2473/1574/4
f 2473/1574/4 2477/1573/2647 2472/1575/4
f 2477/1573/2647 2475/1576/2646 2472/1575/4
f 2475/1576/2646 2447/1577/4 2472/1575/4
f 2479/1578/1507 2485/1579/1507 2487/1580/1508
f 2487/1580/1508 2485/1579/1507 2490/1581/1508
f 2489/1582/1509 2441/1583/118 2488/1584/1509
f 2488/1584/1509 2441/1583/118 2427/1585/118
f 2473/1586/1510 2486/1587/1510 2479/1578/1507
f 2479/1578/1507 2486/1587/1510 2485/1579/1507
f 2487/1580/1508 2490/1581/1508 2488/1584/1509
f 2488/1584/1509 2490/1581/1508 2489/1582/1509
f 2481/1588/2652 2479/1589/2650 2487/1567/4
f 2482/1566/2653 2481/1588/2652 2487/1567/4
f 2491/1590/683 2496/1592/1511 2492/1591/683
f 2492/1591/683 2496/1592/1511 2498/1593/1511
f 2495/1594/1513 2493/1596/124 2497/1595/1514
f 2497/1595/1514 2493/1596/124 2494/1597/124
f 2495/1594/1513 2497/1595/1514 2496/1592/1511
f 2496/1592/1511 2497/1595/1514 2498/1593/1511
f 2500/1598/683 2514/1600/2657 2503/1599/2658
f 2503/1599/2658 2504/1602/2659 2500/1598/683
f 2500/1598/683 2504/1602/2659 2501/1601/683
f 2501/1601/683 2504/1602/2659 2505/1603/2660
f 2503/1604/2658 2514/1606/2657 2507/1605/2661
f 2507/1605/2661 2514/1606/2657 2513/1607/2662
f 2504/1608/2659 2503/1604/2658 2508/1609/2663
f 2508/1609/2663 2503/1604/2658 2507/1605/2661
f 2505/1610/2660 2504/1608/2659 2509/1611/2664
f 2509/1611/2664 2504/1608/2659 2508/1609/2663
f 2511/1612/118 2507/1614/2661 2513/1613/2662
f 2507/1614/2661 2511/1612/118 2508/1615/2663
f 2508/1615/2663 2511/1612/118 2512/1616/118
f 2508/1615/2663 2512/1616/118 2509/1617/2664
f 2502/1618/2665 2499/1620/2666 2506/1619/2667
f 2506/1619/2667 2499/1620/2666 2510/1621/1706
f 2511/1612/118 2513/1613/2662 2515/1622/2668
f 2514/1606/2657 2516/1623/2669 2513/1607/2662
f 2513/1607/2662 2516/1623/2669 2515/1624/2668
f 2510/1626/1706 2511/1612/118 2506/1625/2667
f 2506/1625/2667 2511/1612/118 2515/1622/2668
f 2515/1624/2668 2516/1623/2669 2506/1619/2667
f 2506/1619/2667 2516/1623/2669 2502/1618/2665
f 2499/1627/2666 2502/1628/2665 2500/1598/683
f 2500/1598/683 2502/1628/2665 2516/1629/2669
f 2517/1630/2670 2519/1632/2671 2520/1631/2672
f 2517/1630/2670 2501/1601/683 2518/1633/2673
f 2518/1633/2673 2501/1601/683 2521/1634/2674
f 2501/1601/683 2505/1603/2660 2521/1634/2674
f 2518/1635/2673 2522/1637/2675 2519/1636/2671
f 2519/1636/2671 2522/1637/2675 2523/1638/2676
f 2521/1639/2674 2524/1640/2677 2518/1635/2673
f 2518/1635/2673 2524/1640/2677 2522/1637/2675
f 2505/1610/2660 2509/1611/2664 2521/1639/2674
f 2521/1639/2674 2509/1611/2664 2524/1640/2677
f 2525/1641/118 2523/1643/2676 2522/1642/2675
f 2522/1642/2675 2524/1644/2677 2525/1641/118
f 2525/1641/118 2524/1644/2677 2512/1616/118
f 2524/1644/2677 2509/1617/2664 2512/1616/118
f 2526/1645/2678 2527/1647/2679 2517/1646/2670
f 2517/1646/2670 2527/1647/2679 2528/1648/1519
f 2525/1641/118 2529/1649/2680 2523/1643/2676
f 2519/1636/2671 2523/1638/2676 2520/1650/2672
f 2520/1650/2672 2523/1638/2676 2529/1651/2680
f 2529/1649/2680 2525/1641/118 2527/1653/2679
f 2527/1653/2679 2525/1641/118 2528/1652/1519
f 2529/1651/2680 2527/1647/2679 2520/1650/2672
f 2520/1650/2672 2527/1647/2679 2526/1645/2678
f 2517/1630/2670 2520/1631/2672 2526/1654/2678
f 2517/1630/2670 2518/1633/2673 2519/1632/2671
f 2500/1598/683 2516/1629/2669 2514/1600/2657
f 2531/1655/2681 2536/1657/5 2530/1656/2682
f 2532/1658/2683 2536/1657/5 2531/1655/2681
f 2533/1659/2684 2536/1657/5 2532/1658/2683
f 2534/1660/2685 2536/1657/5 2533/1659/2684
f 2535/1661/2686 2536/1657/5 2534/1660/2685
f 2536/1657/5 2540/1662/5 2530/1656/2682
f 2530/1656/2682 2540/1662/5 2538/1663/2687
f 2535/1661/2686 2539/1664/2688 2536/1657/5
f 2536/1657/5 2539/1664/2688 2540/1662/5
f 2538/1663/2687 2542/1666/2689 2530/1656/2682
f 2530/1656/2682 2542/1666/2689 2543/1665/1782
f 2530/1656/2682 2543/1667/1782 2531/1655/2681
f 2531/1655/2681 2543/1667/1782 2544/1668/1784
f 2531/1655/2681 2544/1669/1784 2532/1658/2683
f 2532/1658/2683 2544/1669/1784 2545/1670/1786
f 2532/1658/2683 2545/1671/1786 2533/1659/2684
f 2533/1659/2684 2545/1671/1786 2546/1672/1788
f 2546/1674/1788 2547/1673/1789 2533/1659/2684
f 2533/1659/2684 2547/1673/1789 2534/1660/2685
f 2547/1676/1789 2548/1675/1791 2534/1660/2685
f 2534/1660/2685 2548/1675/1791 2535/1661/2686
f 2539/1664/2688 2535/1661/2686 2549/1678/1794
f 2549/1678/1794 2535/1661/2686 2548/1677/1791
f 2550/1679/2690 2553/1681/2691 2551/1680/1797
f 2551/1680/1797 2553/1681/2691 2552/1682/1798
f 2562/1685/1799 2563/1683/2692 2551/1684/1797
f 2551/1684/1797 2563/1683/2692 2550/1679/2690
f 2553/1681/2691 2555/1687/2693 2552/1686/1798
f 2552/1686/1798 2555/1687/2693 2554/1688/1803
f 2555/1687/2693 2557/1690/2694 2554/1689/1803
f 2554/1689/1803 2557/1690/2694 2556/1691/1805
f 2559/1694/2695 2558/1693/1807 2557/1690/2694
f 2557/1690/2694 2558/1693/1807 2556/1692/1805
f 2561/1697/2696 2560/1696/1809 2559/1694/2695
f 2559/1694/2695 2560/1696/1809 2558/1695/1807
f 2561/1697/2696 2564/1699/2697 2560/1698/1809
f 2560/1698/1809 2564/1699/2697 2565/1700/1811
f 2543/1701/1782 2551/1680/1797 2544/1702/1784
f 2544/1702/1784 2551/1680/1797 2552/1682/1798
f 2544/1703/1784 2552/1686/1798 2545/1704/1786
f 2545/1704/1786 2552/1686/1798 2554/1688/1803
f 2545/1705/1786 2554/1689/1803 2546/1706/1788
f 2546/1706/1788 2554/1689/1803 2556/1691/1805
f 2556/1692/1805 2558/1693/1807 2546/1708/1788
f 2546/1708/1788 2558/1693/1807 2547/1707/1789
f 2558/1695/1807 2560/1696/1809 2547/1710/1789
f 2547/1710/1789 2560/1696/1809 2548/1709/1791
f 2537/1711/1812 2553/1681/2691 2550/1679/2690
f 2537/1711/1812 2555/1687/2693 2553/1681/2691
f 2537/1711/1812 2557/1690/2694 2555/1687/2693
f 2537/1711/1812 2559/1694/2695 2557/1690/2694
f 2537/1711/1812 2561/1697/2696 2559/1694/2695
f 2542/1712/2689 2562/1685/1799 2543/1713/1782
f 2543/1713/1782 2562/1685/1799 2551/1684/1797
f 2560/1698/1809 2565/1700/1811 2548/1714/1791
f 2548/1714/1791 2565/1700/1811 2549/1715/1794
f 2541/1716/4 2537/1711/1812 2563/1683/2692
f 2563/1683/2692 2537/1711/1812 2550/1679/2690
f 2561/1697/2696 2537/1711/1812 2564/1699/2697
f 2564/1699/2697 2537/1711/1812 2541/1716/4
f 2586/1234/2698 2587/1235/2699 2584/1236/2700
f 2584/1236/2700 2587/1235/2699 2583/1237/2701
f 2581/1238/2702 2589/1239/2703 2580/1240/2704
f 2580/1240/2704 2589/1239/2703 2590/1241/2705
f 2587/1235/2706 2588/1242/2706 2583/1237/2707
f 2583/1237/2707 2588/1242/2706 2582/1243/2708
f 2568/1244/2709 2569/1245/2710 2574/1246/2711
f 2575/1247/2712 2567/1248/2713 2566/1249/2714
f 2566/1249/2714 2578/1250/1594 2575/1247/2712
f 2575/1247/2712 2578/1250/1594 2576/1251/2715
f 2568/1244/2709 2574/1246/2711 2579/1252/2716
f 2579/1252/2716 2574/1246/2711 2577/1253/2717
f 2566/1254/2718 2567/1255/2719 2568/1256/2718
f 2568/1256/2718 2567/1255/2719 2569/1257/2719
f 2595/1258/2720 2596/1259/2721 2594/1260/2722
f 2594/1260/2722 2596/1259/2721 2593/1261/2722
f 2570/1262/1602 2571/1263/1602 2572/1264/1602
f 2572/1264/1602 2571/1263/1602 2573/1265/1602
f 2584/1266/2723 2585/1267/2724 2586/1268/2725
f 2577/1269/2726 2574/1270/2726 2576/1271/2726
f 2576/1271/2726 2574/1270/2726 2575/1272/2726
f 2577/1269/2727 2576/1271/2727 2579/1273/2727
f 2579/1273/2727 2576/1271/2727 2578/1274/2727
f 2566/1254/2718 2568/1256/2718 2578/1275/2728
f 2578/1275/2728 2568/1256/2718 2579/1276/2728
f 2597/1277/2729 2598/1278/2730 2602/1279/2731
f 2603/1280/2732 2604/1281/2732 2606/1282/2732
f 2606/1282/2732 2604/1281/2732 2605/1283/2732
f 2583/1284/2707 2601/1285/2733 2571/1286/2734
f 2571/1286/2734 2601/1285/2733 2599/1287/2735
f 2570/1288/2736 2583/1237/2701 2571/1289/1617
f 2569/1245/2710 2587/1235/2699 2574/1246/2711
f 2574/1246/2711 2587/1235/2699 2586/1234/2698
f 2569/1257/2706 2588/1290/2706 2587/1291/2706
f 2589/1292/2737 2588/1290/2706 2567/1255/2706
f 2567/1255/2706 2588/1290/2706 2569/1257/2706
f 2590/1241/2705 2589/1239/2703 2575/1247/2712
f 2575/1247/2712 2589/1239/2703 2567/1248/2713
f 2586/1268/2725 2590/1293/2725 2574/1270/2738
f 2574/1270/2738 2590/1293/2725 2575/1272/2738
f 2581/1294/2739 2582/1295/2739 2591/1296/2739
f 2591/1296/2739 2582/1295/2739 2592/1297/2739
f 2582/1243/2740 2588/1242/2741 2596/1298/2742
f 2596/1298/2742 2588/1242/2741 2593/1299/2743
f 2589/1292/2744 2594/1260/2744 2588/1290/2744
f 2588/1290/2744 2594/1260/2744 2593/1261/2744
f 2581/1238/2702 2595/1300/2745 2589/1239/2703
f 2589/1239/2703 2595/1300/2745 2594/1301/2746
f 2595/1300/2745 2581/1238/2702 2591/1302/2747
f 2591/1296/5 2592/1297/5 2595/1258/2720
f 2595/1258/2720 2592/1297/5 2596/1259/2721
f 2582/1243/2740 2596/1298/2742 2592/1303/2748
f 2572/1304/1630 2573/1305/1631 2597/1277/2729
f 2597/1277/2729 2573/1305/1631 2598/1278/2730
f 2571/1286/2734 2599/1287/2735 2573/1306/2749
f 2573/1306/2749 2599/1287/2735 2598/1307/2749
f 2597/1308/2750 2600/1309/2751 2572/1264/2750
f 2572/1264/2750 2600/1309/2751 2570/1262/2752
f 2602/1310/2753 2601/1285/2733 2581/1294/2754
f 2597/1277/2729 2602/1279/2731 2581/1238/2702
f 2610/1311/2755 2613/1312/2755 2609/1313/2755
f 2609/1313/2755 2613/1312/2755 2614/1314/2755
f 2570/1288/2752 2600/1315/2751 2615/1316/2756
f 2601/1285/2733 2582/1295/2708 2581/1294/2754
f 2598/1307/2757 2599/1287/2757 2603/1280/2757
f 2603/1280/2757 2599/1287/2757 2604/1281/2757
f 2599/1287/2758 2607/1317/2759 2604/1281/2760
f 2604/1281/2760 2607/1317/2759 2605/1283/2760
f 2607/1317/2761 2608/1318/2761 2605/1283/2761
f 2605/1283/2761 2608/1318/2761 2606/1282/2761
f 2598/1278/2730 2603/1319/2762 2608/1320/2763
f 2608/1320/2763 2603/1319/2762 2606/1321/2762
f 2599/1287/2758 2601/1285/2764 2607/1317/2759
f 2601/1285/2733 2602/1310/2753 2607/1317/2765
f 2607/1317/2765 2602/1310/2753 2608/1318/2765
f 2602/1279/2731 2598/1278/2730 2608/1320/2763
f 2600/1309/2766 2597/1308/2766 2609/1313/2766
f 2609/1313/2766 2597/1308/2766 2610/1311/2766
f 2597/1277/2729 2613/1322/2767 2610/1323/2768
f 2580/1324/2769 2585/1267/2724 2611/1325/2770
f 2611/1325/2770 2585/1267/2724 2612/1326/2770
f 2614/1327/2771 2615/1316/2772 2609/1328/2773
f 2609/1328/2773 2615/1316/2772 2600/1315/2774
f 2597/1277/2729 2581/1238/2702 2580/1240/2704
f 2611/1329/2775 2597/1277/2729 2580/1240/2704
f 2613/1312/2776 2611/1325/2776 2614/1314/2776
f 2614/1314/2776 2611/1325/2776 2612/1326/2776
f 2612/1330/2777 2615/1316/2772 2614/1327/2771
f 2570/1288/2752 2615/1316/2756 2584/1236/2723
f 2584/1236/2723 2615/1316/2756 2585/1331/2724
f 2584/1236/2700 2583/1237/2701 2570/1288/2736
f 2613/1322/2767 2597/1277/2729 2611/1329/2775
f 2585/1331/2778 2615/1316/2772 2612/1330/2777
f 2583/1284/2707 2582/1295/2708 2601/1285/2733
f 2586/1268/2725 2585/1267/2724 2590/1293/2725
f 2590/1293/2725 2585/1267/2724 2580/1324/2769
f 2631/1189/1662 2640/1190/1664 2632/1191/1663
f 2640/1190/1664 2641/1192/1665 2632/1191/1663
f 2632/1191/1663 2641/1192/1665 2633/1193/1666
f 2641/1194/1665 2634/1195/1667 2633/1196/1666
f 2620/1197/1668 2621/1198/1663 2638/1199/1669
f 2621/1198/1663 2622/1200/1666 2638/1199/1669
f 2638/1199/1669 2622/1200/1666 2639/1201/1670
f 2622/1202/1666 2623/1203/1671 2639/1204/1670
f 2616/1205/1672 2617/1206/1673 2627/1207/1672
f 2627/1207/1672 2617/1206/1673 2628/1208/1673
f 2617/1206/1673 2618/1209/1674 2628/1208/1673
f 2628/1208/1673 2618/1209/1674 2629/1210/1674
f 2618/1209/1674 2619/1211/1675 2629/1210/1674
f 2629/1210/1674 2619/1211/1675 2630/1212/1675
f 2619/1211/1675 2620/1197/1668 2630/1212/1675
f 2630/1212/1675 2620/1197/1668 2631/1189/1662
f 2620/1197/1668 2638/1199/1669 2631/1189/1662
f 2631/1189/1662 2638/1199/1669 2640/1190/1664
f 2639/1204/1670 2623/1203/1671 2641/1194/1665
f 2641/1194/1665 2623/1203/1671 2634/1195/1667
f 2623/1203/1671 2624/1213/1676 2634/1195/1667
f 2634/1195/1667 2624/1213/1676 2635/1214/1676
f 2624/1213/1676 2625/1215/1677 2635/1214/1676
f 2635/1214/1676 2625/1215/1677 2636/1216/1677
f 2625/1215/1677 2626/1217/124 2636/1216/1677
f 2636/1216/1677 2626/1217/124 2637/1218/124
f 2626/1217/124 2616/1205/1672 2637/1218/124
f 2637/1218/124 2616/1205/1672 2627/1207/1672
f 2646/1219/1680 2647/1220/1680 2642/1221/4
f 2642/1221/4 2647/1220/1680 2643/1222/4
f 2647/1220/1679 2648/1223/1679 2643/1222/1679
f 2643/1222/1679 2648/1223/1679 2644/1224/1679
f 2648/1225/1678 2649/1226/2779 2644/1227/5
f 2644/1227/5 2649/1226/2780 2645/1228/5
f 2649/1226/1681 2646/1219/1681 2645/1228/1681
f 2645/1228/1681 2646/1219/1681 2642/1221/1681
f 2638/1229/1683 2639/1230/1683 2646/1219/1680
f 2646/1219/1680 2639/1230/1683 2647/1220/1680
f 2639/1230/1679 2641/1231/1679 2647/1220/1679
f 2647/1220/1679 2641/1231/1679 2648/1223/1679
f 2641/1232/1682 2640/1233/1682 2648/1225/1678
f 2648/1225/1678 2640/1233/1682 2649/1226/2779
f 2640/1233/1681 2638/1229/1681 2649/1226/1681
f 2649/1226/1681 2638/1229/1681 2646/1219/1681
f 2651/1598/683 2654/1599/2781 2665/1600/2782
f 2652/1601/683 2655/1602/2783 2651/1598/683
f 2651/1598/683 2655/1602/2783 2654/1599/2781
f 2652/1601/683 2656/1603/1687 2655/1602/2783
f 2654/1604/2781 2658/1605/1701 2665/1606/2782
f 2665/1606/2782 2658/1605/1701 2664/1607/1702
f 2655/1608/2783 2659/1609/1703 2654/1604/2781
f 2654/1604/2781 2659/1609/1703 2658/1605/1701
f 2656/1610/1687 2660/1611/1691 2655/1608/2783
f 2655/1608/2783 2660/1611/1691 2659/1609/1703
f 2662/1612/118 2664/1613/1702 2658/1614/1701
f 2658/1614/1701 2659/1615/1703 2662/1612/118
f 2662/1612/118 2659/1615/1703 2663/1616/118
f 2659/1615/1703 2660/1617/1691 2663/1616/118
f 2653/1618/2784 2657/1619/1705 2650/1620/2785
f 2650/1620/2785 2657/1619/1705 2661/1621/1706
f 2662/1612/118 2666/1622/1707 2664/1613/1702
f 2665/1606/2782 2664/1607/1702 2667/1623/2786
f 2667/1623/2786 2664/1607/1702 2666/1624/1707
f 2666/1622/1707 2662/1612/118 2657/1625/1705
f 2657/1625/1705 2662/1612/118 2661/1626/1706
f 2666/1624/1707 2657/1619/1705 2667/1623/2786
f 2667/1623/2786 2657/1619/1705 2653/1618/2784
f 2650/1627/2785 2651/1598/683 2653/1628/2784
f 2653/1628/2784 2651/1598/683 2667/1629/2786
f 2668/1630/2670 2671/1631/2787 2670/1632/2788
f 2668/1630/2670 2669/1633/2789 2652/1601/683
f 2652/1601/683 2669/1633/2789 2672/1634/2790
f 2652/1601/683 2672/1634/2790 2656/1603/1687
f 2669/1635/2789 2670/1636/2788 2673/1637/1688
f 2673/1637/1688 2670/1636/2788 2674/1638/1689
f 2672/1639/2790 2669/1635/2789 2675/1640/1690
f 2675/1640/1690 2669/1635/2789 2673/1637/1688
f 2656/1610/1687 2672/1639/2790 2660/1611/1691
f 2660/1611/1691 2672/1639/2790 2675/1640/1690
f 2676/1641/118 2673/1642/1688 2674/1643/1689
f 2673/1642/1688 2676/1641/118 2675/1644/1690
f 2675/1644/1690 2676/1641/118 2663/1616/118
f 2675/1644/1690 2663/1616/118 2660/1617/1691
f 2677/1645/2791 2668/1646/2670 2678/1647/1694
f 2678/1647/1694 2668/1646/2670 2679/1648/1519
f 2676/1641/118 2674/1643/1689 2680/1649/1695
f 2670/1636/2788 2671/1650/2787 2674/1638/1689
f 2674/1638/1689 2671/1650/2787 2680/1651/1695
f 2679/1652/1519 2676/1641/118 2678/1653/1694
f 2678/1653/1694 2676/1641/118 2680/1649/1695
f 2680/1651/1695 2671/1650/2787 2678/1647/1694
f 2678/1647/1694 2671/1650/2787 2677/1645/2791
f 2668/1630/2670 2677/1654/2791 2671/1631/2787
f 2668/1630/2670 2670/1632/2788 2669/1633/2789
f 2651/1598/683 2665/1600/2782 2667/1629/2786
f 2681/1590/683 2682/1591/683 2686/1592/1708
f 2686/1592/1708 2682/1591/683 2688/1593/1708
f 2685/1594/1709 2687/1595/1710 2683/1596/44
f 2683/1596/44 2687/1595/1710 2684/1597/44
f 2685/1594/1709 2686/1592/1708 2687/1595/1710
f 2687/1595/1710 2686/1592/1708 2688/1593/1708
f 2693/1399/44 2694/1400/44 2691/1401/44
f 2692/1402/124 2695/1403/124 2696/1404/124
f 2692/1402/2542 2696/1404/2542 2691/1401/2542
f 2691/1401/2542 2696/1404/2542 2693/1399/2542
f 2690/1405/44 2694/1400/44 2693/1399/44
f 2696/1404/124 2695/1403/124 2689/1406/124
f 2693/1399/2543 2696/1404/2543 2690/1405/2543
f 2690/1405/2543 2696/1404/2543 2689/1406/2543
f 2714/1332/2792 2715/1333/2793 2716/1334/2794
f 2714/1332/2792 2717/1335/2795 2715/1333/2793
f 2715/1333/2793 2717/1335/2795 2718/1336/2796
f 2717/1335/2795 2719/1337/2797 2718/1336/2796
f 2710/1338/2798 2716/1334/2794 2708/1339/2799
f 2708/1339/2799 2716/1334/2794 2715/1333/2793
f 2712/1340/2800 2714/1332/2792 2710/1341/2798
f 2710/1341/2798 2714/1332/2792 2716/1334/2794
f 2712/1342/2800 2713/1343/2801 2714/1332/2792
f 2714/1332/2792 2713/1343/2801 2717/1335/2795
f 2709/1344/2802 2708/1345/2799 2718/1336/2796
f 2718/1336/2796 2708/1345/2799 2715/1333/2793
f 2713/1346/2801 2711/1347/2803 2717/1335/2795
f 2717/1335/2795 2711/1347/2803 2719/1337/2797
f 2711/1348/2803 2709/1349/2802 2719/1337/2797
f 2719/1337/2797 2709/1349/2802 2718/1336/2796
f 2700/1350/1726 2720/1351/2804 2699/1352/1725
f 2699/1352/1725 2720/1351/2804 2721/1353/2805
f 2721/1353/2805 2720/1351/2804 2723/1354/2806
f 2723/1354/2806 2720/1351/2804 2722/1355/2807
f 2722/1356/2807 2724/1357/2808 2723/1354/2806
f 2723/1354/2806 2724/1357/2808 2725/1358/2809
f 2725/1358/2809 2724/1359/2808 2729/1360/2810
f 2729/1360/2810 2724/1359/2808 2728/1361/2811
f 2701/1362/1736 2727/1363/2812 2702/1364/1736
f 2702/1364/1736 2727/1363/2812 2726/1365/2813
f 2726/1366/2813 2727/1363/2812 2728/1367/2811
f 2728/1367/2811 2727/1363/2812 2729/1360/2810
f 2720/1368/2814 2705/1369/2815 2722/1370/2816
f 2722/1370/2816 2705/1369/2815 2706/1371/2816
f 2709/1372/2529 2711/1373/118 2723/1354/2817
f 2723/1354/2817 2711/1373/118 2721/1353/2805
f 2698/1374/44 2705/1369/2815 2700/1375/44
f 2700/1375/44 2705/1369/2815 2720/1368/2814
f 2722/1370/2816 2706/1371/2816 2724/1376/2818
f 2724/1376/2818 2706/1371/2816 2707/1377/2819
f 2708/1378/2820 2709/1372/2529 2725/1358/2821
f 2725/1358/2821 2709/1372/2529 2723/1354/2817
f 2697/1379/124 2702/1380/124 2703/1381/124
f 2703/1381/124 2702/1380/124 2726/1382/124
f 2724/1376/2818 2707/1377/2819 2728/1383/2822
f 2728/1383/2822 2707/1377/2819 2704/1384/2822
f 2729/1360/1747 2710/1385/2823 2725/1358/2821
f 2725/1358/2821 2710/1385/2823 2708/1378/2820
f 2703/1381/5 2726/1382/5 2704/1384/5
f 2704/1384/5 2726/1382/5 2728/1383/5
f 2699/1352/1725 2721/1353/2805 2701/1362/118
f 2701/1362/118 2721/1353/2805 2713/1386/118
f 2727/1363/118 2712/1387/118 2729/1360/1747
f 2729/1360/1747 2712/1387/118 2710/1385/2823
f 2713/1386/118 2721/1353/2805 2711/1373/118
f 2701/1362/118 2713/1386/118 2727/1363/118
f 2727/1363/118 2713/1386/118 2712/1387/118
f 2750/979/2824 2751/980/2825 2756/981/2826
f 2756/981/2826 2751/980/2825 2755/982/2826
f 2766/983/2827 2767/984/2828 2765/985/2829
f 2765/985/2829 2767/984/2828 2768/986/2830
f 2746/987/124 2747/988/124 2754/989/124
f 2754/989/124 2747/988/124 2753/990/124
f 2732/991/2831 2735/992/2832 2744/993/2833
f 2744/993/2833 2735/992/2832 2743/994/2834
f 2736/995/2835 2737/996/2836 2742/997/2837
f 2742/997/2837 2737/996/2836 2745/998/2838
f 2763/999/2839 2764/1000/2839 2734/1001/2840
f 2734/1001/2840 2764/1000/2839 2733/1002/2840
f 2747/1003/118 2761/1004/2841 2753/1005/118
f 2753/1005/118 2761/1004/2841 2762/1006/2842
f 2738/1007/2843 2739/1008/2843 2759/1009/2844
f 2759/1009/2844 2739/1008/2843 2758/1010/2845
f 2731/1011/2846 2730/1012/2846 2738/1007/2847
f 2738/1007/2847 2730/1012/2846 2739/1008/2847
f 2737/1013/2836 2736/1014/2835 2740/1015/2848
f 2740/1015/2848 2736/1014/2835 2741/1016/2848
f 2759/1017/118 2760/1018/118 2738/1019/118
f 2738/1019/118 2760/1018/118 2731/1020/118
f 2750/1021/118 2756/1022/118 2749/1023/2849
f 2749/1023/2849 2756/1022/118 2757/1024/2850
f 2750/979/2824 2742/997/2837 2751/980/2825
f 2751/980/2825 2742/997/2837 2745/998/2838
f 2731/1011/2846 2747/988/124 2730/1012/2846
f 2730/1012/2846 2747/988/124 2746/987/124
f 2761/1004/2841 2747/1003/118 2760/1018/118
f 2760/1018/118 2747/1003/118 2731/1020/118
f 2742/1025/118 2749/1023/2849 2736/1026/118
f 2736/1026/118 2749/1023/2849 2748/1027/2851
f 2750/1021/118 2749/1023/2849 2742/1025/118
f 2753/1005/118 2762/1006/2842 2734/1028/118
f 2734/1028/118 2762/1006/2842 2763/1029/118
f 2754/989/124 2753/990/124 2733/1002/2840
f 2733/1002/2840 2753/990/124 2734/1001/2840
f 2743/1030/2834 2756/981/2826 2744/1031/2833
f 2744/1031/2833 2756/981/2826 2755/982/2826
f 2757/1024/2850 2756/1022/118 2743/1032/118
f 2757/1024/2850 2743/1032/118 2752/1033/2852
f 2752/1033/2852 2743/1032/118 2735/1034/118
f 2759/1009/2844 2758/1010/2845 2741/1016/2848
f 2741/1016/2848 2758/1010/2845 2740/1015/2848
f 2736/1026/118 2760/1018/118 2741/1035/118
f 2741/1035/118 2760/1018/118 2759/1017/118
f 2748/1027/2851 2761/1004/2841 2736/1026/118
f 2736/1026/118 2761/1004/2841 2760/1018/118
f 2769/1036/2853 2765/985/2829 2770/1037/2854
f 2770/1037/2854 2765/985/2829 2768/986/2830
f 2762/1006/2842 2752/1033/2852 2763/1029/118
f 2763/1029/118 2752/1033/2852 2735/1034/118
f 2732/991/2831 2764/1000/2839 2735/992/2832
f 2735/992/2832 2764/1000/2839 2763/999/2839
f 2749/1038/2849 2766/983/2827 2748/1039/2851
f 2748/1039/2851 2766/983/2827 2765/985/2829
f 2749/1040/2849 2757/1041/2850 2766/983/2827
f 2766/983/2827 2757/1041/2850 2767/984/2828
f 2752/1042/2852 2768/986/2830 2757/1043/2850
f 2757/1043/2850 2768/986/2830 2767/984/2828
f 2762/1044/2842 2761/1045/2841 2770/1037/2854
f 2770/1037/2854 2761/1045/2841 2769/1036/2853
f 2761/1045/2841 2748/1046/2851 2769/1036/2853
f 2769/1036/2853 2748/1046/2851 2765/985/2829
f 2762/1044/2842 2770/1037/2854 2752/1047/2852
f 2752/1047/2852 2770/1037/2854 2768/986/2830
f 2772/1655/2855 2771/1656/2856 2777/1657/4
f 2773/1658/2857 2772/1655/2855 2777/1657/4
f 2774/1659/2858 2773/1658/2857 2777/1657/4
f 2775/1660/2859 2774/1659/2858 2777/1657/4
f 2776/1661/2860 2775/1660/2859 2777/1657/4
f 2777/1657/4 2771/1656/2856 2781/1662/4
f 2781/1662/4 2771/1656/2856 2779/1663/2861
f 2776/1661/2860 2777/1657/4 2780/1664/2862
f 2780/1664/2862 2777/1657/4 2781/1662/4
f 2784/1665/1534 2783/1666/1535 2771/1656/2856
f 2771/1656/2856 2783/1666/1535 2779/1663/2861
f 2771/1656/2856 2772/1655/2855 2784/1667/1534
f 2784/1667/1534 2772/1655/2855 2785/1668/1539
f 2772/1655/2855 2773/1658/2857 2785/1669/1539
f 2785/1669/1539 2773/1658/2857 2786/1670/1541
f 2773/1658/2857 2774/1659/2858 2786/1671/1541
f 2786/1671/1541 2774/1659/2858 2787/1672/1543
f 2775/1660/2859 2788/1673/1545 2774/1659/2858
f 2774/1659/2858 2788/1673/1545 2787/1674/1543
f 2776/1661/2860 2789/1675/1547 2775/1660/2859
f 2775/1660/2859 2789/1675/1547 2788/1676/1545
f 2789/1677/1547 2776/1661/2860 2790/1678/1548
f 2790/1678/1548 2776/1661/2860 2780/1664/2862
f 2791/1679/2863 2792/1680/1551 2794/1681/2864
f 2794/1681/2864 2792/1680/1551 2793/1682/1553
f 2791/1679/2863 2804/1683/2865 2792/1684/1551
f 2792/1684/1551 2804/1683/2865 2803/1685/1555
f 2794/1681/2864 2793/1686/1553 2796/1687/2866
f 2796/1687/2866 2793/1686/1553 2795/1688/1557
f 2796/1687/2866 2795/1689/1557 2798/1690/2867
f 2798/1690/2867 2795/1689/1557 2797/1691/1559
f 2797/1692/1559 2799/1693/1560 2798/1690/2867
f 2798/1690/2867 2799/1693/1560 2800/1694/2868
f 2799/1695/1560 2801/1696/1562 2800/1694/2868
f 2800/1694/2868 2801/1696/1562 2802/1697/2869
f 2802/1697/2869 2801/1698/1562 2805/1699/2870
f 2805/1699/2870 2801/1698/1562 2806/1700/1565
f 2784/1701/1534 2785/1702/1539 2792/1680/1551
f 2792/1680/1551 2785/1702/1539 2793/1682/1553
f 2785/1703/1539 2786/1704/1541 2793/1686/1553
f 2793/1686/1553 2786/1704/1541 2795/1688/1557
f 2786/1705/1541 2787/1706/1543 2795/1689/1557
f 2795/1689/1557 2787/1706/1543 2797/1691/1559
f 2788/1707/1545 2799/1693/1560 2787/1708/1543
f 2787/1708/1543 2799/1693/1560 2797/1692/1559
f 2789/1709/1547 2801/1696/1562 2788/1710/1545
f 2788/1710/1545 2801/1696/1562 2799/1695/1560
f 2778/1711/1566 2791/1679/2863 2794/1681/2864
f 2778/1711/1566 2794/1681/2864 2796/1687/2866
f 2778/1711/1566 2796/1687/2866 2798/1690/2867
f 2778/1711/1566 2798/1690/2867 2800/1694/2868
f 2778/1711/1566 2800/1694/2868 2802/1697/2869
f 2783/1712/1535 2784/1713/1534 2803/1685/1555
f 2803/1685/1555 2784/1713/1534 2792/1684/1551
f 2801/1698/1562 2789/1714/1547 2806/1700/1565
f 2806/1700/1565 2789/1714/1547 2790/1715/1548
f 2782/1716/5 2804/1683/2865 2778/1711/1566
f 2778/1711/1566 2804/1683/2865 2791/1679/2863
f 2802/1697/2869 2805/1699/2870 2778/1711/1566
f 2778/1711/1566 2805/1699/2870 2782/1716/5
f 2809/1063/683 2810/1061/683 2807/1062/683
f 2807/1062/683 2810/1061/683 2808/1060/683
f 2809/1064/2871 2811/1065/2871 2810/1061/2871
f 2810/1061/2871 2811/1065/2871 2812/1066/2871
f 2811/1067/118 2813/1068/118 2812/1066/118
f 2812/1066/118 2813/1068/118 2814/1069/118
f 2808/1060/2872 2810/1061/2872 2814/1069/2872
f 2814/1069/2872 2810/1061/2872 2812/1066/2872
f 2826/478/2873 2844/480/2874 2827/479/2875
f 2827/479/2875 2844/480/2874 2845/481/2876
f 2827/479/2875 2829/483/2877 2826/482/2873
f 2826/482/2873 2829/483/2877 2828/484/2878
f 2829/483/2877 2831/486/2879 2828/485/2878
f 2828/485/2878 2831/486/2879 2830/487/2880
f 2831/486/2879 2833/489/2881 2830/488/2880
f 2830/488/2880 2833/489/2881 2832/490/2882
f 2833/489/2881 2835/492/2883 2832/491/2882
f 2832/491/2882 2835/492/2883 2834/493/2884
f 2835/492/2883 2837/495/2885 2834/494/2884
f 2834/494/2884 2837/495/2885 2836/496/2886
f 2837/495/2885 2839/498/2887 2836/497/2886
f 2836/497/2886 2839/498/2887 2838/499/2888
f 2839/498/2887 2841/501/2889 2838/500/2888
f 2838/500/2888 2841/501/2889 2840/502/2890
f 2841/501/2889 2843/504/2891 2840/503/2890
f 2840/503/2890 2843/504/2891 2842/505/2892
f 2843/504/2891 2845/481/2876 2842/506/2892
f 2842/506/2892 2845/481/2876 2844/507/2874
f 2815/508/629 2826/482/2873 2816/509/630
f 2816/509/630 2826/482/2873 2828/484/2878
f 2816/510/630 2828/485/2878 2817/511/631
f 2817/511/631 2828/485/2878 2830/487/2880
f 2817/512/631 2830/488/2880 2818/513/632
f 2818/513/632 2830/488/2880 2832/490/2882
f 2818/514/632 2832/491/2882 2819/515/633
f 2819/515/633 2832/491/2882 2834/493/2884
f 2819/516/633 2834/494/2884 2820/517/634
f 2820/517/634 2834/494/2884 2836/496/2886
f 2820/518/634 2836/497/2886 2821/519/635
f 2821/519/635 2836/497/2886 2838/499/2888
f 2821/520/635 2838/500/2888 2822/521/636
f 2822/521/636 2838/500/2888 2840/502/2890
f 2822/522/636 2840/503/2890 2823/523/637
f 2823/523/637 2840/503/2890 2842/505/2892
f 2823/524/637 2842/506/2892 2824/525/638
f 2824/525/638 2842/506/2892 2844/507/2874
f 2824/526/638 2844/480/2874 2815/527/629
f 2815/527/629 2844/480/2874 2826/478/2873
f 2827/479/2875 2825/528/5 2829/483/2877
f 2829/483/2877 2825/528/5 2831/486/2879
f 2831/486/2879 2825/528/5 2833/489/2881
f 2833/489/2881 2825/528/5 2835/492/2883
f 2835/492/2883 2825/528/5 2837/495/2885
f 2837/495/2885 2825/528/5 2839/498/2887
f 2839/498/2887 2825/528/5 2841/501/2889
f 2841/501/2889 2825/528/5 2843/504/2891
f 2843/504/2891 2825/528/5 2845/481/2876
f 2845/481/2876 2825/528/5 2827/479/2875
f 2862/529/124 2859/531/124 2857/530/124
f 2857/530/124 2859/531/124 2858/532/124
f 2849/533/639 2848/535/641 2851/534/640
f 2851/534/640 2848/535/641 2850/536/640
f 2853/537/2893 2849/539/645 2851/538/5
f 2848/543/643 2852/541/2894 2850/542/4
f 2850/542/4 2852/541/2894 2854/540/4
f 2851/538/5 2847/544/5 2853/537/2893
f 2847/544/5 2875/545/5 2853/537/2895
f 2875/545/5 2876/546/5 2853/537/2895
f 2852/541/2894 2873/547/4 2854/540/4
f 2846/548/4 2854/540/4 2874/549/4
f 2873/547/4 2874/549/4 2854/540/4
f 2872/550/647 2867/551/649 2862/529/648
f 2862/529/648 2867/551/649 2859/531/648
f 2857/552/656 2870/554/657 2856/553/656
f 2856/553/656 2870/554/657 2871/555/658
f 2858/532/653 2869/556/654 2857/530/653
f 2857/530/653 2869/556/654 2870/557/655
f 2868/561/652 2869/559/651 2855/560/650
f 2855/560/650 2869/559/651 2858/558/650
f 2855/562/124 2858/532/124 2859/531/124
f 2859/531/663 2867/551/664 2855/562/665
f 2855/562/665 2867/551/664 2868/563/666
f 2871/565/662 2872/550/661 2856/564/660
f 2856/564/660 2872/550/661 2862/529/659
f 2857/530/124 2856/564/124 2862/529/124
f 2863/566/672 2868/563/666 2864/567/671
f 2864/567/671 2868/563/666 2867/551/664
f 2864/567/669 2867/551/649 2865/568/670
f 2865/568/670 2867/551/649 2872/550/647
f 2866/569/667 2865/568/668 2871/565/662
f 2871/565/662 2865/568/668 2872/550/661
f 2866/570/674 2871/555/658 2849/539/645
f 2849/539/645 2871/555/658 2870/554/657
f 2869/556/654 2848/535/641 2870/557/655
f 2870/557/655 2848/535/641 2849/533/639
f 2869/559/651 2868/561/652 2848/543/643
f 2848/543/643 2868/561/652 2863/571/673
f 2852/572/675 2863/566/672 2860/573/679
f 2860/573/679 2863/566/672 2864/567/671
f 2861/574/677 2860/573/678 2865/568/670
f 2865/568/670 2860/573/678 2864/567/669
f 2853/575/2896 2861/574/676 2866/569/667
f 2866/569/667 2861/574/676 2865/568/668
f 2853/537/2893 2866/570/674 2849/539/645
f 2848/543/643 2863/571/673 2852/541/2894
f 2873/576/680 2876/578/682 2874/577/681
f 2874/577/681 2876/578/682 2875/579/681
f 2846/580/683 2874/577/683 2847/581/683
f 2847/581/683 2874/577/683 2875/579/683
f 2873/576/680 2860/573/678 2876/578/682
f 2876/578/682 2860/573/678 2861/574/677
f 2873/576/124 2852/572/675 2860/573/679
f 2861/574/676 2853/575/2896 2876/578/124
f 2882/1717/2897 2890/1718/2898 2881/1719/2899
f 2881/1719/2899 2890/1718/2898 2889/1720/2900
f 2881/1719/2899 2883/1721/2901 2882/1717/2897
f 2882/1717/2897 2883/1721/2901 2879/1722/2902
f 2885/1723/2903 2888/1724/2904 2884/1725/2905
f 2884/1725/2905 2888/1724/2904 2887/1726/2906
f 2884/1725/2905 2880/1727/2907 2885/1723/2903
f 2885/1723/2903 2880/1727/2907 2886/1728/2908
f 2887/1726/2906 2888/1724/2904 2892/1729/2909
f 2892/1729/2909 2888/1724/2904 2893/1730/2910
f 2889/1720/2900 2890/1718/2898 2897/1731/2911
f 2897/1731/2911 2890/1718/2898 2898/1732/2912
f 2893/1730/2910 2897/1731/2911 2891/1733/2913
f 2891/1733/2913 2897/1731/2911 2896/1734/2914
f 2892/1735/2909 2891/1733/2913 2894/1736/2915
f 2894/1736/2915 2891/1733/2913 2895/1737/2916
f 2898/1738/2912 2900/1739/2917 2896/1734/2914
f 2896/1734/2914 2900/1739/2917 2899/1740/2918
f 2896/1734/2914 2899/1740/2918 2891/1733/2913
f 2891/1733/2913 2899/1740/2918 2895/1737/2916
f 2885/1723/2903 2886/1728/2908 2881/1719/2899
f 2881/1719/2899 2886/1728/2908 2883/1721/2901
f 2878/1741/2919 2880/1727/2907 2884/1725/2905
f 2879/1722/2902 2877/1742/2920 2882/1717/2897
f 2878/1741/2919 2884/1725/2905 2887/1726/2906
f 2881/1719/2899 2889/1720/2900 2885/1723/2903
f 2885/1723/2903 2889/1720/2900 2888/1724/2904
f 2882/1717/2897 2877/1742/2920 2890/1718/2898
f 2878/1741/2919 2887/1726/2906 2894/1743/2915
f 2894/1743/2915 2887/1726/2906 2892/1729/2909
f 2888/1724/2904 2889/1720/2900 2893/1730/2910
f 2893/1730/2910 2889/1720/2900 2897/1731/2911
f 2877/1742/2920 2900/1744/2917 2890/1718/2898
f 2890/1718/2898 2900/1744/2917 2898/1732/2912
f 2891/1733/2913 2892/1735/2909 2893/1730/2910
f 2896/1734/2914 2897/1731/2911 2898/1738/2912
f 2913/1720/2921 2914/1718/2922 2905/1719/2923
f 2905/1719/2923 2914/1718/2922 2906/1717/2924
f 2903/1722/2925 2907/1721/2926 2906/1717/2924
f 2906/1717/2924 2907/1721/2926 2905/1719/2923
f 2911/1726/2927 2912/1724/2928 2908/1725/2929
f 2908/1725/2929 2912/1724/2928 2909/1723/2930
f 2910/1728/2931 2904/1727/2932 2909/1723/2930
f 2909/1723/2930 2904/1727/2932 2908/1725/2929
f 2911/1726/2927 2916/1729/2933 2912/1724/2928
f 2912/1724/2928 2916/1729/2933 2917/1730/2934
f 2913/1720/2921 2921/1731/2935 2914/1718/2922
f 2914/1718/2922 2921/1731/2935 2922/1732/2936
f 2920/1734/2937 2921/1731/2935 2915/1733/2938
f 2915/1733/2938 2921/1731/2935 2917/1730/2934
f 2916/1735/2933 2918/1736/2939 2915/1733/2938
f 2915/1733/2938 2918/1736/2939 2919/1737/2940
f 2923/1740/2941 2924/1739/2942 2920/1734/2937
f 2920/1734/2937 2924/1739/2942 2922/1738/2936
f 2920/1734/2937 2915/1733/2938 2923/1740/2941
f 2923/1740/2941 2915/1733/2938 2919/1737/2940
f 2907/1721/2926 2910/1728/2931 2905/1719/2923
f 2905/1719/2923 2910/1728/2931 2909/1723/2930
f 2902/1741/2943 2908/1725/2929 2904/1727/2932
f 2903/1722/2925 2906/1717/2924 2901/1742/2944
f 2902/1741/2943 2911/1726/2927 2908/1725/2929
f 2912/1724/2928 2913/1720/2921 2909/1723/2930
f 2909/1723/2930 2913/1720/2921 2905/1719/2923
f 2906/1717/2924 2914/1718/2922 2901/1742/2944
f 2902/1741/2943 2918/1743/2939 2911/1726/2927
f 2911/1726/2927 2918/1743/2939 2916/1729/2933
f 2912/1724/2928 2917/1730/2934 2913/1720/2921
f 2913/1720/2921 2917/1730/2934 2921/1731/2935
f 2922/1732/2936 2924/1744/2942 2914/1718/2922
f 2914/1718/2922 2924/1744/2942 2901/1742/2944
f 2915/1733/2938 2917/1730/2934 2916/1735/2933
f 2920/1734/2937 2922/1738/2936 2921/1731/2935
f 2937/1720/2921 2938/1718/2922 2929/1719/2923
f 2929/1719/2923 2938/1718/2922 2930/1717/2924
f 2927/1722/2925 2931/1721/2926 2930/1717/2924
f 2930/1717/2924 2931/1721/2926 2929/1719/2923
f 2935/1726/2927 2936/1724/2928 2932/1725/2929
f 2932/1725/2929 2936/1724/2928 2933/1723/2930
f 2934/1728/2931 2928/1727/2932 2933/1723/2930
f 2933/1723/2930 2928/1727/2932 2932/1725/2929
f 2935/1726/2927 2940/1729/2933 2936/1724/2928
f 2936/1724/2928 2940/1729/2933 2941/1730/2934
f 2937/1720/2921 2945/1731/2935 2938/1718/2922
f 2938/1718/2922 2945/1731/2935 2946/1732/2936
f 2944/1734/2937 2945/1731/2935 2939/1733/2938
f 2939/1733/2938 2945/1731/2935 2941/1730/2934
f 2940/1735/2933 2942/1736/2939 2939/1733/2938
f 2939/1733/2938 2942/1736/2939 2943/1737/2940
f 2947/1740/2941 2948/1739/2942 2944/1734/2937
f 2944/1734/2937 2948/1739/2942 2946/1738/2936
f 2944/1734/2937 2939/1733/2938 2947/1740/2941
f 2947/1740/2941 2939/1733/2938 2943/1737/2940
f 2931/1721/2926 2934/1728/2931 2929/1719/2923
f 2929/1719/2923 2934/1728/2931 2933/1723/2930
f 2926/1741/2943 2932/1725/2929 2928/1727/2932
f 2927/1722/2925 2930/1717/2924 2925/1742/2944
f 2926/1741/2943 2935/1726/2927 2932/1725/2929
f 2936/1724/2928 2937/1720/2921 2933/1723/2930
f 2933/1723/2930 2937/1720/2921 2929/1719/2923
f 2930/1717/2924 2938/1718/2922 2925/1742/2944
f 2926/1741/2943 2942/1743/2939 2935/1726/2927
f 2935/1726/2927 2942/1743/2939 2940/1729/2933
f 2936/1724/2928 2941/1730/2934 2937/1720/2921
f 2937/1720/2921 2941/1730/2934 2945/1731/2935
f 2946/1732/2936 2948/1744/2942 2938/1718/2922
f 2938/1718/2922 2948/1744/2942 2925/1742/2944
f 2939/1733/2938 2941/1730/2934 2940/1735/2933
f 2944/1734/2937 2946/1738/2936 2945/1731/2935
f 2954/1717/2897 2962/1718/2898 2953/1719/2899
f 2953/1719/2899 2962/1718/2898 2961/1720/2900
f 2953/1719/2899 2955/1721/2901 2954/1717/2897
f 2954/1717/2897 2955/1721/2901 2951/1722/2902
f 2957/1723/2903 2960/1724/2904 2956/1725/2905
f 2956/1725/2905 2960/1724/2904 2959/1726/2906
f 2956/1725/2905 2952/1727/2907 2957/1723/2903
f 2957/1723/2903 2952/1727/2907 2958/1728/2908
f 2959/1726/2906 2960/1724/2904 2964/1729/2909
f 2964/1729/2909 2960/1724/2904 2965/1730/2910
f 2961/1720/2900 2962/1718/2898 2969/1731/2911
f 2969/1731/2911 2962/1718/2898 2970/1732/2912
f 2965/1730/2910 2969/1731/2911 2963/1733/2913
f 2963/1733/2913 2969/1731/2911 2968/1734/2914
f 2964/1735/2909 2963/1733/2913 2966/1736/2915
f 2966/1736/2915 2963/1733/2913 2967/1737/2916
f 2970/1738/2912 2972/1739/2917 2968/1734/2914
f 2968/1734/2914 2972/1739/2917 2971/1740/2918
f 2968/1734/2914 2971/1740/2918 2963/1733/2913
f 2963/1733/2913 2971/1740/2918 2967/1737/2916
f 2957/1723/2903 2958/1728/2908 2953/1719/2899
f 2953/1719/2899 2958/1728/2908 2955/1721/2901
f 2950/1741/2919 2952/1727/2907 2956/1725/2905
f 2951/1722/2902 2949/1742/2920 2954/1717/2897
f 2950/1741/2919 2956/1725/2905 2959/1726/2906
f 2953/1719/2899 2961/1720/2900 2957/1723/2903
f 2957/1723/2903 2961/1720/2900 2960/1724/2904
f 2954/1717/2897 2949/1742/2920 2962/1718/2898
f 2950/1741/2919 2959/1726/2906 2966/1743/2915
f 2966/1743/2915 2959/1726/2906 2964/1729/2909
f 2960/1724/2904 2961/1720/2900 2965/1730/2910
f 2965/1730/2910 2961/1720/2900 2969/1731/2911
f 2949/1742/2920 2972/1744/2917 2962/1718/2898
f 2962/1718/2898 2972/1744/2917 2970/1732/2912
f 2963/1733/2913 2964/1735/2909 2965/1730/2910
f 2968/1734/2914 2969/1731/2911 2970/1738/2912
f 2985/1720/2945 2986/1718/2946 2977/1719/2947
f 2977/1719/2947 2986/1718/2946 2978/1717/2948
f 2975/1722/2949 2979/1721/2950 2978/1717/2948
f 2978/1717/2948 2979/1721/2950 2977/1719/2947
f 2983/1726/2951 2984/1724/2952 2980/1725/2953
f 2980/1725/2953 2984/1724/2952 2981/1723/2954
f 2982/1728/2955 2976/1727/2956 2981/1723/2954
f 2981/1723/2954 2976/1727/2956 2980/1725/2953
f 2983/1726/2951 2988/1729/2957 2984/1724/2952
f 2984/1724/2952 2988/1729/2957 2989/1730/2958
f 2985/1720/2945 2993/1731/2959 2986/1718/2946
f 2986/1718/2946 2993/1731/2959 2994/1732/2960
f 2992/1734/2961 2993/1731/2959 2987/1733/2962
f 2987/1733/2962 2993/1731/2959 2989/1730/2958
f 2988/1735/2957 2990/1736/2963 2987/1733/2962
f 2987/1733/2962 2990/1736/2963 2991/1737/2964
f 2995/1740/2965 2996/1739/2966 2992/1734/2961
f 2992/1734/2961 2996/1739/2966 2994/1738/2960
f 2992/1734/2961 2987/1733/2962 2995/1740/2965
f 2995/1740/2965 2987/1733/2962 2991/1737/2964
f 2979/1721/2950 2982/1728/2955 2977/1719/2947
f 2977/1719/2947 2982/1728/2955 2981/1723/2954
f 2974/1741/2967 2980/1725/2953 2976/1727/2956
f 2975/1722/2949 2978/1717/2948 2973/1742/2968
f 2974/1741/2967 2983/1726/2951 2980/1725/2953
f 2984/1724/2952 2985/1720/2945 2981/1723/2954
f 2981/1723/2954 2985/1720/2945 2977/1719/2947
f 2978/1717/2948 2986/1718/2946 2973/1742/2968
f 2974/1741/2967 2990/1743/2963 2983/1726/2951
f 2983/1726/2951 2990/1743/2963 2988/1729/2957
f 2984/1724/2952 2989/1730/2958 2985/1720/2945
f 2985/1720/2945 2989/1730/2958 2993/1731/2959
f 2994/1732/2960 2996/1744/2966 2986/1718/2946
f 2986/1718/2946 2996/1744/2966 2973/1742/2968
f 2987/1733/2962 2989/1730/2958 2988/1735/2957
f 2992/1734/2961 2994/1738/2960 2993/1731/2959
f 3002/1717/2969 3010/1718/2970 3001/1719/2971
f 3001/1719/2971 3010/1718/2970 3009/1720/2972
f 3001/1719/2971 3003/1721/2973 3002/1717/2969
f 3002/1717/2969 3003/1721/2973 2999/1722/2974
f 3005/1723/2975 3008/1724/2976 3004/1725/2977
f 3004/1725/2977 3008/1724/2976 3007/1726/2978
f 3004/1725/2977 3000/1727/2979 3005/1723/2975
f 3005/1723/2975 3000/1727/2979 3006/1728/2980
f 3007/1726/2978 3008/1724/2976 3012/1729/2981
f 3012/1729/2981 3008/1724/2976 3013/1730/2982
f 3009/1720/2972 3010/1718/2970 3017/1731/2983
f 3017/1731/2983 3010/1718/2970 3018/1732/2984
f 3013/1730/2982 3017/1731/2983 3011/1733/2985
f 3011/1733/2985 3017/1731/2983 3016/1734/2986
f 3012/1735/2981 3011/1733/2985 3014/1736/2987
f 3014/1736/2987 3011/1733/2985 3015/1737/2988
f 3018/1738/2984 3020/1739/2989 3016/1734/2986
f 3016/1734/2986 3020/1739/2989 3019/1740/2990
f 3016/1734/2986 3019/1740/2990 3011/1733/2985
f 3011/1733/2985 3019/1740/2990 3015/1737/2988
f 3005/1723/2975 3006/1728/2980 3001/1719/2971
f 3001/1719/2971 3006/1728/2980 3003/1721/2973
f 2998/1741/2991 3000/1727/2979 3004/1725/2977
f 2999/1722/2974 2997/1742/2992 3002/1717/2969
f 2998/1741/2991 3004/1725/2977 3007/1726/2978
f 3001/1719/2971 3009/1720/2972 3005/1723/2975
f 3005/1723/2975 3009/1720/2972 3008/1724/2976
f 3002/1717/2969 2997/1742/2992 3010/1718/2970
f 2998/1741/2991 3007/1726/2978 3014/1743/2987
f 3014/1743/2987 3007/1726/2978 3012/1729/2981
f 3008/1724/2976 3009/1720/2972 3013/1730/2982
f 3013/1730/2982 3009/1720/2972 3017/1731/2983
f 2997/1742/2992 3020/1744/2989 3010/1718/2970
f 3010/1718/2970 3020/1744/2989 3018/1732/2984
f 3011/1733/2985 3012/1735/2981 3013/1730/2982
f 3016/1734/2986 3017/1731/2983 3018/1738/2984
f 3026/1717/2969 3034/1718/2970 3025/1719/2971
f 3025/1719/2971 3034/1718/2970 3033/1720/2972
f 3025/1719/2971 3027/1721/2973 3026/1717/2969
f 3026/1717/2969 3027/1721/2973 3023/1722/2974
f 3029/1723/2975 3032/1724/2976 3028/1725/2977
f 3028/1725/2977 3032/1724/2976 3031/1726/2978
f 3028/1725/2977 3024/1727/2979 3029/1723/2975
f 3029/1723/2975 3024/1727/2979 3030/1728/2980
f 3031/1726/2978 3032/1724/2976 3036/1729/2981
f 3036/1729/2981 3032/1724/2976 3037/1730/2982
f 3033/1720/2972 3034/1718/2970 3041/1731/2983
f 3041/1731/2983 3034/1718/2970 3042/1732/2984
f 3037/1730/2982 3041/1731/2983 3035/1733/2985
f 3035/1733/2985 3041/1731/2983 3040/1734/2986
f 3036/1735/2981 3035/1733/2985 3038/1736/2987
f 3038/1736/2987 3035/1733/2985 3039/1737/2988
f 3042/1738/2984 3044/1739/2989 3040/1734/2986
f 3040/1734/2986 3044/1739/2989 3043/1740/2990
f 3040/1734/2986 3043/1740/2990 3035/1733/2985
f 3035/1733/2985 3043/1740/2990 3039/1737/2988
f 3029/1723/2975 3030/1728/2980 3025/1719/2971
f 3025/1719/2971 3030/1728/2980 3027/1721/2973
f 3022/1741/2991 3024/1727/2979 3028/1725/2977
f 3023/1722/2974 3021/1742/2992 3026/1717/2969
f 3022/1741/2991 3028/1725/2977 3031/1726/2978
f 3025/1719/2971 3033/1720/2972 3029/1723/2975
f 3029/1723/2975 3033/1720/2972 3032/1724/2976
f 3026/1717/2969 3021/1742/2992 3034/1718/2970
f 3022/1741/2991 3031/1726/2978 3038/1743/2987
f 3038/1743/2987 3031/1726/2978 3036/1729/2981
f 3032/1724/2976 3033/1720/2972 3037/1730/2982
f 3037/1730/2982 3033/1720/2972 3041/1731/2983
f 3021/1742/2992 3044/1744/2989 3034/1718/2970
f 3034/1718/2970 3044/1744/2989 3042/1732/2984
f 3035/1733/2985 3036/1735/2981 3037/1730/2982
f 3040/1734/2986 3041/1731/2983 3042/1738/2984
f 3057/1720/2945 3058/1718/2946 3049/1719/2947
f 3049/1719/2947 3058/1718/2946 3050/1717/2948
f 3047/1722/2949 3051/1721/2950 3050/1717/2948
f 3050/1717/2948 3051/1721/2950 3049/1719/2947
f 3055/1726/2951 3056/1724/2952 3052/1725/2953
f 3052/1725/2953 3056/1724/2952 3053/1723/2954
f 3054/1728/2955 3048/1727/2956 3053/1723/2954
f 3053/1723/2954 3048/1727/2956 3052/1725/2953
f 3055/1726/2951 3060/1729/2957 3056/1724/2952
f 3056/1724/2952 3060/1729/2957 3061/1730/2958
f 3057/1720/2945 3065/1731/2959 3058/1718/2946
f 3058/1718/2946 3065/1731/2959 3066/1732/2960
f 3064/1734/2961 3065/1731/2959 3059/1733/2962
f 3059/1733/2962 3065/1731/2959 3061/1730/2958
f 3060/1735/2957 3062/1736/2963 3059/1733/2962
f 3059/1733/2962 3062/1736/2963 3063/1737/2964
f 3067/1740/2965 3068/1739/2966 3064/1734/2961
f 3064/1734/2961 3068/1739/2966 3066/1738/2960
f 3064/1734/2961 3059/1733/2962 3067/1740/2965
f 3067/1740/2965 3059/1733/2962 3063/1737/2964
f 3051/1721/2950 3054/1728/2955 3049/1719/2947
f 3049/1719/2947 3054/1728/2955 3053/1723/2954
f 3046/1741/2967 3052/1725/2953 3048/1727/2956
f 3047/1722/2949 3050/1717/2948 3045/1742/2968
f 3046/1741/2967 3055/1726/2951 3052/1725/2953
f 3056/1724/2952 3057/1720/2945 3053/1723/2954
f 3053/1723/2954 3057/1720/2945 3049/1719/2947
f 3050/1717/2948 3058/1718/2946 3045/1742/2968
f 3046/1741/2967 3062/1743/2963 3055/1726/2951
f 3055/1726/2951 3062/1743/2963 3060/1729/2957
f 3056/1724/2952 3061/1730/2958 3057/1720/2945
f 3057/1720/2945 3061/1730/2958 3065/1731/2959
f 3066/1732/2960 3068/1744/2966 3058/1718/2946
f 3058/1718/2946 3068/1744/2966 3045/1742/2968
f 3059/1733/2962 3061/1730/2958 3060/1735/2957
f 3064/1734/2961 3066/1738/2960 3065/1731/2959
f 3071/781/2993 3072/782/2993 3069/783/2994
f 3069/783/2994 3072/782/2993 3070/784/2995
f 3073/785/2996 3074/786/2996 3078/787/2997
f 3078/787/2997 3074/786/2996 3077/788/2998
f 3074/786/2999 3073/789/3000 3075/790/3001
f 3075/790/3001 3073/789/3000 3076/791/3002
f 3075/790/3003 3076/792/3003 3079/793/3003
f 3079/793/3003 3076/792/3003 3080/794/3003
f 3078/795/2997 3077/788/2998 3080/796/3004
f 3080/796/3004 3077/788/2998 3079/793/3004
f 3069/797/2994 3070/798/2995 3073/789/3000
f 3073/789/3000 3070/798/2995 3076/791/3002
f 3074/786/2999 3075/790/3001 3077/788/3005
f 3077/788/3005 3075/790/3001 3079/793/3005
f 3078/795/3006 3080/796/3007 3071/799/3006
f 3071/799/3006 3080/796/3007 3072/800/3007
f 3070/801/5 3072/802/5 3076/792/5
f 3076/792/5 3072/802/5 3080/794/5
f 3071/803/3006 3069/804/4 3078/787/3006
f 3078/787/3006 3069/804/4 3073/785/4
f 3083/1407/3008 3102/1408/3009 3085/1409/3010
f 3085/1409/3010 3102/1408/3009 3084/1410/3011
f 3085/1409/3010 3084/1410/3011 3087/1411/3012
f 3087/1411/3012 3084/1410/3011 3086/1412/3013
f 3087/1411/3012 3086/1412/3013 3089/1413/3014
f 3089/1413/3014 3086/1412/3013 3088/1414/3015
f 3089/1413/3014 3088/1414/3015 3091/1415/3016
f 3091/1415/3016 3088/1414/3015 3090/1416/3017
f 3091/1415/3016 3090/1416/3017 3093/1417/3018
f 3093/1417/3018 3090/1416/3017 3092/1418/3019
f 3093/1419/3018 3092/1420/3019 3095/1421/3020
f 3095/1421/3020 3092/1420/3019 3094/1422/3021
f 3095/1421/3020 3094/1422/3021 3097/1423/3022
f 3097/1423/3022 3094/1422/3021 3096/1424/3023
f 3097/1423/3022 3096/1424/3023 3099/1425/3024
f 3099/1425/3024 3096/1424/3023 3098/1426/3025
f 3099/1425/3024 3098/1426/3025 3101/1427/3026
f 3101/1427/3026 3098/1426/3025 3100/1428/3027
f 3101/1427/3026 3100/1428/3027 3083/1407/3008
f 3083/1407/3008 3100/1428/3027 3102/1408/3009
f 3103/1429/3028 3122/1430/3029 3105/1431/3030
f 3105/1431/3030 3122/1430/3029 3104/1432/3031
f 3105/1431/3030 3104/1432/3031 3107/1433/3032
f 3107/1433/3032 3104/1432/3031 3106/1434/3033
f 3107/1433/3032 3106/1434/3033 3109/1435/3034
f 3109/1435/3034 3106/1434/3033 3108/1436/3035
f 3109/1435/3034 3108/1436/3035 3111/1437/3036
f 3111/1437/3036 3108/1436/3035 3110/1438/3037
f 3111/1437/3036 3110/1438/3037 3113/1439/3038
f 3113/1439/3038 3110/1438/3037 3112/1440/3039
f 3113/1441/3038 3112/1442/3039 3115/1443/3040
f 3115/1443/3040 3112/1442/3039 3114/1444/3041
f 3115/1443/3040 3114/1444/3041 3117/1445/3042
f 3117/1445/3042 3114/1444/3041 3116/1446/3043
f 3117/1445/3042 3116/1446/3043 3119/1447/3044
f 3119/1447/3044 3116/1446/3043 3118/1448/3045
f 3119/1447/3044 3118/1448/3045 3121/1449/3046
f 3121/1449/3046 3118/1448/3045 3120/1450/3047
f 3121/1449/3046 3120/1450/3047 3103/1429/3028
f 3103/1429/3028 3120/1450/3047 3122/1430/3029
f 3083/1407/3008 3085/1409/3010 3122/1430/3029
f 3122/1430/3029 3085/1409/3010 3104/1432/3031
f 3085/1409/3010 3087/1411/3012 3104/1432/3031
f 3104/1432/3031 3087/1411/3012 3106/1434/3033
f 3087/1411/3012 3089/1413/3014 3106/1434/3033
f 3106/1434/3033 3089/1413/3014 3108/1436/3035
f 3089/1413/3014 3091/1415/3016 3108/1436/3035
f 3108/1436/3035 3091/1415/3016 3110/1438/3037
f 3091/1415/3016 3093/1417/3018 3110/1438/3037
f 3110/1438/3037 3093/1417/3018 3112/1440/3039
f 3093/1419/3018 3095/1421/3020 3112/1442/3039
f 3112/1442/3039 3095/1421/3020 3114/1444/3041
f 3095/1421/3020 3097/1423/3022 3114/1444/3041
f 3114/1444/3041 3097/1423/3022 3116/1446/3043
f 3097/1423/3022 3099/1425/3024 3116/1446/3043
f 3116/1446/3043 3099/1425/3024 3118/1448/3045
f 3099/1425/3024 3101/1427/3026 3118/1448/3045
f 3118/1448/3045 3101/1427/3026 3120/1450/3047
f 3101/1427/3026 3083/1407/3008 3120/1450/3047
f 3120/1450/3047 3083/1407/3008 3122/1430/3029
f 3084/1451/3011 3102/1452/3009 3081/1453/4
f 3086/1454/3013 3084/1451/3011 3081/1453/4
f 3088/1455/3015 3086/1454/3013 3081/1453/4
f 3090/1456/3017 3088/1455/3015 3081/1453/4
f 3092/1457/3019 3090/1456/3017 3081/1453/4
f 3094/1458/3021 3092/1457/3019 3081/1453/4
f 3096/1459/3023 3094/1458/3021 3081/1453/4
f 3098/1460/3025 3096/1459/3023 3081/1453/4
f 3100/1461/3027 3098/1460/3025 3081/1453/4
f 3102/1452/3009 3100/1461/3027 3081/1453/4
f 3103/1462/3028 3105/1463/3030 3082/1464/5
f 3105/1463/3030 3107/1465/3032 3082/1464/5
f 3107/1465/3032 3109/1466/3034 3082/1464/5
f 3109/1466/3034 3111/1467/3036 3082/1464/5
f 3111/1467/3036 3113/1468/3038 3082/1464/5
f 3113/1468/3038 3115/1469/3040 3082/1464/5
f 3115/1469/3040 3117/1470/3042 3082/1464/5
f 3117/1470/3042 3119/1471/3044 3082/1464/5
f 3119/1471/3044 3121/1472/3046 3082/1464/5
f 3121/1472/3046 3103/1462/3028 3082/1464/5
f 3221/1113/1124 3222/1114/1125 3233/1115/1126
f 3233/1115/1126 3222/1114/1125 3234/1116/1127
f 3222/1114/1125 3223/1117/1128 3234/1116/1127
f 3234/1116/1127 3223/1117/1128 3235/1118/1129
f 3223/1119/1128 3224/1120/1130 3235/1121/1129
f 3235/1121/1129 3224/1120/1130 3236/1122/1131
f 3224/1120/1130 3225/1123/1132 3236/1122/1131
f 3236/1122/1131 3225/1123/1132 3237/1124/1133
f 3225/1123/1132 3245/1125/1134 3237/1124/1133
f 3237/1124/1133 3245/1125/1134 3246/1126/1135
f 3226/1127/1136 3227/1128/1137 3238/1129/1138
f 3238/1129/1138 3227/1128/1137 3239/1130/1139
f 3227/1128/1137 3228/1131/1140 3239/1130/1139
f 3239/1130/1139 3228/1131/1140 3240/1132/1141
f 3228/1131/1140 3229/1133/1142 3240/1132/1141
f 3240/1132/1141 3229/1133/1142 3241/1134/1143
f 3229/1133/1142 3230/1135/1144 3241/1134/1143
f 3241/1134/1143 3230/1135/1144 3242/1136/1145
f 3230/1135/1144 3231/1137/1146 3242/1136/1145
f 3242/1136/1145 3231/1137/1146 3243/1138/1147
f 3231/1137/1146 3232/1139/1148 3243/1138/1147
f 3243/1138/1147 3232/1139/1148 3244/1140/1149
f 3247/1141/1150 3221/1113/1124 3248/1142/1151
f 3248/1142/1151 3221/1113/1124 3233/1115/1126
f 3259/1143/1152 3261/1144/1153 3260/1145/1154
f 3261/1144/1153 3262/1146/1155 3260/1145/1154
f 3262/1146/1155 3263/1147/1156 3260/1145/1154
f 3264/1148/1157 3265/1149/1158 3266/1150/1154
f 3265/1149/1158 3267/1151/1159 3266/1150/1154
f 3267/1151/1159 3268/1152/1160 3266/1150/1154
f 3268/1152/1160 3269/1153/1161 3266/1150/1154
f 3270/1154/1162 3259/1143/1152 3260/1145/1154
f 3266/1150/1154 3260/1145/1154 3264/1148/1157
f 3264/1148/1157 3260/1145/1154 3263/1147/1156
f 3269/1153/1161 3270/1154/1162 3266/1150/1154
f 3266/1150/1154 3270/1154/1162 3260/1145/1154
f 3232/1139/1148 3247/1141/1150 3244/1140/1149
f 3244/1140/1149 3247/1141/1150 3248/1142/1151
f 3238/1129/1138 3246/1126/1135 3226/1127/1136
f 3226/1127/1136 3246/1126/1135 3245/1125/1134
f 3233/1155/1126 3234/1156/1127 3249/1157/1163
f 3235/1158/1129 3250/1159/1164 3234/1156/1127
f 3234/1156/1127 3250/1159/1164 3249/1157/1163
f 3235/1158/1129 3236/1160/1131 3250/1159/1164
f 3250/1159/1164 3236/1160/1131 3251/1161/1165
f 3236/1160/1131 3237/1162/1133 3251/1161/1165
f 3246/1163/1135 3252/1164/1166 3237/1162/1133
f 3237/1162/1133 3252/1164/1166 3251/1161/1165
f 3252/1164/1166 3246/1163/1135 3253/1165/1167
f 3253/1165/1167 3246/1163/1135 3238/1166/1138
f 3238/1166/1138 3239/1167/1139 3253/1165/1167
f 3253/1165/1167 3239/1167/1139 3254/1168/1168
f 3239/1167/1139 3240/1169/1141 3254/1168/1168
f 3241/1170/1143 3255/1171/1169 3240/1169/1141
f 3240/1169/1141 3255/1171/1169 3254/1168/1168
f 3241/1170/1143 3242/1172/1145 3255/1171/1169
f 3255/1171/1169 3242/1172/1145 3256/1173/1170
f 3242/1172/1145 3243/1174/1147 3256/1173/1170
f 3244/1175/1149 3257/1176/1171 3243/1174/1147
f 3243/1174/1147 3257/1176/1171 3256/1173/1170
f 3244/1175/1149 3248/1177/1151 3257/1176/1171
f 3257/1176/1171 3248/1177/1151 3258/1178/1172
f 3248/1177/1151 3233/1155/1126 3258/1178/1172
f 3258/1178/1172 3233/1155/1126 3249/1157/1163
f 3250/1159/1164 3261/1179/1153 3249/1157/1163
f 3249/1157/1163 3261/1179/1153 3259/1180/1152
f 3250/1159/1164 3251/1161/1165 3261/1179/1153
f 3261/1179/1153 3251/1161/1165 3262/1181/1155
f 3251/1161/1165 3252/1164/1166 3262/1181/1155
f 3262/1181/1155 3252/1164/1166 3263/1182/1156
f 3254/1168/1168 3265/1183/1158 3253/1165/1167
f 3253/1165/1167 3265/1183/1158 3264/1184/1157
f 3255/1171/1169 3267/1185/1159 3254/1168/1168
f 3254/1168/1168 3267/1185/1159 3265/1183/1158
f 3255/1171/1169 3256/1173/1170 3267/1185/1159
f 3267/1185/1159 3256/1173/1170 3268/1186/1160
f 3256/1173/1170 3257/1176/1171 3268/1186/1160
f 3268/1186/1160 3257/1176/1171 3269/1187/1161
f 3249/1157/1163 3259/1180/1152 3258/1178/1172
f 3258/1178/1172 3259/1180/1152 3270/1188/1162
f 3264/1184/1157 3263/1182/1156 3253/1165/1167
f 3253/1165/1167 3263/1182/1156 3252/1164/1166
f 3269/1187/1161 3257/1176/1171 3270/1188/1162
f 3270/1188/1162 3257/1176/1171 3258/1178/1172
f 3271/1113/3060 3272/1114/3061 3283/1115/3062
f 3283/1115/3062 3272/1114/3061 3284/1116/3063
f 3272/1114/3061 3273/1117/3064 3284/1116/3063
f 3284/1116/3063 3273/1117/3064 3285/1118/3065
f 3273/1119/3064 3274/1120/3066 3285/1121/3065
f 3285/1121/3065 3274/1120/3066 3286/1122/3067
f 3274/1120/3066 3275/1123/3068 3286/1122/3067
f 3286/1122/3067 3275/1123/3068 3287/1124/3069
f 3275/1123/3068 3295/1125/3070 3287/1124/3069
f 3287/1124/3069 3295/1125/3070 3296/1126/3071
f 3276/1127/3072 3277/1128/3073 3288/1129/3074
f 3288/1129/3074 3277/1128/3073 3289/1130/3075
f 3277/1128/3073 3278/1131/3076 3289/1130/3075
f 3289/1130/3075 3278/1131/3076 3290/1132/3077
f 3278/1131/3076 3279/1133/3078 3290/1132/3077
f 3290/1132/3077 3279/1133/3078 3291/1134/3079
f 3279/1133/3078 3280/1135/3080 3291/1134/3079
f 3291/1134/3079 3280/1135/3080 3292/1136/3081
f 3280/1135/3080 3281/1137/3082 3292/1136/3081
f 3292/1136/3081 3281/1137/3082 3293/1138/3083
f 3281/1137/3082 3282/1139/3084 3293/1138/3083
f 3293/1138/3083 3282/1139/3084 3294/1140/3085
f 3297/1141/3086 3271/1113/3060 3298/1142/3087
f 3298/1142/3087 3271/1113/3060 3283/1115/3062
f 3309/1143/3088 3311/1144/3089 3310/1145/3090
f 3311/1144/3089 3312/1146/3091 3310/1145/3090
f 3312/1146/3091 3313/1147/3092 3310/1145/3090
f 3314/1148/3093 3315/1149/3094 3316/1150/3095
f 3315/1149/3094 3317/1151/3096 3316/1150/3095
f 3317/1151/3096 3318/1152/3097 3316/1150/3095
f 3318/1152/3097 3319/1153/3098 3316/1150/3095
f 3320/1154/3099 3309/1143/3088 3310/1145/3090
f 3316/1150/3095 3310/1145/3090 3314/1148/3093
f 3314/1148/3093 3310/1145/3090 3313/1147/3092
f 3319/1153/3098 3320/1154/3099 3316/1150/3095
f 3316/1150/3095 3320/1154/3099 3310/1145/3090
f 3282/1139/3084 3297/1141/3086 3294/1140/3085
f 3294/1140/3085 3297/1141/3086 3298/1142/3087
f 3288/1129/3074 3296/1126/3071 3276/1127/3072
f 3276/1127/3072 3296/1126/3071 3295/1125/3070
f 3283/1155/3062 3284/1156/3063 3299/1157/3100
f 3285/1158/3065 3300/1159/3101 3284/1156/3063
f 3284/1156/3063 3300/1159/3101 3299/1157/3100
f 3285/1158/3065 3286/1160/3067 3300/1159/3101
f 3300/1159/3101 3286/1160/3067 3301/1161/3102
f 3286/1160/3067 3287/1162/3069 3301/1161/3102
f 3296/1163/3071 3302/1164/3103 3287/1162/3069
f 3287/1162/3069 3302/1164/3103 3301/1161/3102
f 3302/1164/3103 3296/1163/3071 3303/1165/3104
f 3303/1165/3104 3296/1163/3071 3288/1166/3074
f 3288/1166/3074 3289/1167/3075 3303/1165/3104
f 3303/1165/3104 3289/1167/3075 3304/1168/3105
f 3289/1167/3075 3290/1169/3077 3304/1168/3105
f 3291/1170/3079 3305/1171/3106 3290/1169/3077
f 3290/1169/3077 3305/1171/3106 3304/1168/3105
f 3291/1170/3079 3292/1172/3081 3305/1171/3106
f 3305/1171/3106 3292/1172/3081 3306/1173/3107
f 3292/1172/3081 3293/1174/3083 3306/1173/3107
f 3294/1175/3085 3307/1176/3108 3293/1174/3083
f 3293/1174/3083 3307/1176/3108 3306/1173/3107
f 3294/1175/3085 3298/1177/3087 3307/1176/3108
f 3307/1176/3108 3298/1177/3087 3308/1178/3109
f 3298/1177/3087 3283/1155/3062 3308/1178/3109
f 3308/1178/3109 3283/1155/3062 3299/1157/3100
f 3300/1159/3101 3311/1179/3089 3299/1157/3100
f 3299/1157/3100 3311/1179/3089 3309/1180/3088
f 3300/1159/3101 3301/1161/3102 3311/1179/3089
f 3311/1179/3089 3301/1161/3102 3312/1181/3091
f 3301/1161/3102 3302/1164/3103 3312/1181/3091
f 3312/1181/3091 3302/1164/3103 3313/1182/3092
f 3304/1168/3105 3315/1183/3094 3303/1165/3104
f 3303/1165/3104 3315/1183/3094 3314/1184/3093
f 3305/1171/3106 3317/1185/3096 3304/1168/3105
f 3304/1168/3105 3317/1185/3096 3315/1183/3094
f 3305/1171/3106 3306/1173/3107 3317/1185/3096
f 3317/1185/3096 3306/1173/3107 3318/1186/3097
f 3306/1173/3107 3307/1176/3108 3318/1186/3097
f 3318/1186/3097 3307/1176/3108 3319/1187/3098
f 3299/1157/3100 3309/1180/3088 3308/1178/3109
f 3308/1178/3109 3309/1180/3088 3320/1188/3099
f 3314/1184/3093 3313/1182/3092 3303/1165/3104
f 3303/1165/3104 3313/1182/3092 3302/1164/3103
f 3319/1187/3098 3307/1176/3108 3320/1188/3099
f 3320/1188/3099 3307/1176/3108 3308/1178/3109
f 3321/1113/3110 3322/1114/3111 3333/1115/3112
f 3333/1115/3112 3322/1114/3111 3334/1116/3113
f 3322/1114/3111 3323/1117/3114 3334/1116/3113
f 3334/1116/3113 3323/1117/3114 3335/1118/3115
f 3323/1119/3114 3324/1120/3116 3335/1121/3115
f 3335/1121/3115 3324/1120/3116 3336/1122/3117
f 3324/1120/3116 3325/1123/3118 3336/1122/3117
f 3336/1122/3117 3325/1123/3118 3337/1124/3119
f 3325/1123/3118 3345/1125/3120 3337/1124/3119
f 3337/1124/3119 3345/1125/3120 3346/1126/3121
f 3326/1127/3122 3327/1128/3123 3338/1129/3124
f 3338/1129/3124 3327/1128/3123 3339/1130/3125
f 3327/1128/3123 3328/1131/3126 3339/1130/3125
f 3339/1130/3125 3328/1131/3126 3340/1132/3127
f 3328/1131/3126 3329/1133/3128 3340/1132/3127
f 3340/1132/3127 3329/1133/3128 3341/1134/3129
f 3329/1133/3128 3330/1135/3130 3341/1134/3129
f 3341/1134/3129 3330/1135/3130 3342/1136/3131
f 3330/1135/3130 3331/1137/3132 3342/1136/3131
f 3342/1136/3131 3331/1137/3132 3343/1138/3133
f 3331/1137/3132 3332/1139/3134 3343/1138/3133
f 3343/1138/3133 3332/1139/3134 3344/1140/3135
f 3347/1141/3136 3321/1113/3110 3348/1142/3137
f 3348/1142/3137 3321/1113/3110 3333/1115/3112
f 3359/1143/3138 3361/1144/3139 3360/1145/3140
f 3361/1144/3139 3362/1146/3141 3360/1145/3140
f 3362/1146/3141 3363/1147/3142 3360/1145/3140
f 3364/1148/3143 3365/1149/3144 3366/1150/3140
f 3365/1149/3144 3367/1151/3145 3366/1150/3140
f 3367/1151/3145 3368/1152/3146 3366/1150/3140
f 3368/1152/3146 3369/1153/3147 3366/1150/3140
f 3370/1154/3148 3359/1143/3138 3360/1145/3140
f 3366/1150/3140 3360/1145/3140 3364/1148/3143
f 3364/1148/3143 3360/1145/3140 3363/1147/3142
f 3369/1153/3147 3370/1154/3148 3366/1150/3140
f 3366/1150/3140 3370/1154/3148 3360/1145/3140
f 3332/1139/3134 3347/1141/3136 3344/1140/3135
f 3344/1140/3135 3347/1141/3136 3348/1142/3137
f 3338/1129/3124 3346/1126/3121 3326/1127/3122
f 3326/1127/3122 3346/1126/3121 3345/1125/3120
f 3333/1155/3112 3334/1156/3113 3349/1157/3149
f 3335/1158/3115 3350/1159/3150 3334/1156/3113
f 3334/1156/3113 3350/1159/3150 3349/1157/3149
f 3335/1158/3115 3336/1160/3117 3350/1159/3150
f 3350/1159/3150 3336/1160/3117 3351/1161/3151
f 3336/1160/3117 3337/1162/3119 3351/1161/3151
f 3346/1163/3121 3352/1164/3152 3337/1162/3119
f 3337/1162/3119 3352/1164/3152 3351/1161/3151
f 3352/1164/3152 3346/1163/3121 3353/1165/3153
f 3353/1165/3153 3346/1163/3121 3338/1166/3124
f 3338/1166/3124 3339/1167/3125 3353/1165/3153
f 3353/1165/3153 3339/1167/3125 3354/1168/3154
f 3339/1167/3125 3340/1169/3127 3354/1168/3154
f 3341/1170/3129 3355/1171/3155 3340/1169/3127
f 3340/1169/3127 3355/1171/3155 3354/1168/3154
f 3341/1170/3129 3342/1172/3131 3355/1171/3155
f 3355/1171/3155 3342/1172/3131 3356/1173/3156
f 3342/1172/3131 3343/1174/3133 3356/1173/3156
f 3344/1175/3135 3357/1176/3157 3343/1174/3133
f 3343/1174/3133 3357/1176/3157 3356/1173/3156
f 3344/1175/3135 3348/1177/3137 3357/1176/3157
f 3357/1176/3157 3348/1177/3137 3358/1178/3158
f 3348/1177/3137 3333/1155/3112 3358/1178/3158
f 3358/1178/3158 3333/1155/3112 3349/1157/3149
f 3350/1159/3150 3361/1179/3139 3349/1157/3149
f 3349/1157/3149 3361/1179/3139 3359/1180/3138
f 3350/1159/3150 3351/1161/3151 3361/1179/3139
f 3361/1179/3139 3351/1161/3151 3362/1181/3141
f 3351/1161/3151 3352/1164/3152 3362/1181/3141
f 3362/1181/3141 3352/1164/3152 3363/1182/3142
f 3354/1168/3154 3365/1183/3144 3353/1165/3153
f 3353/1165/3153 3365/1183/3144 3364/1184/3143
f 3355/1171/3155 3367/1185/3145 3354/1168/3154
f 3354/1168/3154 3367/1185/3145 3365/1183/3144
f 3355/1171/3155 3356/1173/3156 3367/1185/3145
f 3367/1185/3145 3356/1173/3156 3368/1186/3146
f 3356/1173/3156 3357/1176/3157 3368/1186/3146
f 3368/1186/3146 3357/1176/3157 3369/1187/3147
f 3349/1157/3149 3359/1180/3138 3358/1178/3158
f 3358/1178/3158 3359/1180/3138 3370/1188/3148
f 3364/1184/3143 3363/1182/3142 3353/1165/3153
f 3353/1165/3153 3363/1182/3142 3352/1164/3152
f 3369/1187/3147 3357/1176/3157 3370/1188/3148
f 3370/1188/3148 3357/1176/3157 3358/1178/3158
usemtl Raven_sketchfab:lambert6SG
f 9/17/5 11/18/5 10/19/5
f 10/19/5 11/18/5 12/20/5
f 13/21/5 15/22/5 14/23/5
f 14/23/5 15/22/5 16/24/5
f 17/25/6 18/26/6 19/27/6
f 19/27/6 18/26/6 20/28/6
f 21/29/6 19/30/6 22/26/6
f 22/26/6 19/30/6 23/28/6
f 24/21/4 25/23/4 26/22/4
f 26/22/4 25/23/4 27/24/4
f 28/17/4 29/19/4 30/18/4
f 30/18/4 29/19/4 31/20/4
f 32/21/4 33/23/4 34/22/4
f 34/22/4 33/23/4 35/24/4
f 36/17/4 37/19/4 38/18/4
f 38/18/4 37/19/4 39/20/4
f 40/17/5 42/18/5 41/19/5
f 41/19/5 42/18/5 43/20/5
f 44/21/5 46/22/5 45/23/5
f 45/23/5 46/22/5 47/24/5
f 48/25/7 50/27/7 49/26/7
f 49/26/7 50/27/7 51/28/7
f 52/29/7 53/26/7 50/30/7
f 50/30/7 53/26/7 54/28/7
f 129/121/4 131/122/4 128/123/4
f 128/123/4 131/122/4 130/124/4
f 3132/121/5 3131/123/5 3134/122/5
f 3131/123/5 3133/124/5 3134/122/5
f 3136/121/5 3135/123/5 3138/122/5
f 3135/123/5 3137/124/5 3138/122/5
f 3140/121/4 3142/122/4 3139/123/4
f 3139/123/4 3142/122/4 3141/124/4
f 3147/1753/3054 3145/1754/3055 3148/1755/3054
f 3148/1755/3054 3145/1754/3055 3146/1756/3055
f 3143/1757/3056 3147/1753/3054 3144/1758/3056
f 3144/1758/3056 3147/1753/3054 3148/1755/3054
f 3147/1759/3054 3151/1755/3054 3145/1760/3055
f 3145/1760/3055 3151/1755/3054 3150/1756/3055
f 3143/1757/3056 3149/1758/3056 3147/1759/3054
f 3147/1759/3054 3149/1758/3056 3151/1755/3054
f 3156/1753/3057 3157/1755/3057 3154/1754/3058
f 3157/1755/3057 3155/1756/3058 3154/1754/3058
f 3152/1757/3059 3153/1758/3059 3156/1753/3057
f 3153/1758/3059 3157/1755/3057 3156/1753/3057
f 3156/1759/3057 3154/1760/3058 3160/1755/3057
f 3154/1760/3058 3159/1756/3058 3160/1755/3057
f 3152/1757/3059 3156/1759/3057 3158/1758/3059
f 3156/1759/3057 3160/1755/3057 3158/1758/3059
usemtl Raven_sketchfab:lambert7SG
f 3123/1745/3048 3129/1746/3049 3130/1747/3050 3125/1748/3048
f 3127/1749/3051 3124/1750/3052 3126/1751/3052 3128/1752/3053
f 3129/1746/3049 3127/1749/3051 3128/1752/3053 3130/1747/3050
usemtl Raven_sketchfab:lambert8SG
f 3165/1761/124 3166/1762/124 3164/1763/124 3163/1764/124
f 3161/1765/124 3162/1766/124 3166/1762/124 3165/1761/124
f 3171/1761/5 3172/1762/5 3170/1763/5 3169/1764/5
f 3167/1765/5 3168/1766/5 3172/1762/5 3171/1761/5
f 3177/1761/124 3178/1762/124 3176/1763/124 3175/1764/124
f 3173/1765/124 3174/1766/124 3178/1762/124 3177/1761/124
f 3183/1761/5 3184/1762/5 3182/1763/5 3181/1764/5
f 3179/1765/5 3180/1766/5 3184/1762/5 3183/1761/5
f 3189/1761/124 3190/1762/124 3188/1763/124 3187/1764/124
f 3185/1765/124 3186/1766/124 3190/1762/124 3189/1761/124
f 3195/1761/5 3196/1762/5 3194/1763/5 3193/1764/5
f 3191/1765/5 3192/1766/5 3196/1762/5 3195/1761/5
f 3201/1767/124 3202/1768/124 3200/1763/124 3199/1764/124
f 3197/1769/124 3198/1770/124 3202/1768/124 3201/1767/124
f 3207/1767/5 3208/1768/5 3206/1763/5 3205/1764/5
f 3203/1769/5 3204/1770/5 3208/1768/5 3207/1767/5
f 3213/1767/124 3214/1768/124 3212/1763/124 3211/1764/124
f 3209/1769/124 3210/1770/124 3214/1768/124 3213/1767/124
f 3219/1767/5 3220/1768/5 3218/1763/5 3217/1764/5
f 3215/1769/5 3216/1770/5 3220/1768/5 3219/1767/5
